"Label (Grouping)","Adams County, Washington!!Estimate","Adams County, Washington!!Margin of Error","Adams County, Washington!!Percent","Adams County, Washington!!Percent Margin of Error","Asotin County, Washington!!Estimate","Asotin County, Washington!!Margin of Error","Asotin County, Washington!!Percent","Asotin County, Washington!!Percent Margin of Error","Benton County, Washington!!Estimate","Benton County, Washington!!Margin of Error","Benton County, Washington!!Percent","Benton County, Washington!!Percent Margin of Error","Chelan County, Washington!!Estimate","Chelan County, Washington!!Margin of Error","Chelan County, Washington!!Percent","Chelan County, Washington!!Percent Margin of Error","Clallam County, Washington!!Estimate","Clallam County, Washington!!Margin of Error","Clallam County, Washington!!Percent","Clallam County, Washington!!Percent Margin of Error","Clark County, Washington!!Estimate","Clark County, Washington!!Margin of Error","Clark County, Washington!!Percent","Clark County, Washington!!Percent Margin of Error","Columbia County, Washington!!Estimate","Columbia County, Washington!!Margin of Error","Columbia County, Washington!!Percent","Columbia County, Washington!!Percent Margin of Error","Cowlitz County, Washington!!Estimate","Cowlitz County, Washington!!Margin of Error","Cowlitz County, Washington!!Percent","Cowlitz County, Washington!!Percent Margin of Error","Douglas County, Washington!!Estimate","Douglas County, Washington!!Margin of Error","Douglas County, Washington!!Percent","Douglas County, Washington!!Percent Margin of Error","Ferry County, Washington!!Estimate","Ferry County, Washington!!Margin of Error","Ferry County, Washington!!Percent","Ferry County, Washington!!Percent Margin of Error","Franklin County, Washington!!Estimate","Franklin County, Washington!!Margin of Error","Franklin County, Washington!!Percent","Franklin County, Washington!!Percent Margin of Error","Garfield County, Washington!!Estimate","Garfield County, Washington!!Margin of Error","Garfield County, Washington!!Percent","Garfield County, Washington!!Percent Margin of Error","Grant County, Washington!!Estimate","Grant County, Washington!!Margin of Error","Grant County, Washington!!Percent","Grant County, Washington!!Percent Margin of Error","Grays Harbor County, Washington!!Estimate","Grays Harbor County, Washington!!Margin of Error","Grays Harbor County, Washington!!Percent","Grays Harbor County, Washington!!Percent Margin of Error","Island County, Washington!!Estimate","Island County, Washington!!Margin of Error","Island County, Washington!!Percent","Island County, Washington!!Percent Margin of Error","Jefferson County, Washington!!Estimate","Jefferson County, Washington!!Margin of Error","Jefferson County, Washington!!Percent","Jefferson County, Washington!!Percent Margin of Error","King County, Washington!!Estimate","King County, Washington!!Margin of Error","King County, Washington!!Percent","King County, Washington!!Percent Margin of Error","Kitsap County, Washington!!Estimate","Kitsap County, Washington!!Margin of Error","Kitsap County, Washington!!Percent","Kitsap County, Washington!!Percent Margin of Error","Kittitas County, Washington!!Estimate","Kittitas County, Washington!!Margin of Error","Kittitas County, Washington!!Percent","Kittitas County, Washington!!Percent Margin of Error","Klickitat County, Washington!!Estimate","Klickitat County, Washington!!Margin of Error","Klickitat County, Washington!!Percent","Klickitat County, Washington!!Percent Margin of Error","Lewis County, Washington!!Estimate","Lewis County, Washington!!Margin of Error","Lewis County, Washington!!Percent","Lewis County, Washington!!Percent Margin of Error","Lincoln County, Washington!!Estimate","Lincoln County, Washington!!Margin of Error","Lincoln County, Washington!!Percent","Lincoln County, Washington!!Percent Margin of Error","Mason County, Washington!!Estimate","Mason County, Washington!!Margin of Error","Mason County, Washington!!Percent","Mason County, Washington!!Percent Margin of Error","Okanogan County, Washington!!Estimate","Okanogan County, Washington!!Margin of Error","Okanogan County, Washington!!Percent","Okanogan County, Washington!!Percent Margin of Error","Pacific County, Washington!!Estimate","Pacific County, Washington!!Margin of Error","Pacific County, Washington!!Percent","Pacific County, Washington!!Percent Margin of Error","Pend Oreille County, Washington!!Estimate","Pend Oreille County, Washington!!Margin of Error","Pend Oreille County, Washington!!Percent","Pend Oreille County, Washington!!Percent Margin of Error","Pierce County, Washington!!Estimate","Pierce County, Washington!!Margin of Error","Pierce County, Washington!!Percent","Pierce County, Washington!!Percent Margin of Error","San Juan County, Washington!!Estimate","San Juan County, Washington!!Margin of Error","San Juan County, Washington!!Percent","San Juan County, Washington!!Percent Margin of Error","Skagit County, Washington!!Estimate","Skagit County, Washington!!Margin of Error","Skagit County, Washington!!Percent","Skagit County, Washington!!Percent Margin of Error","Skamania County, Washington!!Estimate","Skamania County, Washington!!Margin of Error","Skamania County, Washington!!Percent","Skamania County, Washington!!Percent Margin of Error","Snohomish County, Washington!!Estimate","Snohomish County, Washington!!Margin of Error","Snohomish County, Washington!!Percent","Snohomish County, Washington!!Percent Margin of Error","Spokane County, Washington!!Estimate","Spokane County, Washington!!Margin of Error","Spokane County, Washington!!Percent","Spokane County, Washington!!Percent Margin of Error","Stevens County, Washington!!Estimate","Stevens County, Washington!!Margin of Error","Stevens County, Washington!!Percent","Stevens County, Washington!!Percent Margin of Error","Thurston County, Washington!!Estimate","Thurston County, Washington!!Margin of Error","Thurston County, Washington!!Percent","Thurston County, Washington!!Percent Margin of Error","Wahkiakum County, Washington!!Estimate","Wahkiakum County, Washington!!Margin of Error","Wahkiakum County, Washington!!Percent","Wahkiakum County, Washington!!Percent Margin of Error","Walla Walla County, Washington!!Estimate","Walla Walla County, Washington!!Margin of Error","Walla Walla County, Washington!!Percent","Walla Walla County, Washington!!Percent Margin of Error","Whatcom County, Washington!!Estimate","Whatcom County, Washington!!Margin of Error","Whatcom County, Washington!!Percent","Whatcom County, Washington!!Percent Margin of Error","Whitman County, Washington!!Estimate","Whitman County, Washington!!Margin of Error","Whitman County, Washington!!Percent","Whitman County, Washington!!Percent Margin of Error","Yakima County, Washington!!Estimate","Yakima County, Washington!!Margin of Error","Yakima County, Washington!!Percent","Yakima County, Washington!!Percent Margin of Error"
"SEX AND AGE","","","","","","","","","","","","","","","","","","","","","","","","","","","","","","","","","","","","","","","","","","","","","","","","","","","","","","","","","","","","","","","","","","","","","","","","","","","","","","","","","","","","","","","","","","","","","","","","","","","","","","","","","","","","","","","","","","","","","","","","","","","","","","","","","","","","","","","","","","","","","","","","","","","","","","","","","","","",""
"    Total population","20,690","*****","20,690","(X)","22,424","*****","22,424","(X)","210,224","*****","210,224","(X)","79,518","*****","79,518","(X)","77,593","*****","77,593","(X)","510,516","*****","510,516","(X)","3,996","*****","3,996","(X)","111,539","*****","111,539","(X)","43,733","*****","43,733","(X)","7,326","*****","7,326","(X)","97,676","*****","97,676","(X)","2,326","*****","2,326","(X)","100,428","*****","100,428","(X)","76,397","*****","76,397","(X)","86,747","*****","86,747","(X)","33,313","*****","33,313","(X)","2,262,713","*****","2,262,713","(X)","276,581","*****","276,581","(X)","44,736","*****","44,736","(X)","23,082","*****","23,082","(X)","83,925","*****","83,925","(X)","11,271","*****","11,271","(X)","66,968","*****","66,968","(X)","42,811","*****","42,811","(X)","23,750","*****","23,750","(X)","13,811","*****","13,811","(X)","924,106","*****","924,106","(X)","18,266","*****","18,266","(X)","130,407","*****","130,407","(X)","12,276","*****","12,276","(X)","834,648","*****","834,648","(X)","544,323","*****","544,323","(X)","47,470","*****","47,470","(X)","296,640","*****","296,640","(X)","4,573","*****","4,573","(X)","62,102","*****","62,102","(X)","228,432","*****","228,432","(X)","47,042","*****","47,042","(X)","256,605","*****","256,605","(X)"
"        Male","10,606","±97","51.3%","±0.5","11,130","±128","49.6%","±0.6","105,883","±157","50.4%","±0.1","40,075","±168","50.4%","±0.2","38,288","±119","49.3%","±0.2","253,556","±90","49.7%","±0.1","2,009","±77","50.3%","±1.9","55,833","±145","50.1%","±0.1","22,622","±130","51.7%","±0.3","3,713","±60","50.7%","±0.8","50,261","±188","51.5%","±0.2","1,240","±91","53.3%","±3.9","51,304","±217","51.1%","±0.2","39,200","±118","51.3%","±0.2","43,645","±206","50.3%","±0.2","16,271","±135","48.8%","±0.4","1,146,257","*****","50.7%","*****","142,086","±119","51.4%","±0.1","22,497","±129","50.3%","±0.3","11,754","±86","50.9%","±0.4","42,271","±128","50.4%","±0.2","5,731","±63","50.8%","±0.6","34,904","±168","52.1%","±0.3","21,883","±60","51.1%","±0.1","11,798","±114","49.7%","±0.5","7,149","±88","51.8%","±0.6","464,029","*****","50.2%","*****","8,984","±48","49.2%","±0.3","64,927","±42","49.8%","±0.1","6,241","±78","50.8%","±0.6","420,882","±97","50.4%","±0.1","271,702","±46","49.9%","±0.1","23,831","±133","50.2%","±0.3","145,919","±87","49.2%","±0.1","2,312","±103","50.6%","±2.3","31,560","±347","50.8%","±0.6","113,336","±85","49.6%","±0.1","23,857","±146","50.7%","±0.3","128,666","±130","50.1%","±0.1"
"        Female","10,084","±97","48.7%","±0.5","11,294","±128","50.4%","±0.6","104,341","±157","49.6%","±0.1","39,443","±168","49.6%","±0.2","39,305","±119","50.7%","±0.2","256,960","±90","50.3%","±0.1","1,987","±77","49.7%","±1.9","55,706","±145","49.9%","±0.1","21,111","±130","48.3%","±0.3","3,613","±60","49.3%","±0.8","47,415","±188","48.5%","±0.2","1,086","±91","46.7%","±3.9","49,124","±217","48.9%","±0.2","37,197","±118","48.7%","±0.2","43,102","±206","49.7%","±0.2","17,042","±135","51.2%","±0.4","1,116,456","*****","49.3%","*****","134,495","±119","48.6%","±0.1","22,239","±129","49.7%","±0.3","11,328","±86","49.1%","±0.4","41,654","±128","49.6%","±0.2","5,540","±63","49.2%","±0.6","32,064","±168","47.9%","±0.3","20,928","±60","48.9%","±0.1","11,952","±114","50.3%","±0.5","6,662","±88","48.2%","±0.6","460,077","*****","49.8%","*****","9,282","±48","50.8%","±0.3","65,480","±42","50.2%","±0.1","6,035","±78","49.2%","±0.6","413,766","±97","49.6%","±0.1","272,621","±46","50.1%","±0.1","23,639","±133","49.8%","±0.3","150,721","±87","50.8%","±0.1","2,261","±103","49.4%","±2.3","30,542","±347","49.2%","±0.6","115,096","±85","50.4%","±0.1","23,185","±146","49.3%","±0.3","127,939","±130","49.9%","±0.1"
"        Sex ratio (males per 100 females)","105.2","±2.0","(X)","(X)","98.5","±2.2","(X)","(X)","101.5","±0.3","(X)","(X)","101.6","±0.9","(X)","(X)","97.4","±0.6","(X)","(X)","98.7","±0.1","(X)","(X)","101.1","±7.9","(X)","(X)","100.2","±0.5","(X)","(X)","107.2","±1.3","(X)","(X)","102.8","±3.4","(X)","(X)","106.0","±0.8","(X)","(X)","114.2","±18.0","(X)","(X)","104.4","±0.9","(X)","(X)","105.4","±0.7","(X)","(X)","101.3","±1.0","(X)","(X)","95.5","±1.5","(X)","(X)","102.7","*****","(X)","(X)","105.6","±0.2","(X)","(X)","101.2","±1.2","(X)","(X)","103.8","±1.5","(X)","(X)","101.5","±0.6","(X)","(X)","103.4","±2.3","(X)","(X)","108.9","±1.1","(X)","(X)","104.6","±0.6","(X)","(X)","98.7","±1.9","(X)","(X)","107.3","±2.7","(X)","(X)","100.9","*****","(X)","(X)","96.8","±1.0","(X)","(X)","99.2","±0.1","(X)","(X)","103.4","±2.6","(X)","(X)","101.7","±0.1","(X)","(X)","99.7","±0.1","(X)","(X)","100.8","±1.1","(X)","(X)","96.8","±0.1","(X)","(X)","102.3","±9.1","(X)","(X)","103.3","±2.3","(X)","(X)","98.5","±0.1","(X)","(X)","102.9","±1.3","(X)","(X)","100.6","±0.2","(X)","(X)"
"        Under 5 years","1,810","±8","8.7%","±0.1","1,284","±124","5.7%","±0.6","13,630","±37","6.5%","±0.1","4,441","±104","5.6%","±0.1","3,058","±21","3.9%","±0.1","29,132","*****","5.7%","*****","168","±34","4.2%","±0.8","6,401","±163","5.7%","±0.1","2,734","±79","6.3%","±0.2","299","±18","4.1%","±0.2","8,084","±107","8.3%","±0.1","82","±36","3.5%","±1.5","7,253","±92","7.2%","±0.1","3,610","±82","4.7%","±0.1","4,285","±50","4.9%","±0.1","840","±66","2.5%","±0.2","120,412","*****","5.3%","*****","14,671","*****","5.3%","*****","1,921","±45","4.3%","±0.1","1,046","±34","4.5%","±0.1","4,732","±81","5.6%","±0.1","586","±40","5.2%","±0.4","3,384","±94","5.1%","±0.1","2,373","±32","5.5%","±0.1","803","±43","3.4%","±0.2","593","±14","4.3%","±0.1","57,111","*****","6.2%","*****","524","±19","2.9%","±0.1","7,068","±26","5.4%","±0.1","483","±38","3.9%","±0.3","50,628","*****","6.1%","*****","30,694","*****","5.6%","*****","2,340","±91","4.9%","±0.2","16,139","*****","5.4%","*****","170","±31","3.7%","±0.7","3,084","±52","5.0%","±0.1","10,797","±62","4.7%","±0.1","1,941","±17","4.1%","±0.1","18,822","±122","7.3%","±0.1"
"        5 to 9 years","1,778","±274","8.6%","±1.3","930","±165","4.1%","±0.7","16,667","±812","7.9%","±0.4","4,813","±399","6.1%","±0.5","3,875","±301","5.0%","±0.4","32,970","±1,165","6.5%","±0.2","224","±69","5.6%","±1.7","7,073","±443","6.3%","±0.4","2,808","±288","6.4%","±0.7","412","±95","5.6%","±1.3","7,962","±663","8.2%","±0.7","98","±65","4.2%","±2.8","8,046","±438","8.0%","±0.4","3,877","±295","5.1%","±0.4","4,048","±354","4.7%","±0.4","1,021","±172","3.1%","±0.5","124,058","±1,979","5.5%","±0.1","15,393","±750","5.6%","±0.3","2,198","±265","4.9%","±0.6","1,047","±179","4.5%","±0.8","5,031","±425","6.0%","±0.5","641","±117","5.7%","±1.0","3,830","±391","5.7%","±0.6","2,697","±289","6.3%","±0.7","977","±125","4.1%","±0.5","779","±128","5.6%","±0.9","60,155","±1,531","6.5%","±0.2","509","±54","2.8%","±0.3","7,897","±432","6.1%","±0.3","681","±89","5.5%","±0.7","52,065","±1,255","6.2%","±0.2","33,285","±1,027","6.1%","±0.2","2,753","±224","5.8%","±0.5","17,762","±927","6.0%","±0.3","286","±90","6.3%","±2.0","3,437","±389","5.5%","±0.6","12,495","±669","5.5%","±0.3","2,318","±201","4.9%","±0.4","20,541","±844","8.0%","±0.3"
"        10 to 14 years","2,462","±270","11.9%","±1.3","1,352","±178","6.0%","±0.8","15,546","±812","7.4%","±0.4","5,766","±402","7.3%","±0.5","3,501","±302","4.5%","±0.4","34,430","±1,165","6.7%","±0.2","223","±52","5.6%","±1.3","7,320","±458","6.6%","±0.4","3,449","±291","7.9%","±0.7","329","±71","4.5%","±1.0","9,498","±654","9.7%","±0.7","127","±55","5.5%","±2.4","8,467","±442","8.4%","±0.4","4,936","±297","6.5%","±0.4","4,484","±340","5.2%","±0.4","1,306","±169","3.9%","±0.5","128,232","±1,980","5.7%","±0.1","15,721","±735","5.7%","±0.3","2,370","±272","5.3%","±0.6","1,396","±198","6.0%","±0.9","5,226","±420","6.2%","±0.5","757","±123","6.7%","±1.1","3,679","±357","5.5%","±0.5","2,801","±295","6.5%","±0.7","1,129","±114","4.8%","±0.5","722","±120","5.2%","±0.9","62,044","±1,531","6.7%","±0.2","833","±58","4.6%","±0.3","7,816","±427","6.0%","±0.3","534","±90","4.3%","±0.7","52,594","±1,254","6.3%","±0.2","33,965","±1,027","6.2%","±0.2","2,943","±214","6.2%","±0.5","18,109","±917","6.1%","±0.3","237","±79","5.2%","±1.7","3,911","±350","6.3%","±0.6","12,335","±661","5.4%","±0.3","1,806","±189","3.8%","±0.4","22,827","±858","8.9%","±0.3"
"        15 to 19 years","1,908","±68","9.2%","±0.3","1,277","±132","5.7%","±0.6","14,686","±146","7.0%","±0.1","4,775","±75","6.0%","±0.1","3,519","±155","4.5%","±0.2","32,692","±188","6.4%","±0.1","95","±55","2.4%","±1.4","6,690","±243","6.0%","±0.2","3,056","±79","7.0%","±0.2","318","±49","4.3%","±0.7","8,167","±164","8.4%","±0.2","193","±102","8.3%","±4.4","8,068","±138","8.0%","±0.1","4,444","±197","5.8%","±0.3","4,155","±178","4.8%","±0.2","969","±87","2.9%","±0.3","123,346","*****","5.5%","*****","14,887","±230","5.4%","±0.1","3,934","±431","8.8%","±1.0","972","±82","4.2%","±0.4","4,882","±133","5.8%","±0.2","699","±58","6.2%","±0.5","3,493","±163","5.2%","±0.2","2,303","±140","5.4%","±0.3","1,234","±130","5.2%","±0.5","767","±78","5.6%","±0.6","55,983","*****","6.1%","*****","714","±48","3.9%","±0.3","7,425","±78","5.7%","±0.1","654","±88","5.3%","±0.7","47,773","±85","5.7%","±0.1","34,152","±80","6.3%","±0.1","2,971","±142","6.3%","±0.3","16,525","±118","5.6%","±0.1","188","±71","4.1%","±1.5","5,352","±291","8.6%","±0.5","14,732","±204","6.4%","±0.1","5,772","±212","12.3%","±0.5","20,227","±94","7.9%","±0.1"
"        20 to 24 years","1,400","±43","6.8%","±0.2","1,188","±110","5.3%","±0.5","12,756","±167","6.1%","±0.1","4,515","±103","5.7%","±0.1","3,078","±125","4.0%","±0.2","29,901","±189","5.9%","±0.1","189","±75","4.7%","±1.9","6,068","±193","5.4%","±0.2","2,518","±47","5.8%","±0.1","305","±86","4.2%","±1.2","6,936","±174","7.1%","±0.2","74","±45","3.2%","±1.9","6,605","±89","6.6%","±0.1","3,529","±140","4.6%","±0.2","5,779","±259","6.7%","±0.3","943","±93","2.8%","±0.3","132,192","*****","5.8%","*****","19,485","±174","7.0%","±0.1","5,037","±415","11.3%","±0.9","1,198","±113","5.2%","±0.5","4,160","±140","5.0%","±0.2","519","±59","4.6%","±0.5","3,251","±182","4.9%","±0.3","2,017","±246","4.7%","±0.6","777","±85","3.3%","±0.4","828","±138","6.0%","±1.0","60,197","*****","6.5%","*****","589","±31","3.2%","±0.2","6,705","±105","5.1%","±0.1","476","±81","3.9%","±0.7","44,633","±115","5.3%","±0.1","35,080","±80","6.4%","±0.1","2,051","±57","4.3%","±0.1","16,675","±106","5.6%","±0.1","199","±73","4.4%","±1.6","5,318","±201","8.6%","±0.3","22,680","±182","9.9%","±0.1","10,848","±279","23.1%","±0.6","17,088","±141","6.7%","±0.1"
"        25 to 34 years","2,521","±56","12.2%","±0.3","2,518","±134","11.2%","±0.6","28,234","±331","13.4%","±0.2","9,762","±165","12.3%","±0.2","8,034","±121","10.4%","±0.2","69,628","*****","13.6%","*****","356","±94","8.9%","±2.3","14,194","±222","12.7%","±0.2","5,548","±77","12.7%","±0.2","542","±105","7.4%","±1.4","14,229","±258","14.6%","±0.3","163","±82","7.0%","±3.5","13,726","±169","13.7%","±0.2","8,928","±163","11.7%","±0.2","11,077","±252","12.8%","±0.3","2,904","±189","8.7%","±0.6","412,215","*****","18.2%","*****","40,052","±83","14.5%","±0.1","5,651","±210","12.6%","±0.5","2,483","±144","10.8%","±0.6","10,112","±144","12.0%","±0.2","942","±43","8.4%","±0.4","8,008","±156","12.0%","±0.2","4,983","±192","11.6%","±0.4","1,915","±98","8.1%","±0.4","1,234","±66","8.9%","±0.5","142,521","*****","15.4%","*****","1,559","±65","8.5%","±0.4","16,270","±101","12.5%","±0.1","1,248","±66","10.2%","±0.5","123,245","±131","14.8%","±0.1","81,074","±150","14.9%","±0.1","4,547","±140","9.6%","±0.3","42,450","±131","14.3%","±0.1","338","±88","7.4%","±1.9","7,449","±120","12.0%","±0.2","31,536","±175","13.8%","±0.1","6,576","±270","14.0%","±0.6","34,662","±168","13.5%","±0.1"
"        35 to 44 years","2,407","±96","11.6%","±0.5","2,492","±74","11.1%","±0.3","28,152","±182","13.4%","±0.1","10,009","±188","12.6%","±0.2","8,622","±173","11.1%","±0.2","69,689","*****","13.7%","*****","464","±136","11.6%","±3.4","13,610","±186","12.2%","±0.2","5,517","±140","12.6%","±0.3","769","±44","10.5%","±0.6","13,709","±293","14.0%","±0.3","239","±64","10.3%","±2.8","12,116","±186","12.1%","±0.2","9,176","±98","12.0%","±0.1","10,114","±243","11.7%","±0.3","3,156","±159","9.5%","±0.5","358,298","*****","15.8%","*****","36,023","±116","13.0%","±0.1","4,899","±173","11.0%","±0.4","2,878","±114","12.5%","±0.5","10,250","±101","12.2%","±0.1","1,243","±45","11.0%","±0.4","7,914","±123","11.8%","±0.2","4,964","±39","11.6%","±0.1","2,497","±141","10.5%","±0.6","1,309","±48","9.5%","±0.4","131,693","*****","14.3%","*****","1,936","±72","10.6%","±0.4","16,398","±83","12.6%","±0.1","1,459","±60","11.9%","±0.5","128,069","±184","15.3%","±0.1","72,388","±175","13.3%","±0.1","5,152","±115","10.9%","±0.2","42,470","±213","14.3%","±0.1","430","±97","9.4%","±2.1","7,464","±159","12.0%","±0.3","29,098","±164","12.7%","±0.1","4,717","±240","10.0%","±0.5","31,019","±180","12.1%","±0.1"
"        45 to 54 years","2,003","±40","9.7%","±0.2","2,549","±118","11.4%","±0.5","23,260","±231","11.1%","±0.1","8,615","±109","10.8%","±0.1","7,550","±144","9.7%","±0.2","65,307","*****","12.8%","*****","427","±83","10.7%","±2.1","13,279","±156","11.9%","±0.1","4,913","±60","11.2%","±0.1","861","±41","11.8%","±0.6","10,769","±220","11.0%","±0.2","279","±101","12.0%","±4.3","10,846","±144","10.8%","±0.1","8,948","±129","11.7%","±0.2","8,285","±250","9.6%","±0.3","3,297","±166","9.9%","±0.5","293,485","*****","13.0%","*****","30,759","±115","11.1%","±0.1","5,039","±259","11.3%","±0.6","2,791","±104","12.1%","±0.5","9,861","±131","11.7%","±0.2","1,245","±61","11.0%","±0.5","7,268","±94","10.9%","±0.1","4,839","±37","11.3%","±0.1","2,569","±127","10.8%","±0.5","1,523","±60","11.0%","±0.4","110,038","*****","11.9%","*****","2,080","±73","11.4%","±0.4","14,546","±69","11.2%","±0.1","1,713","±81","14.0%","±0.7","107,466","±191","12.9%","±0.1","63,071","±198","11.6%","±0.1","5,434","±92","11.4%","±0.2","35,420","±200","11.9%","±0.1","454","±113","9.9%","±2.5","6,645","±114","10.7%","±0.2","25,513","±159","11.2%","±0.1","3,585","±197","7.6%","±0.4","27,508","±175","10.7%","±0.1"
"        55 to 59 years","1,004","±124","4.9%","±0.6","1,469","±203","6.6%","±0.9","11,805","±604","5.6%","±0.3","4,923","±503","6.2%","±0.6","4,598","±459","5.9%","±0.6","31,508","±1,130","6.2%","±0.2","369","±93","9.2%","±2.3","7,380","±604","6.6%","±0.5","3,064","±311","7.0%","±0.7","565","±95","7.7%","±1.3","4,392","±411","4.5%","±0.4","94","±46","4.0%","±2.0","5,289","±521","5.3%","±0.5","5,231","±544","6.8%","±0.7","5,106","±489","5.9%","±0.6","2,602","±267","7.8%","±0.8","132,462","±2,170","5.9%","±0.1","18,392","±817","6.6%","±0.3","2,510","±290","5.6%","±0.6","1,594","±253","6.9%","±1.1","5,455","±460","6.5%","±0.5","723","±83","6.4%","±0.7","4,642","±426","6.9%","±0.6","2,742","±306","6.4%","±0.7","1,823","±212","7.7%","±0.9","1,230","±166","8.9%","±1.2","53,418","±1,427","5.8%","±0.2","1,345","±97","7.4%","±0.5","8,206","±399","6.3%","±0.3","922","±136","7.5%","±1.1","52,610","±1,409","6.3%","±0.2","31,083","±1,132","5.7%","±0.2","3,061","±337","6.4%","±0.7","17,120","±871","5.8%","±0.3","248","±81","5.4%","±1.8","3,481","±420","5.6%","±0.7","12,648","±616","5.5%","±0.3","1,864","±183","4.0%","±0.4","13,716","±821","5.3%","±0.3"
"        60 to 64 years","951","±128","4.6%","±0.6","1,846","±181","8.2%","±0.8","12,766","±620","6.1%","±0.3","5,608","±497","7.1%","±0.6","7,332","±458","9.4%","±0.6","32,247","±1,145","6.3%","±0.2","296","±69","7.4%","±1.7","7,762","±581","7.0%","±0.5","2,244","±311","5.1%","±0.7","717","±93","9.8%","±1.3","4,073","±399","4.2%","±0.4","288","±91","12.4%","±3.9","5,619","±515","5.6%","±0.5","6,280","±561","8.2%","±0.7","6,774","±489","7.8%","±0.6","3,094","±271","9.3%","±0.8","126,645","±2,170","5.6%","±0.1","18,333","±817","6.6%","±0.3","3,486","±281","7.8%","±0.6","1,929","±249","8.4%","±1.1","6,437","±461","7.7%","±0.5","1,005","±93","8.9%","±0.8","5,617","±428","8.4%","±0.6","3,275","±307","7.6%","±0.7","2,191","±203","9.2%","±0.9","1,097","±159","7.9%","±1.2","57,633","±1,427","6.2%","±0.2","1,775","±99","9.7%","±0.5","9,266","±396","7.1%","±0.3","1,234","±124","10.1%","±1.0","55,407","±1,413","6.6%","±0.2","36,976","±1,134","6.8%","±0.2","4,501","±320","9.5%","±0.7","19,646","±865","6.6%","±0.3","544","±101","11.9%","±2.2","3,888","±416","6.3%","±0.7","14,343","±616","6.3%","±0.3","2,159","±182","4.6%","±0.4","13,573","±816","5.3%","±0.3"
"        65 to 74 years","1,602","±82","7.7%","±0.4","3,132","±66","14.0%","±0.3","20,163","±151","9.6%","±0.1","9,771","±145","12.3%","±0.2","14,569","±94","18.8%","±0.1","51,806","±111","10.1%","±0.1","682","±48","17.1%","±1.2","13,087","±159","11.7%","±0.1","4,643","±107","10.6%","±0.2","1,465","±49","20.0%","±0.7","6,382","±179","6.5%","±0.2","447","±104","19.2%","±4.5","8,714","±131","8.7%","±0.1","11,104","±144","14.5%","±0.2","13,659","±166","15.7%","±0.2","8,080","±127","24.3%","±0.4","187,744","±97","8.3%","±0.1","32,537","±94","11.8%","±0.1","4,768","±49","10.7%","±0.1","3,679","±103","15.9%","±0.4","10,792","±125","12.9%","±0.1","1,763","±51","15.6%","±0.5","9,982","±110","14.9%","±0.2","6,159","±54","14.4%","±0.1","5,150","±148","21.7%","±0.6","2,417","±41","17.5%","±0.3","82,298","±101","8.9%","±0.1","3,953","±28","21.6%","±0.2","17,301","±25","13.3%","±0.1","1,825","±78","14.9%","±0.6","75,971","±129","9.1%","±0.1","56,730","±97","10.4%","±0.1","7,457","±67","15.7%","±0.1","33,583","±184","11.3%","±0.1","884","±123","19.3%","±2.7","6,837","±146","11.0%","±0.2","26,015","±106","11.4%","±0.1","3,124","±84","6.6%","±0.2","21,789","±123","8.5%","±0.1"
"        75 to 84 years","597","±112","2.9%","±0.5","1,687","±170","7.5%","±0.8","8,893","±543","4.2%","±0.3","4,357","±289","5.5%","±0.4","7,592","±340","9.8%","±0.4","22,915","±625","4.5%","±0.1","420","±45","10.5%","±1.1","6,530","±322","5.9%","±0.3","2,346","±199","5.4%","±0.5","561","±67","7.7%","±0.9","2,648","±283","2.7%","±0.3","199","±60","8.6%","±2.6","4,254","±217","4.2%","±0.2","4,919","±278","6.4%","±0.4","6,995","±286","8.1%","±0.3","4,001","±202","12.0%","±0.6","84,232","±1,565","3.7%","±0.1","15,584","±490","5.6%","±0.2","2,348","±162","5.2%","±0.4","1,701","±146","7.4%","±0.6","5,165","±256","6.2%","±0.3","932","±54","8.3%","±0.5","4,305","±304","6.4%","±0.5","2,693","±186","6.3%","±0.4","1,942","±150","8.2%","±0.6","963","±94","7.0%","±0.7","37,894","±817","4.1%","±0.1","1,991","±79","10.9%","±0.4","8,802","±261","6.7%","±0.2","713","±110","5.8%","±0.9","31,441","±806","3.8%","±0.1","25,504","±740","4.7%","±0.1","3,371","±154","7.1%","±0.3","15,172","±513","5.1%","±0.2","468","±70","10.2%","±1.5","3,302","±247","5.3%","±0.4","12,109","±498","5.3%","±0.2","1,800","±154","3.8%","±0.3","10,176","±491","4.0%","±0.2"
"        85 years and over","247","±73","1.2%","±0.4","700","±156","3.1%","±0.7","3,666","±530","1.7%","±0.3","2,163","±290","2.7%","±0.4","2,265","±317","2.9%","±0.4","8,291","±627","1.6%","±0.1","83","±36","2.1%","±0.9","2,145","±303","1.9%","±0.3","893","±175","2.0%","±0.4","183","±66","2.5%","±0.9","827","±187","0.8%","±0.2","43","±28","1.8%","±1.2","1,425","±231","1.4%","±0.2","1,415","±236","1.9%","±0.3","1,986","±268","2.3%","±0.3","1,100","±181","3.3%","±0.5","39,392","±1,550","1.7%","±0.1","4,744","±463","1.7%","±0.2","575","±155","1.3%","±0.3","368","±142","1.6%","±0.6","1,822","±235","2.2%","±0.3","216","±59","1.9%","±0.5","1,595","±302","2.4%","±0.5","965","±182","2.3%","±0.4","743","±144","3.1%","±0.6","349","±94","2.5%","±0.7","13,121","±815","1.4%","±0.1","458","±80","2.5%","±0.4","2,707","±262","2.1%","±0.2","334","±116","2.7%","±0.9","12,746","±799","1.5%","±0.1","10,321","±737","1.9%","±0.1","889","±150","1.9%","±0.3","5,569","±507","1.9%","±0.2","127","±53","2.8%","±1.2","1,934","±257","3.1%","±0.4","4,131","±488","1.8%","±0.2","532","±134","1.1%","±0.3","4,657","±500","1.8%","±0.2"
"        Median age (years)","29.2","±0.3","(X)","(X)","45.5","±0.6","(X)","(X)","36.2","±0.2","(X)","(X)","40.4","±0.4","(X)","(X)","51.8","±0.3","(X)","(X)","38.9","±0.2","(X)","(X)","52.1","±1.9","(X)","(X)","41.1","±0.4","(X)","(X)","38.4","±1.0","(X)","(X)","52.8","±0.7","(X)","(X)","30.8","±0.3","(X)","(X)","52.6","±4.3","(X)","(X)","33.5","±0.3","(X)","(X)","44.7","±0.2","(X)","(X)","44.5","±0.3","(X)","(X)","59.5","±0.3","(X)","(X)","37.3","±0.1","(X)","(X)","39.9","±0.2","(X)","(X)","37.9","±0.7","(X)","(X)","47.5","±0.5","(X)","(X)","42.4","±0.4","(X)","(X)","46.9","±0.5","(X)","(X)","44.8","±0.3","(X)","(X)","43.4","±0.3","(X)","(X)","54.9","±0.3","(X)","(X)","50.0","±0.4","(X)","(X)","36.8","±0.2","(X)","(X)","56.7","±0.3","(X)","(X)","41.9","±0.4","(X)","(X)","48.6","±1.0","(X)","(X)","38.4","±0.2","(X)","(X)","38.2","±0.2","(X)","(X)","46.8","±0.3","(X)","(X)","39.8","±0.3","(X)","(X)","54.8","±2.2","(X)","(X)","38.3","±0.6","(X)","(X)","38.2","±0.3","(X)","(X)","26.1","±0.4","(X)","(X)","33.2","±0.2","(X)","(X)"
"        Under 18 years","7,245","±68","35.0%","±0.3","4,393","±108","19.6%","±0.5","55,504","±118","26.4%","±0.1","18,117","±39","22.8%","±0.1","12,693","*****","16.4%","*****","118,096","*****","23.1%","*****","675","±78","16.9%","±1.9","25,242","*****","22.6%","*****","10,965","±32","25.1%","±0.1","1,237","±67","16.9%","±0.9","30,706","±41","31.4%","±0.1","399","±79","17.2%","±3.4","28,878","*****","28.8%","*****","15,273","±52","20.0%","±0.1","15,260","±39","17.6%","±0.1","3,845","±65","11.5%","±0.2","447,121","*****","19.8%","*****","55,124","*****","19.9%","*****","7,819","±72","17.5%","±0.2","4,246","±90","18.4%","±0.4","18,159","±19","21.6%","±0.1","2,479","±36","22.0%","±0.3","13,109","±112","19.6%","±0.2","9,537","*****","22.3%","*****","3,608","±72","15.2%","±0.3","2,662","±33","19.3%","±0.2","214,439","*****","23.2%","*****","2,331","±8","12.8%","±0.1","27,564","*****","21.1%","*****","2,084","±29","17.0%","±0.2","186,635","*****","22.4%","*****","118,425","*****","21.8%","*****","10,104","±38","21.3%","±0.1","62,593","*****","21.1%","*****","845","±85","18.5%","±1.8","12,885","±187","20.7%","±0.3","43,119","*****","18.9%","*****","7,385","*****","15.7%","*****","75,097","*****","29.3%","*****"
"        16 years and over","14,194","±149","68.6%","±0.7","18,573","±138","82.8%","±0.6","161,217","±395","76.7%","±0.2","63,416","±248","79.8%","±0.3","66,470","±170","85.7%","±0.2","406,229","±580","79.6%","±0.1","3,337","±80","83.5%","±2.0","89,190","±230","80.0%","±0.2","34,059","±150","77.9%","±0.3","6,204","±83","84.7%","±1.1","70,525","±274","72.2%","±0.3","2,008","±65","86.3%","±2.8","75,012","±271","74.7%","±0.3","62,918","±184","82.4%","±0.2","73,254","±184","84.4%","±0.2","29,896","±96","89.7%","±0.3","1,864,459","±919","82.4%","±0.1","227,461","±352","82.2%","±0.1","37,765","±113","84.4%","±0.3","19,418","±113","84.1%","±0.5","67,977","±172","81.0%","±0.2","9,146","±63","81.1%","±0.6","55,467","±204","82.8%","±0.3","34,281","±141","80.1%","±0.3","20,570","±120","86.6%","±0.5","11,508","±64","83.3%","±0.5","732,131","±745","79.2%","±0.1","16,243","±43","88.9%","±0.2","106,270","±184","81.5%","±0.1","10,439","±79","85.0%","±0.6","669,196","±580","80.2%","±0.1","438,738","±577","80.6%","±0.1","38,727","±150","81.6%","±0.3","241,254","±397","81.3%","±0.1","3,795","±80","83.0%","±1.7","50,787","±274","81.8%","±0.4","190,060","±331","83.2%","±0.1","40,563","±140","86.2%","±0.3","189,744","±400","73.9%","±0.2"
"        18 years and over","13,445","±68","65.0%","±0.3","18,031","±108","80.4%","±0.5","154,720","±118","73.6%","±0.1","61,401","±39","77.2%","±0.1","64,900","*****","83.6%","*****","392,420","*****","76.9%","*****","3,321","±78","83.1%","±1.9","86,297","*****","77.4%","*****","32,768","±32","74.9%","±0.1","6,089","±67","83.1%","±0.9","66,970","±41","68.6%","±0.1","1,927","±79","82.8%","±3.4","71,550","*****","71.2%","*****","61,124","±52","80.0%","±0.1","71,487","±39","82.4%","±0.1","29,468","±65","88.5%","±0.2","1,815,592","*****","80.2%","*****","221,457","*****","80.1%","*****","36,917","±72","82.5%","±0.2","18,836","±90","81.6%","±0.4","65,766","±19","78.4%","±0.1","8,792","±36","78.0%","±0.3","53,859","±112","80.4%","±0.2","33,274","*****","77.7%","*****","20,142","±72","84.8%","±0.3","11,149","±33","80.7%","±0.2","709,667","*****","76.8%","*****","15,935","±8","87.2%","±0.1","102,843","*****","78.9%","*****","10,192","±29","83.0%","±0.2","648,013","*****","77.6%","*****","425,898","*****","78.2%","*****","37,366","±38","78.7%","±0.1","234,047","*****","78.9%","*****","3,728","±85","81.5%","±1.8","49,217","±187","79.3%","±0.3","185,313","*****","81.1%","*****","39,657","*****","84.3%","*****","181,508","*****","70.7%","*****"
"        21 years and over","12,343","±140","59.7%","±0.7","17,362","±138","77.4%","±0.6","147,659","±392","70.2%","±0.2","59,160","±205","74.4%","±0.3","63,160","±159","81.4%","±0.2","376,165","±539","73.7%","±0.1","3,246","±83","81.2%","±2.1","82,936","±328","74.4%","±0.3","31,303","±173","71.6%","±0.4","5,945","±87","81.1%","±1.2","62,802","±312","64.3%","±0.3","1,805","±117","77.6%","±5.0","67,308","±304","67.0%","±0.3","58,788","±218","77.0%","±0.3","68,893","±260","79.4%","±0.3","28,994","±118","87.0%","±0.4","1,743,520","±1,351","77.1%","±0.1","211,817","±577","76.6%","±0.2","33,242","±469","74.3%","±1.0","18,422","±129","79.8%","±0.6","63,189","±210","75.3%","±0.2","8,454","±79","75.0%","±0.7","52,042","±195","77.7%","±0.3","32,334","±193","75.5%","±0.4","19,418","±163","81.8%","±0.7","10,784","±118","78.1%","±0.9","678,240","±841","73.4%","±0.1","15,552","±64","85.1%","±0.4","98,962","±271","75.9%","±0.2","9,869","±85","80.4%","±0.7","623,947","±846","74.8%","±0.1","404,384","±863","74.3%","±0.2","36,124","±122","76.1%","±0.3","225,098","±480","75.9%","±0.2","3,655","±101","79.9%","±2.2","44,654","±292","71.9%","±0.5","173,757","±746","76.1%","±0.3","32,128","±476","68.3%","±1.0","171,070","±424","66.7%","±0.2"
"        62 years and over","2,901","±109","14.0%","±0.5","6,626","±210","29.5%","±0.9","40,304","±567","19.2%","±0.3","19,861","±425","25.0%","±0.5","28,905","±484","37.3%","±0.6","101,486","±814","19.9%","±0.2","1,388","±89","34.7%","±2.2","26,331","±617","23.6%","±0.6","9,377","±259","21.4%","±0.6","2,659","±104","36.3%","±1.4","12,138","±394","12.4%","±0.4","869","±124","37.4%","±5.3","18,131","±503","18.1%","±0.5","21,452","±441","28.1%","±0.6","26,998","±475","31.1%","±0.5","15,185","±280","45.6%","±0.8","385,507","±2,191","17.0%","±0.1","64,421","±717","23.3%","±0.3","9,862","±245","22.0%","±0.5","6,970","±253","30.2%","±1.1","21,573","±401","25.7%","±0.5","3,533","±108","31.3%","±1.0","19,169","±375","28.6%","±0.6","11,680","±257","27.3%","±0.6","9,251","±250","39.0%","±1.1","4,325","±134","31.3%","±1.0","167,170","±1,388","18.1%","±0.2","7,603","±94","41.6%","±0.5","34,305","±430","26.3%","±0.3","3,623","±153","29.5%","±1.2","153,225","±1,368","18.4%","±0.2","114,059","±1,150","21.0%","±0.2","14,569","±288","30.7%","±0.6","66,339","±785","22.4%","±0.3","1,792","±138","39.2%","±3.0","14,337","±342","23.1%","±0.6","50,377","±555","22.1%","±0.2","6,744","±171","14.3%","±0.4","45,406","±756","17.7%","±0.3"
"        65 years and over","2,446","±38","11.8%","±0.2","5,519","±109","24.6%","±0.5","32,722","±110","15.6%","±0.1","16,291","±109","20.5%","±0.1","24,426","±66","31.5%","±0.1","83,012","±109","16.3%","±0.1","1,185","±62","29.7%","±1.6","21,762","±93","19.5%","±0.1","7,882","±57","18.0%","±0.1","2,209","±51","30.2%","±0.7","9,857","±164","10.1%","±0.2","689","±116","29.6%","±5.0","14,393","±114","14.3%","±0.1","17,438","±115","22.8%","±0.2","22,640","±127","26.1%","±0.1","13,181","±104","39.6%","±0.3","311,368","*****","13.8%","*****","52,865","*****","19.1%","*****","7,691","±82","17.2%","±0.2","5,748","±103","24.9%","±0.4","17,779","±75","21.2%","±0.1","2,911","±61","25.8%","±0.5","15,882","±69","23.7%","±0.1","9,817","±54","22.9%","±0.1","7,835","±142","33.0%","±0.6","3,729","±40","27.0%","±0.3","133,313","*****","14.4%","*****","6,402","±20","35.0%","±0.1","28,810","±37","22.1%","±0.1","2,872","±85","23.4%","±0.7","120,158","±112","14.4%","±0.1","92,555","±85","17.0%","±0.1","11,717","±73","24.7%","±0.2","54,324","±98","18.3%","±0.1","1,479","±125","32.3%","±2.7","12,073","±83","19.4%","±0.1","42,255","±72","18.5%","±0.1","5,456","±87","11.6%","±0.2","36,622","±72","14.3%","±0.1"
"        18 years and over","13,445","±68","13,445","(X)","18,031","±108","18,031","(X)","154,720","±118","154,720","(X)","61,401","±39","61,401","(X)","64,900","*****","64,900","(X)","392,420","*****","392,420","(X)","3,321","±78","3,321","(X)","86,297","*****","86,297","(X)","32,768","±32","32,768","(X)","6,089","±67","6,089","(X)","66,970","±41","66,970","(X)","1,927","±79","1,927","(X)","71,550","*****","71,550","(X)","61,124","±52","61,124","(X)","71,487","±39","71,487","(X)","29,468","±65","29,468","(X)","1,815,592","*****","1,815,592","(X)","221,457","*****","221,457","(X)","36,917","±72","36,917","(X)","18,836","±90","18,836","(X)","65,766","±19","65,766","(X)","8,792","±36","8,792","(X)","53,859","±112","53,859","(X)","33,274","*****","33,274","(X)","20,142","±72","20,142","(X)","11,149","±33","11,149","(X)","709,667","*****","709,667","(X)","15,935","±8","15,935","(X)","102,843","*****","102,843","(X)","10,192","±29","10,192","(X)","648,013","*****","648,013","(X)","425,898","*****","425,898","(X)","37,366","±38","37,366","(X)","234,047","*****","234,047","(X)","3,728","±85","3,728","(X)","49,217","±187","49,217","(X)","185,313","*****","185,313","(X)","39,657","*****","39,657","(X)","181,508","*****","181,508","(X)"
"            Male","6,895","±101","51.3%","±0.6","8,779","±87","48.7%","±0.4","77,351","±137","50.0%","±0.1","30,681","±142","50.0%","±0.2","31,713","±46","48.9%","±0.1","193,358","*****","49.3%","*****","1,639","±84","49.4%","±1.9","42,684","±83","49.5%","±0.1","16,797","±121","51.3%","±0.4","3,051","±49","50.1%","±0.6","35,075","±117","52.4%","±0.2","1,028","±69","53.3%","±2.9","36,645","±92","51.2%","±0.1","31,516","±93","51.6%","±0.1","35,820","±125","50.1%","±0.2","14,286","±116","48.5%","±0.4","917,677","*****","50.5%","*****","113,746","*****","51.4%","*****","18,568","±112","50.3%","±0.2","9,552","±57","50.7%","±0.3","32,913","±47","50.0%","±0.1","4,438","±55","50.5%","±0.5","28,105","±136","52.2%","±0.2","16,944","±35","50.9%","±0.1","9,966","±101","49.5%","±0.4","5,737","±69","51.5%","±0.5","354,071","*****","49.9%","*****","7,792","±17","48.9%","±0.1","50,829","±22","49.4%","±0.1","5,192","±74","50.9%","±0.7","325,121","*****","50.2%","*****","210,997","*****","49.5%","*****","18,581","±68","49.7%","±0.2","113,546","*****","48.5%","*****","1,842","±84","49.4%","±2.0","24,955","±250","50.7%","±0.6","91,121","±30","49.2%","±0.1","20,083","±89","50.6%","±0.2","90,320","±86","49.8%","±0.1"
"            Female","6,550","±79","48.7%","±0.6","9,252","±106","51.3%","±0.4","77,369","±51","50.0%","±0.1","30,720","±140","50.0%","±0.2","33,187","±45","51.1%","±0.1","199,062","*****","50.7%","*****","1,682","±63","50.6%","±1.9","43,613","±82","50.5%","±0.1","15,971","±125","48.7%","±0.4","3,038","±54","49.9%","±0.6","31,895","±100","47.6%","±0.2","899","±68","46.7%","±2.9","34,905","±90","48.8%","±0.1","29,608","±80","48.4%","±0.1","35,667","±105","49.9%","±0.2","15,182","±101","51.5%","±0.4","897,915","*****","49.5%","*****","107,711","*****","48.6%","*****","18,349","±73","49.7%","±0.2","9,284","±79","49.3%","±0.3","32,853","±44","50.0%","±0.1","4,354","±45","49.5%","±0.5","25,754","±110","47.8%","±0.2","16,330","±34","49.1%","±0.1","10,176","±58","50.5%","±0.4","5,412","±51","48.5%","±0.5","355,596","*****","50.1%","*****","8,143","±16","51.1%","±0.1","52,014","±20","50.6%","±0.1","5,000","±64","49.1%","±0.7","322,892","*****","49.8%","*****","214,901","*****","50.5%","*****","18,785","±63","50.3%","±0.2","120,501","*****","51.5%","*****","1,886","±85","50.6%","±2.0","24,262","±322","49.3%","±0.6","94,192","±29","50.8%","±0.1","19,574","±90","49.4%","±0.2","91,188","±86","50.2%","±0.1"
"            Sex ratio (males per 100 females)","105.3","±2.6","(X)","(X)","94.9","±1.7","(X)","(X)","100.0","±0.2","(X)","(X)","99.9","±0.9","(X)","(X)","95.6","±0.3","(X)","(X)","97.1","*****","(X)","(X)","97.4","±7.4","(X)","(X)","97.9","±0.4","(X)","(X)","105.2","±1.6","(X)","(X)","100.4","±2.6","(X)","(X)","110.0","±0.7","(X)","(X)","114.3","±13.2","(X)","(X)","105.0","±0.5","(X)","(X)","106.4","±0.6","(X)","(X)","100.4","±0.6","(X)","(X)","94.1","±1.3","(X)","(X)","102.2","*****","(X)","(X)","105.6","*****","(X)","(X)","101.2","±1.0","(X)","(X)","102.9","±1.2","(X)","(X)","100.2","±0.3","(X)","(X)","101.9","±2.2","(X)","(X)","109.1","±0.9","(X)","(X)","103.8","±0.4","(X)","(X)","97.9","±1.4","(X)","(X)","106.0","±2.2","(X)","(X)","99.6","*****","(X)","(X)","95.7","±0.4","(X)","(X)","97.7","±0.1","(X)","(X)","103.8","±2.8","(X)","(X)","100.7","*****","(X)","(X)","98.2","*****","(X)","(X)","98.9","±0.7","(X)","(X)","94.2","*****","(X)","(X)","97.7","±7.6","(X)","(X)","102.9","±2.3","(X)","(X)","96.7","±0.1","(X)","(X)","102.6","±0.9","(X)","(X)","99.0","±0.2","(X)","(X)"
"        65 years and over","2,446","±38","2,446","(X)","5,519","±109","5,519","(X)","32,722","±110","32,722","(X)","16,291","±109","16,291","(X)","24,426","±66","24,426","(X)","83,012","±109","83,012","(X)","1,185","±62","1,185","(X)","21,762","±93","21,762","(X)","7,882","±57","7,882","(X)","2,209","±51","2,209","(X)","9,857","±164","9,857","(X)","689","±116","689","(X)","14,393","±114","14,393","(X)","17,438","±115","17,438","(X)","22,640","±127","22,640","(X)","13,181","±104","13,181","(X)","311,368","*****","311,368","(X)","52,865","*****","52,865","(X)","7,691","±82","7,691","(X)","5,748","±103","5,748","(X)","17,779","±75","17,779","(X)","2,911","±61","2,911","(X)","15,882","±69","15,882","(X)","9,817","±54","9,817","(X)","7,835","±142","7,835","(X)","3,729","±40","3,729","(X)","133,313","*****","133,313","(X)","6,402","±20","6,402","(X)","28,810","±37","28,810","(X)","2,872","±85","2,872","(X)","120,158","±112","120,158","(X)","92,555","±85","92,555","(X)","11,717","±73","11,717","(X)","54,324","±98","54,324","(X)","1,479","±125","1,479","(X)","12,073","±83","12,073","(X)","42,255","±72","42,255","(X)","5,456","±87","5,456","(X)","36,622","±72","36,622","(X)"
"            Male","1,186","±37","48.5%","±0.9","2,593","±64","47.0%","±0.6","15,400","±83","47.1%","±0.2","7,796","±105","47.9%","±0.4","11,371","±59","46.6%","±0.1","38,034","±72","45.8%","±0.1","550","±24","46.4%","±2.2","10,318","±82","47.4%","±0.2","3,751","±53","47.6%","±0.6","1,109","±15","50.2%","±1.2","4,814","±109","48.8%","±0.7","357","±65","51.8%","±5.3","6,877","±79","47.8%","±0.4","8,313","±65","47.7%","±0.3","10,570","±84","46.7%","±0.3","6,217","±90","47.2%","±0.6","140,659","*****","45.2%","*****","24,595","*****","46.5%","*****","3,768","±34","49.0%","±0.5","2,830","±70","49.2%","±0.9","8,558","±33","48.1%","±0.2","1,476","±43","50.7%","±1.0","7,731","±47","48.7%","±0.2","4,921","±15","50.1%","±0.3","3,812","±92","48.7%","±0.6","1,894","±36","50.8%","±0.6","60,195","*****","45.2%","*****","3,142","±18","49.1%","±0.2","13,480","±30","46.8%","±0.1","1,453","±36","50.6%","±0.8","54,640","±112","45.5%","±0.1","42,267","±55","45.7%","±0.1","5,745","±38","49.0%","±0.2","24,222","±49","44.6%","±0.1","765","±86","51.7%","±3.4","5,493","±67","45.5%","±0.5","19,658","±53","46.5%","±0.1","2,557","±65","46.9%","±1.0","16,999","±99","46.4%","±0.2"
"            Female","1,260","±18","51.5%","±0.9","2,926","±63","53.0%","±0.6","17,322","±64","52.9%","±0.2","8,495","±61","52.1%","±0.4","13,055","±27","53.4%","±0.1","44,978","±94","54.2%","±0.1","635","±53","53.6%","±2.2","11,444","±56","52.6%","±0.2","4,131","±53","52.4%","±0.6","1,100","±49","49.8%","±1.2","5,043","±105","51.2%","±0.7","332","±72","48.2%","±5.3","7,516","±77","52.2%","±0.4","9,125","±82","52.3%","±0.3","12,070","±88","53.3%","±0.3","6,964","±106","52.8%","±0.6","170,709","*****","54.8%","*****","28,270","*****","53.5%","*****","3,923","±72","51.0%","±0.5","2,918","±79","50.8%","±0.9","9,221","±62","51.9%","±0.2","1,435","±40","49.3%","±1.0","8,151","±51","51.3%","±0.2","4,896","±50","49.9%","±0.3","4,023","±79","51.3%","±0.6","1,835","±24","49.2%","±0.6","73,118","*****","54.8%","*****","3,260","±8","50.9%","±0.2","15,330","±25","53.2%","±0.1","1,419","±59","49.4%","±0.8","65,518","*****","54.5%","±0.1","50,288","±60","54.3%","±0.1","5,972","±53","51.0%","±0.2","30,102","±68","55.4%","±0.1","714","±74","48.3%","±3.4","6,580","±80","54.5%","±0.5","22,597","±59","53.5%","±0.1","2,899","±73","53.1%","±1.0","19,623","±85","53.6%","±0.2"
"            Sex ratio (males per 100 females)","94.1","±3.4","(X)","(X)","88.6","±2.1","(X)","(X)","88.9","±0.6","(X)","(X)","91.8","±1.5","(X)","(X)","87.1","±0.5","(X)","(X)","84.6","±0.3","(X)","(X)","86.6","±7.5","(X)","(X)","90.2","±0.9","(X)","(X)","90.8","±2.1","(X)","(X)","100.8","±4.8","(X)","(X)","95.5","±2.7","(X)","(X)","107.5","±22.9","(X)","(X)","91.5","±1.3","(X)","(X)","91.1","±1.0","(X)","(X)","87.6","±0.9","(X)","(X)","89.3","±2.3","(X)","(X)","82.4","*****","(X)","(X)","87.0","*****","(X)","(X)","96.0","±1.9","(X)","(X)","97.0","±3.7","(X)","(X)","92.8","±0.7","(X)","(X)","102.9","±4.0","(X)","(X)","94.8","±0.8","(X)","(X)","100.5","±1.1","(X)","(X)","94.8","±2.3","(X)","(X)","103.2","±2.5","(X)","(X)","82.3","*****","(X)","(X)","96.4","±0.6","(X)","(X)","87.9","±0.2","(X)","(X)","102.4","±3.4","(X)","(X)","83.4","±0.2","(X)","(X)","84.0","±0.1","(X)","(X)","96.2","±0.9","(X)","(X)","80.5","±0.2","(X)","(X)","107.1","±14.4","(X)","(X)","83.5","±1.7","(X)","(X)","87.0","±0.4","(X)","(X)","88.2","±3.5","(X)","(X)","86.6","±0.8","(X)","(X)"
"RACE","","","","","","","","","","","","","","","","","","","","","","","","","","","","","","","","","","","","","","","","","","","","","","","","","","","","","","","","","","","","","","","","","","","","","","","","","","","","","","","","","","","","","","","","","","","","","","","","","","","","","","","","","","","","","","","","","","","","","","","","","","","","","","","","","","","","","","","","","","","","","","","","","","","","","","","","","","","",""
"    Total population","20,690","*****","20,690","(X)","22,424","*****","22,424","(X)","210,224","*****","210,224","(X)","79,518","*****","79,518","(X)","77,593","*****","77,593","(X)","510,516","*****","510,516","(X)","3,996","*****","3,996","(X)","111,539","*****","111,539","(X)","43,733","*****","43,733","(X)","7,326","*****","7,326","(X)","97,676","*****","97,676","(X)","2,326","*****","2,326","(X)","100,428","*****","100,428","(X)","76,397","*****","76,397","(X)","86,747","*****","86,747","(X)","33,313","*****","33,313","(X)","2,262,713","*****","2,262,713","(X)","276,581","*****","276,581","(X)","44,736","*****","44,736","(X)","23,082","*****","23,082","(X)","83,925","*****","83,925","(X)","11,271","*****","11,271","(X)","66,968","*****","66,968","(X)","42,811","*****","42,811","(X)","23,750","*****","23,750","(X)","13,811","*****","13,811","(X)","924,106","*****","924,106","(X)","18,266","*****","18,266","(X)","130,407","*****","130,407","(X)","12,276","*****","12,276","(X)","834,648","*****","834,648","(X)","544,323","*****","544,323","(X)","47,470","*****","47,470","(X)","296,640","*****","296,640","(X)","4,573","*****","4,573","(X)","62,102","*****","62,102","(X)","228,432","*****","228,432","(X)","47,042","*****","47,042","(X)","256,605","*****","256,605","(X)"
"        One race","16,547","±699","80.0%","±3.4","21,034","±250","93.8%","±1.1","183,614","±2,153","87.3%","±1.0","70,279","±1,303","88.4%","±1.6","70,785","±610","91.2%","±0.8","456,600","±2,683","89.4%","±0.5","3,471","±94","86.9%","±2.3","101,297","±1,001","90.8%","±0.9","39,013","±792","89.2%","±1.8","6,576","±147","89.8%","±2.0","77,118","±2,463","79.0%","±2.5","2,202","±64","94.7%","±2.7","85,254","±1,706","84.9%","±1.7","70,290","±784","92.0%","±1.0","78,386","±796","90.4%","±0.9","30,666","±324","92.1%","±1.0","2,022,701","±5,046","89.4%","±0.2","244,526","±1,528","88.4%","±0.6","40,703","±528","91.0%","±1.2","21,129","±356","91.5%","±1.5","75,304","±725","89.7%","±0.9","10,778","±109","95.6%","±1.0","59,984","±622","89.6%","±0.9","37,362","±902","87.3%","±2.1","21,877","±292","92.1%","±1.2","12,529","±288","90.7%","±2.1","794,290","±3,854","86.0%","±0.4","17,108","±118","93.7%","±0.6","119,497","±1,053","91.6%","±0.8","11,510","±144","93.8%","±1.2","745,310","±3,212","89.3%","±0.4","499,122","±2,018","91.7%","±0.4","44,354","±343","93.4%","±0.7","260,918","±1,971","88.0%","±0.7","4,241","±126","92.7%","±2.8","56,133","±727","90.4%","±1.2","206,919","±1,605","90.6%","±0.7","42,042","±663","89.4%","±1.4","198,927","±3,406","77.5%","±1.3"
"        Two or More Races","4,143","±699","20.0%","±3.4","1,390","±250","6.2%","±1.1","26,610","±2,153","12.7%","±1.0","9,239","±1,303","11.6%","±1.6","6,808","±610","8.8%","±0.8","53,916","±2,683","10.6%","±0.5","525","±94","13.1%","±2.3","10,242","±1,001","9.2%","±0.9","4,720","±792","10.8%","±1.8","750","±147","10.2%","±2.0","20,558","±2,463","21.0%","±2.5","124","±64","5.3%","±2.7","15,174","±1,706","15.1%","±1.7","6,107","±784","8.0%","±1.0","8,361","±796","9.6%","±0.9","2,647","±324","7.9%","±1.0","240,012","±5,046","10.6%","±0.2","32,055","±1,528","11.6%","±0.6","4,033","±528","9.0%","±1.2","1,953","±356","8.5%","±1.5","8,621","±725","10.3%","±0.9","493","±109","4.4%","±1.0","6,984","±622","10.4%","±0.9","5,449","±902","12.7%","±2.1","1,873","±292","7.9%","±1.2","1,282","±288","9.3%","±2.1","129,816","±3,854","14.0%","±0.4","1,158","±118","6.3%","±0.6","10,910","±1,053","8.4%","±0.8","766","±144","6.2%","±1.2","89,338","±3,212","10.7%","±0.4","45,201","±2,018","8.3%","±0.4","3,116","±343","6.6%","±0.7","35,722","±1,971","12.0%","±0.7","332","±126","7.3%","±2.8","5,969","±727","9.6%","±1.2","21,513","±1,605","9.4%","±0.7","5,000","±663","10.6%","±1.4","57,678","±3,406","22.5%","±1.3"
"        One race","16,547","±699","80.0%","±3.4","21,034","±250","93.8%","±1.1","183,614","±2,153","87.3%","±1.0","70,279","±1,303","88.4%","±1.6","70,785","±610","91.2%","±0.8","456,600","±2,683","89.4%","±0.5","3,471","±94","86.9%","±2.3","101,297","±1,001","90.8%","±0.9","39,013","±792","89.2%","±1.8","6,576","±147","89.8%","±2.0","77,118","±2,463","79.0%","±2.5","2,202","±64","94.7%","±2.7","85,254","±1,706","84.9%","±1.7","70,290","±784","92.0%","±1.0","78,386","±796","90.4%","±0.9","30,666","±324","92.1%","±1.0","2,022,701","±5,046","89.4%","±0.2","244,526","±1,528","88.4%","±0.6","40,703","±528","91.0%","±1.2","21,129","±356","91.5%","±1.5","75,304","±725","89.7%","±0.9","10,778","±109","95.6%","±1.0","59,984","±622","89.6%","±0.9","37,362","±902","87.3%","±2.1","21,877","±292","92.1%","±1.2","12,529","±288","90.7%","±2.1","794,290","±3,854","86.0%","±0.4","17,108","±118","93.7%","±0.6","119,497","±1,053","91.6%","±0.8","11,510","±144","93.8%","±1.2","745,310","±3,212","89.3%","±0.4","499,122","±2,018","91.7%","±0.4","44,354","±343","93.4%","±0.7","260,918","±1,971","88.0%","±0.7","4,241","±126","92.7%","±2.8","56,133","±727","90.4%","±1.2","206,919","±1,605","90.6%","±0.7","42,042","±663","89.4%","±1.4","198,927","±3,406","77.5%","±1.3"
"            White","9,880","±739","47.8%","±3.6","19,939","±210","88.9%","±0.9","151,940","±1,908","72.3%","±0.9","54,714","±707","68.8%","±0.9","64,256","±506","82.8%","±0.7","394,562","±2,218","77.3%","±0.4","3,256","±70","81.5%","±1.8","94,551","±914","84.8%","±0.8","27,075","±437","61.9%","±1.0","5,401","±108","73.7%","±1.5","50,552","±1,736","51.8%","±1.8","2,116","±113","91.0%","±4.9","59,225","±1,562","59.0%","±1.6","61,800","±732","80.9%","±1.0","68,853","±582","79.4%","±0.7","28,880","±444","86.7%","±1.3","1,283,809","±4,373","56.7%","±0.2","211,514","±1,117","76.5%","±0.4","36,844","±477","82.4%","±1.1","19,495","±422","84.5%","±1.8","70,150","±686","83.6%","±0.8","10,226","±87","90.7%","±0.8","52,450","±665","78.3%","±1.0","28,456","±519","66.5%","±1.2","19,663","±301","82.8%","±1.3","11,909","±250","86.2%","±1.8","608,874","±2,348","65.9%","±0.3","16,129","±118","88.3%","±0.6","100,207","±1,031","76.8%","±0.8","10,754","±192","87.6%","±1.6","554,564","±2,845","66.4%","±0.3","456,164","±1,549","83.8%","±0.3","41,194","±316","86.8%","±0.7","219,738","±1,533","74.1%","±0.5","3,938","±131","86.1%","±2.9","46,780","±698","75.3%","±1.1","179,842","±1,332","78.7%","±0.6","36,086","±562","76.7%","±1.2","135,600","±2,925","52.8%","±1.1"
"            Black or African American","77","±70","0.4%","±0.3","213","±100","0.9%","±0.4","3,563","±480","1.7%","±0.2","470","±145","0.6%","±0.2","670","±158","0.9%","±0.2","10,778","±781","2.1%","±0.2","28","±39","0.7%","±1.0","779","±270","0.7%","±0.2","209","±67","0.5%","±0.2","13","±11","0.2%","±0.2","1,888","±342","1.9%","±0.4","30","±37","1.3%","±1.6","1,221","±205","1.2%","±0.2","1,241","±108","1.6%","±0.1","2,367","±322","2.7%","±0.4","125","±71","0.4%","±0.2","147,642","±2,478","6.5%","±0.1","7,310","±699","2.6%","±0.3","475","±107","1.1%","±0.2","166","±41","0.7%","±0.2","648","±177","0.8%","±0.2","59","±33","0.5%","±0.3","689","±152","1.0%","±0.2","698","±337","1.6%","±0.8","138","±85","0.6%","±0.4","41","±54","0.3%","±0.4","66,212","±2,204","7.2%","±0.2","48","±39","0.3%","±0.2","1,132","±189","0.9%","±0.1","34","±23","0.3%","±0.2","30,319","±1,148","3.6%","±0.1","10,866","±767","2.0%","±0.1","186","±113","0.4%","±0.2","9,863","±754","3.3%","±0.3","50","±30","1.1%","±0.7","1,095","±217","1.8%","±0.3","2,011","±328","0.9%","±0.1","766","±181","1.6%","±0.4","2,094","±302","0.8%","±0.1"
"            American Indian and Alaska Native","516","±323","2.5%","±1.6","233","±159","1.0%","±0.7","1,998","±466","1.0%","±0.2","915","±333","1.2%","±0.4","2,815","±301","3.6%","±0.4","3,002","±544","0.6%","±0.1","16","±20","0.4%","±0.5","1,243","±355","1.1%","±0.3","399","±188","0.9%","±0.4","962","±146","13.1%","±2.0","1,466","±856","1.5%","±0.9","1","±2","0.0%","±0.1","1,413","±387","1.4%","±0.4","3,168","±389","4.1%","±0.5","864","±250","1.0%","±0.3","380","±105","1.1%","±0.3","14,612","±1,180","0.6%","±0.1","2,726","±348","1.0%","±0.1","222","±116","0.5%","±0.3","294","±121","1.3%","±0.5","897","±232","1.1%","±0.3","242","±103","2.1%","±0.9","1,309","±425","2.0%","±0.6","3,723","±451","8.7%","±1.1","451","±113","1.9%","±0.5","268","±89","1.9%","±0.6","10,197","±1,048","1.1%","±0.1","95","±40","0.5%","±0.2","2,014","±434","1.5%","±0.3","179","±79","1.5%","±0.6","8,547","±896","1.0%","±0.1","5,624","±610","1.0%","±0.1","1,864","±198","3.9%","±0.4","3,444","±537","1.2%","±0.2","9","±13","0.2%","±0.3","775","±416","1.2%","±0.7","4,292","±440","1.9%","±0.2","346","±132","0.7%","±0.3","8,691","±782","3.4%","±0.3"
"                Aztec","195","±264","0.9%","±1.3","0","±25","0.0%","±0.2","572","±345","0.3%","±0.2","112","±112","0.1%","±0.1","0","±31","0.0%","±0.1","416","±247","0.1%","±0.1","0","±13","0.0%","±1.0","66","±81","0.1%","±0.1","74","±160","0.2%","±0.4","0","±19","0.0%","±0.5","286","±291","0.3%","±0.3","1","±2","0.0%","±0.1","159","±156","0.2%","±0.2","25","±28","0.0%","±0.1","125","±143","0.1%","±0.2","0","±28","0.0%","±0.1","1,995","±778","0.1%","±0.1","143","±154","0.1%","±0.1","0","±28","0.0%","±0.1","0","±25","0.0%","±0.2","40","±62","0.0%","±0.1","9","±16","0.1%","±0.1","17","±28","0.0%","±0.1","5","±9","0.0%","±0.1","0","±25","0.0%","±0.2","0","±21","0.0%","±0.3","941","±416","0.1%","±0.1","0","±21","0.0%","±0.2","226","±259","0.2%","±0.2","0","±21","0.0%","±0.3","1,017","±461","0.1%","±0.1","257","±197","0.0%","±0.1","0","±28","0.0%","±0.1","239","±173","0.1%","±0.1","0","±13","0.0%","±0.9","28","±28","0.0%","±0.1","149","±192","0.1%","±0.1","63","±51","0.1%","±0.1","842","±423","0.3%","±0.2"
"                Blackfeet Tribe of the Blackfeet Indian Reservation of Montana","0","±25","0.0%","±0.2","0","±25","0.0%","±0.2","75","±121","0.0%","±0.1","48","±65","0.1%","±0.1","9","±13","0.0%","±0.1","59","±61","0.0%","±0.1","0","±13","0.0%","±1.0","42","±46","0.0%","±0.1","0","±28","0.0%","±0.1","6","±11","0.1%","±0.1","61","±85","0.1%","±0.1","0","±13","0.0%","±1.7","0","±31","0.0%","±0.1","32","±25","0.0%","±0.1","11","±15","0.0%","±0.1","26","±40","0.1%","±0.1","235","±132","0.0%","±0.1","32","±31","0.0%","±0.1","4","±6","0.0%","±0.1","0","±25","0.0%","±0.2","4","±7","0.0%","±0.1","0","±21","0.0%","±0.4","0","±31","0.0%","±0.1","11","±15","0.0%","±0.1","1","±2","0.0%","±0.1","9","±13","0.1%","±0.1","322","±257","0.0%","±0.1","0","±21","0.0%","±0.2","4","±5","0.0%","±0.1","0","±21","0.0%","±0.3","95","±66","0.0%","±0.1","356","±162","0.1%","±0.1","37","±34","0.1%","±0.1","50","±66","0.0%","±0.1","0","±13","0.0%","±0.9","1","±6","0.0%","±0.1","50","±50","0.0%","±0.1","0","±28","0.0%","±0.1","314","±184","0.1%","±0.1"
"                Maya","0","±25","0.0%","±0.2","31","±45","0.1%","±0.2","31","±34","0.0%","±0.1","0","±31","0.0%","±0.1","0","±31","0.0%","±0.1","183","±98","0.0%","±0.1","0","±13","0.0%","±1.0","14","±20","0.0%","±0.1","32","±56","0.1%","±0.1","0","±19","0.0%","±0.5","0","±31","0.0%","±0.1","0","±13","0.0%","±1.7","42","±53","0.0%","±0.1","0","±31","0.0%","±0.1","44","±57","0.1%","±0.1","0","±28","0.0%","±0.1","806","±414","0.0%","±0.1","35","±52","0.0%","±0.1","0","±28","0.0%","±0.1","0","±25","0.0%","±0.2","6","±9","0.0%","±0.1","15","±22","0.1%","±0.2","61","±93","0.1%","±0.1","0","±28","0.0%","±0.1","0","±25","0.0%","±0.2","0","±21","0.0%","±0.3","126","±82","0.0%","±0.1","0","±21","0.0%","±0.2","0","±31","0.0%","±0.1","0","±21","0.0%","±0.3","96","±62","0.0%","±0.1","21","±31","0.0%","±0.1","0","±28","0.0%","±0.1","39","±48","0.0%","±0.1","0","±13","0.0%","±0.9","447","±418","0.7%","±0.7","9","±13","0.0%","±0.1","3","±4","0.0%","±0.1","120","±83","0.0%","±0.1"
"                Native Village of Barrow Inupiat Traditional Government","0","±25","0.0%","±0.2","0","±25","0.0%","±0.2","0","±31","0.0%","±0.1","0","±31","0.0%","±0.1","5","±10","0.0%","±0.1","0","±31","0.0%","±0.1","0","±13","0.0%","±1.0","7","±13","0.0%","±0.1","0","±28","0.0%","±0.1","0","±19","0.0%","±0.5","0","±31","0.0%","±0.1","0","±13","0.0%","±1.7","0","±31","0.0%","±0.1","0","±31","0.0%","±0.1","0","±31","0.0%","±0.1","0","±28","0.0%","±0.1","0","±31","0.0%","±0.1","0","±31","0.0%","±0.1","0","±28","0.0%","±0.1","0","±25","0.0%","±0.2","0","±31","0.0%","±0.1","0","±21","0.0%","±0.4","0","±31","0.0%","±0.1","0","±28","0.0%","±0.1","0","±25","0.0%","±0.2","0","±21","0.0%","±0.3","22","±26","0.0%","±0.1","0","±21","0.0%","±0.2","0","±31","0.0%","±0.1","0","±21","0.0%","±0.3","4","±6","0.0%","±0.1","0","±31","0.0%","±0.1","0","±28","0.0%","±0.1","0","±31","0.0%","±0.1","0","±13","0.0%","±0.9","0","±31","0.0%","±0.1","0","±31","0.0%","±0.1","0","±28","0.0%","±0.1","0","±31","0.0%","±0.1"
"                Navajo Nation","3","±4","0.0%","±0.1","0","±25","0.0%","±0.2","28","±47","0.0%","±0.1","0","±31","0.0%","±0.1","9","±9","0.0%","±0.1","19","±20","0.0%","±0.1","0","±13","0.0%","±1.0","0","±31","0.0%","±0.1","43","±61","0.1%","±0.1","29","±28","0.4%","±0.4","0","±31","0.0%","±0.1","0","±13","0.0%","±1.7","35","±43","0.0%","±0.1","21","±27","0.0%","±0.1","4","±7","0.0%","±0.1","0","±28","0.0%","±0.1","493","±271","0.0%","±0.1","79","±61","0.0%","±0.1","0","±28","0.0%","±0.1","0","±25","0.0%","±0.2","115","±120","0.1%","±0.1","0","±21","0.0%","±0.4","14","±23","0.0%","±0.1","21","±19","0.0%","±0.1","0","±25","0.0%","±0.2","0","±21","0.0%","±0.3","482","±235","0.1%","±0.1","6","±9","0.0%","±0.1","21","±21","0.0%","±0.1","0","±21","0.0%","±0.3","29","±23","0.0%","±0.1","356","±255","0.1%","±0.1","0","±28","0.0%","±0.1","53","±50","0.0%","±0.1","0","±13","0.0%","±0.9","0","±31","0.0%","±0.1","66","±69","0.0%","±0.1","0","±28","0.0%","±0.1","111","±110","0.0%","±0.1"
"                Nome Eskimo Community","0","±25","0.0%","±0.2","0","±25","0.0%","±0.2","0","±31","0.0%","±0.1","0","±31","0.0%","±0.1","0","±31","0.0%","±0.1","21","±33","0.0%","±0.1","0","±13","0.0%","±1.0","0","±31","0.0%","±0.1","0","±28","0.0%","±0.1","0","±19","0.0%","±0.5","0","±31","0.0%","±0.1","0","±13","0.0%","±1.7","0","±31","0.0%","±0.1","0","±31","0.0%","±0.1","0","±31","0.0%","±0.1","0","±28","0.0%","±0.1","9","±16","0.0%","±0.1","0","±31","0.0%","±0.1","0","±28","0.0%","±0.1","0","±25","0.0%","±0.2","0","±31","0.0%","±0.1","0","±21","0.0%","±0.4","0","±31","0.0%","±0.1","0","±28","0.0%","±0.1","0","±25","0.0%","±0.2","0","±21","0.0%","±0.3","0","±31","0.0%","±0.1","0","±21","0.0%","±0.2","3","±4","0.0%","±0.1","0","±21","0.0%","±0.3","20","±38","0.0%","±0.1","0","±31","0.0%","±0.1","0","±28","0.0%","±0.1","14","±22","0.0%","±0.1","0","±13","0.0%","±0.9","0","±31","0.0%","±0.1","0","±31","0.0%","±0.1","0","±28","0.0%","±0.1","0","±31","0.0%","±0.1"
"                Other American Indian and Alaska Native","318","±188","1.5%","±0.9","202","±155","0.9%","±0.7","1,292","±320","0.6%","±0.2","755","±318","0.9%","±0.4","2,792","±302","3.6%","±0.4","2,304","±439","0.5%","±0.1","16","±20","0.4%","±0.5","1,114","±342","1.0%","±0.3","250","±97","0.6%","±0.2","927","±142","12.7%","±1.9","1,119","±838","1.1%","±0.9","0","±13","0.0%","±1.7","1,177","±369","1.2%","±0.4","3,090","±382","4.0%","±0.5","680","±161","0.8%","±0.2","354","±101","1.1%","±0.3","11,074","±808","0.5%","±0.1","2,437","±313","0.9%","±0.1","218","±116","0.5%","±0.3","294","±121","1.3%","±0.5","732","±174","0.9%","±0.2","218","±99","1.9%","±0.9","1,217","±406","1.8%","±0.6","3,686","±450","8.6%","±1.1","450","±113","1.9%","±0.5","259","±86","1.9%","±0.6","8,304","±919","0.9%","±0.1","89","±40","0.5%","±0.2","1,760","±332","1.3%","±0.3","179","±79","1.5%","±0.6","7,286","±707","0.9%","±0.1","4,634","±560","0.9%","±0.1","1,827","±202","3.8%","±0.4","3,049","±516","1.0%","±0.2","9","±13","0.2%","±0.3","299","±102","0.5%","±0.2","4,018","±398","1.8%","±0.2","280","±127","0.6%","±0.3","7,304","±734","2.8%","±0.3"
"            Asian","129","±73","0.6%","±0.4","215","±74","1.0%","±0.3","6,199","±496","2.9%","±0.2","629","±155","0.8%","±0.2","1,312","±198","1.7%","±0.3","24,205","±904","4.7%","±0.2","1","±2","0.0%","±0.1","1,311","±227","1.2%","±0.2","409","±185","0.9%","±0.4","19","±32","0.3%","±0.4","1,567","±244","1.6%","±0.2","25","±39","1.1%","±1.7","1,067","±228","1.1%","±0.2","956","±167","1.3%","±0.2","4,218","±301","4.9%","±0.3","443","±109","1.3%","±0.3","449,705","±3,329","19.9%","±0.1","13,307","±740","4.8%","±0.3","790","±202","1.8%","±0.5","210","±57","0.9%","±0.2","993","±239","1.2%","±0.3","78","±27","0.7%","±0.2","682","±193","1.0%","±0.3","208","±51","0.5%","±0.1","404","±55","1.7%","±0.2","54","±37","0.4%","±0.3","60,818","±1,719","6.6%","±0.2","209","±32","1.1%","±0.2","2,662","±230","2.0%","±0.2","162","±40","1.3%","±0.3","106,995","±1,831","12.8%","±0.2","12,438","±700","2.3%","±0.1","431","±113","0.9%","±0.2","17,198","±834","5.8%","±0.3","108","±81","2.4%","±1.8","1,191","±141","1.9%","±0.2","9,770","±630","4.3%","±0.3","3,496","±297","7.4%","±0.6","2,989","±307","1.2%","±0.1"
"                Asian Indian","0","±25","0.0%","±0.2","0","±25","0.0%","±0.2","1,038","±263","0.5%","±0.1","107","±72","0.1%","±0.1","214","±163","0.3%","±0.2","2,475","±644","0.5%","±0.1","0","±13","0.0%","±1.0","24","±34","0.0%","±0.1","122","±167","0.3%","±0.4","0","±19","0.0%","±0.5","45","±53","0.0%","±0.1","0","±13","0.0%","±1.7","209","±131","0.2%","±0.1","57","±69","0.1%","±0.1","232","±179","0.3%","±0.2","7","±14","0.0%","±0.1","109,058","±4,489","4.8%","±0.2","951","±438","0.3%","±0.2","59","±67","0.1%","±0.1","15","±19","0.1%","±0.1","170","±150","0.2%","±0.2","1","±2","0.0%","±0.1","133","±159","0.2%","±0.2","0","±28","0.0%","±0.1","16","±25","0.1%","±0.1","0","±21","0.0%","±0.3","3,273","±663","0.4%","±0.1","3","±3","0.0%","±0.1","218","±147","0.2%","±0.1","0","±21","0.0%","±0.3","25,521","±1,820","3.1%","±0.2","819","±339","0.2%","±0.1","0","±28","0.0%","±0.1","667","±315","0.2%","±0.1","0","±13","0.0%","±0.9","106","±61","0.2%","±0.1","2,475","±611","1.1%","±0.3","518","±215","1.1%","±0.5","180","±162","0.1%","±0.1"
"                Chinese","14","±28","0.1%","±0.1","21","±27","0.1%","±0.1","1,131","±368","0.5%","±0.2","103","±64","0.1%","±0.1","156","±84","0.2%","±0.1","5,389","±723","1.1%","±0.1","0","±13","0.0%","±1.0","176","±89","0.2%","±0.1","69","±72","0.2%","±0.2","1","±2","0.0%","±0.1","94","±101","0.1%","±0.1","0","±13","0.0%","±1.7","46","±69","0.0%","±0.1","234","±171","0.3%","±0.2","449","±147","0.5%","±0.2","199","±121","0.6%","±0.4","132,892","±3,790","5.9%","±0.2","969","±254","0.4%","±0.1","136","±66","0.3%","±0.1","11","±16","0.0%","±0.1","146","±92","0.2%","±0.1","32","±24","0.3%","±0.2","59","±52","0.1%","±0.1","5","±7","0.0%","±0.1","90","±70","0.4%","±0.3","9","±15","0.1%","±0.1","4,907","±627","0.5%","±0.1","63","±28","0.3%","±0.2","583","±229","0.4%","±0.2","76","±52","0.6%","±0.4","16,938","±1,630","2.0%","±0.2","1,464","±337","0.3%","±0.1","40","±35","0.1%","±0.1","1,664","±347","0.6%","±0.1","70","±69","1.5%","±1.5","417","±132","0.7%","±0.2","2,417","±410","1.1%","±0.2","1,556","±359","3.3%","±0.8","261","±105","0.1%","±0.1"
"                Filipino","77","±74","0.4%","±0.4","179","±72","0.8%","±0.3","890","±298","0.4%","±0.1","165","±122","0.2%","±0.2","330","±192","0.4%","±0.2","3,461","±523","0.7%","±0.1","0","±13","0.0%","±1.0","366","±156","0.3%","±0.1","62","±64","0.1%","±0.1","0","±19","0.0%","±0.5","314","±185","0.3%","±0.2","25","±39","1.1%","±1.7","219","±148","0.2%","±0.1","362","±168","0.5%","±0.2","2,347","±374","2.7%","±0.4","104","±61","0.3%","±0.2","50,851","±2,659","2.2%","±0.1","7,156","±638","2.6%","±0.2","101","±63","0.2%","±0.1","48","±40","0.2%","±0.2","171","±95","0.2%","±0.1","24","±23","0.2%","±0.2","201","±70","0.3%","±0.1","103","±59","0.2%","±0.1","24","±24","0.1%","±0.1","15","±21","0.1%","±0.2","16,292","±1,500","1.8%","±0.2","29","±11","0.2%","±0.1","1,095","±277","0.8%","±0.2","43","±39","0.4%","±0.3","15,274","±1,380","1.8%","±0.2","2,240","±510","0.4%","±0.1","93","±52","0.2%","±0.1","4,301","±807","1.4%","±0.3","5","±9","0.1%","±0.2","268","±142","0.4%","±0.2","1,525","±466","0.7%","±0.2","319","±157","0.7%","±0.3","1,438","±386","0.6%","±0.2"
"                Japanese","1","±9","0.0%","±0.1","0","±25","0.0%","±0.2","295","±110","0.1%","±0.1","37","±39","0.0%","±0.1","263","±144","0.3%","±0.2","1,696","±416","0.3%","±0.1","0","±13","0.0%","±1.0","108","±76","0.1%","±0.1","5","±10","0.0%","±0.1","13","±27","0.2%","±0.4","60","±68","0.1%","±0.1","0","±13","0.0%","±1.7","239","±116","0.2%","±0.1","50","±41","0.1%","±0.1","234","±108","0.3%","±0.1","71","±57","0.2%","±0.2","20,298","±1,442","0.9%","±0.1","1,370","±247","0.5%","±0.1","71","±74","0.2%","±0.2","58","±40","0.3%","±0.2","2","±5","0.0%","±0.1","13","±16","0.1%","±0.1","28","±24","0.0%","±0.1","38","±31","0.1%","±0.1","36","±29","0.2%","±0.1","12","±20","0.1%","±0.1","3,458","±443","0.4%","±0.1","25","±10","0.1%","±0.1","201","±63","0.2%","±0.1","18","±24","0.1%","±0.2","3,901","±521","0.5%","±0.1","1,117","±213","0.2%","±0.1","56","±41","0.1%","±0.1","930","±252","0.3%","±0.1","0","±13","0.0%","±0.9","104","±81","0.2%","±0.1","306","±119","0.1%","±0.1","81","±52","0.2%","±0.1","139","±95","0.1%","±0.1"
"                Korean","0","±25","0.0%","±0.2","0","±25","0.0%","±0.2","730","±283","0.3%","±0.1","8","±15","0.0%","±0.1","84","±74","0.1%","±0.1","2,175","±413","0.4%","±0.1","0","±13","0.0%","±1.0","100","±72","0.1%","±0.1","91","±95","0.2%","±0.2","1","±2","0.0%","±0.1","58","±60","0.1%","±0.1","0","±13","0.0%","±1.7","116","±126","0.1%","±0.1","97","±94","0.1%","±0.1","252","±103","0.3%","±0.1","0","±28","0.0%","±0.1","33,566","±2,128","1.5%","±0.1","815","±254","0.3%","±0.1","227","±185","0.5%","±0.4","0","±25","0.0%","±0.2","233","±136","0.3%","±0.2","0","±21","0.0%","±0.4","77","±51","0.1%","±0.1","51","±46","0.1%","±0.1","51","±49","0.2%","±0.2","9","±18","0.1%","±0.1","12,316","±1,144","1.3%","±0.1","33","±17","0.2%","±0.1","165","±77","0.1%","±0.1","21","±26","0.2%","±0.2","13,399","±1,573","1.6%","±0.2","755","±178","0.1%","±0.1","66","±60","0.1%","±0.1","2,897","±664","1.0%","±0.2","24","±39","0.5%","±0.9","130","±77","0.2%","±0.1","594","±225","0.3%","±0.1","325","±131","0.7%","±0.3","297","±139","0.1%","±0.1"
"                Vietnamese","37","±34","0.2%","±0.2","14","±22","0.1%","±0.1","530","±200","0.3%","±0.1","150","±163","0.2%","±0.2","53","±54","0.1%","±0.1","3,828","±757","0.7%","±0.1","0","±13","0.0%","±1.0","234","±160","0.2%","±0.1","2","±7","0.0%","±0.1","2","±6","0.0%","±0.1","421","±250","0.4%","±0.3","0","±13","0.0%","±1.7","54","±79","0.1%","±0.1","47","±36","0.1%","±0.1","333","±210","0.4%","±0.2","24","±46","0.1%","±0.1","46,129","±2,831","2.0%","±0.1","860","±581","0.3%","±0.2","94","±75","0.2%","±0.2","77","±80","0.3%","±0.3","217","±148","0.3%","±0.2","8","±13","0.1%","±0.1","158","±119","0.2%","±0.2","0","±28","0.0%","±0.1","26","±30","0.1%","±0.1","0","±21","0.0%","±0.3","7,036","±1,019","0.8%","±0.1","3","±6","0.0%","±0.1","175","±73","0.1%","±0.1","0","±21","0.0%","±0.3","14,497","±1,637","1.7%","±0.2","2,356","±659","0.4%","±0.1","14","±18","0.0%","±0.1","3,512","±724","1.2%","±0.2","9","±11","0.2%","±0.2","65","±64","0.1%","±0.1","1,006","±429","0.4%","±0.2","176","±80","0.4%","±0.2","477","±250","0.2%","±0.1"
"                Other Asian","0","±25","0.0%","±0.2","1","±5","0.0%","±0.1","1,585","±591","0.8%","±0.3","59","±56","0.1%","±0.1","212","±105","0.3%","±0.1","5,181","±929","1.0%","±0.2","1","±2","0.0%","±0.1","303","±141","0.3%","±0.1","58","±59","0.1%","±0.1","2","±5","0.0%","±0.1","575","±322","0.6%","±0.3","0","±13","0.0%","±1.7","184","±141","0.2%","±0.1","109","±83","0.1%","±0.1","371","±173","0.4%","±0.2","38","±43","0.1%","±0.1","56,911","±3,116","2.5%","±0.1","1,186","±386","0.4%","±0.1","102","±126","0.2%","±0.3","1","±3","0.0%","±0.1","54","±71","0.1%","±0.1","0","±21","0.0%","±0.4","26","±30","0.0%","±0.1","11","±13","0.0%","±0.1","161","±78","0.7%","±0.3","9","±19","0.1%","±0.1","13,536","±1,479","1.5%","±0.2","53","±25","0.3%","±0.1","225","±111","0.2%","±0.1","4","±6","0.0%","±0.1","17,465","±1,467","2.1%","±0.2","3,687","±718","0.7%","±0.1","162","±92","0.3%","±0.2","3,227","±702","1.1%","±0.2","0","±13","0.0%","±0.9","101","±52","0.2%","±0.1","1,447","±398","0.6%","±0.2","521","±209","1.1%","±0.4","197","±116","0.1%","±0.1"
"            Native Hawaiian and Other Pacific Islander","56","±58","0.3%","±0.3","0","±25","0.0%","±0.2","465","±120","0.2%","±0.1","62","±38","0.1%","±0.1","33","±29","0.0%","±0.1","4,144","±398","0.8%","±0.1","0","±13","0.0%","±1.0","333","±161","0.3%","±0.1","155","±53","0.4%","±0.1","132","±74","1.8%","±1.0","152","±64","0.2%","±0.1","0","±13","0.0%","±1.7","18","±30","0.0%","±0.1","311","±66","0.4%","±0.1","310","±153","0.4%","±0.2","40","±46","0.1%","±0.1","16,955","±653","0.7%","±0.1","2,528","±254","0.9%","±0.1","48","±45","0.1%","±0.1","82","±85","0.4%","±0.4","189","±37","0.2%","±0.1","21","±20","0.2%","±0.2","186","±104","0.3%","±0.2","54","±57","0.1%","±0.1","13","±16","0.1%","±0.1","25","±39","0.2%","±0.3","14,282","±780","1.5%","±0.1","50","±11","0.3%","±0.1","417","±260","0.3%","±0.2","28","±27","0.2%","±0.2","4,389","±490","0.5%","±0.1","3,673","±285","0.7%","±0.1","112","±30","0.2%","±0.1","3,072","±313","1.0%","±0.1","5","±12","0.1%","±0.3","136","±83","0.2%","±0.1","711","±113","0.3%","±0.1","86","±133","0.2%","±0.3","1,133","±492","0.4%","±0.2"
"                Chamorro","0","±25","0.0%","±0.2","0","±25","0.0%","±0.2","88","±112","0.0%","±0.1","3","±4","0.0%","±0.1","0","±31","0.0%","±0.1","679","±300","0.1%","±0.1","0","±13","0.0%","±1.0","133","±135","0.1%","±0.1","17","±29","0.0%","±0.1","33","±19","0.5%","±0.3","11","±16","0.0%","±0.1","0","±13","0.0%","±1.7","3","±5","0.0%","±0.1","20","±27","0.0%","±0.1","61","±74","0.1%","±0.1","31","±42","0.1%","±0.1","2,234","±574","0.1%","±0.1","1,024","±278","0.4%","±0.1","12","±23","0.0%","±0.1","0","±25","0.0%","±0.2","50","±46","0.1%","±0.1","3","±6","0.0%","±0.1","64","±80","0.1%","±0.1","9","±11","0.0%","±0.1","0","±25","0.0%","±0.2","0","±21","0.0%","±0.3","3,576","±860","0.4%","±0.1","0","±21","0.0%","±0.2","43","±67","0.0%","±0.1","3","±7","0.0%","±0.1","738","±384","0.1%","±0.1","208","±203","0.0%","±0.1","50","±44","0.1%","±0.1","1,206","±352","0.4%","±0.1","0","±13","0.0%","±0.9","30","±45","0.0%","±0.1","49","±40","0.0%","±0.1","0","±28","0.0%","±0.1","57","±71","0.0%","±0.1"
"                Native Hawaiian","0","±25","0.0%","±0.2","0","±25","0.0%","±0.2","96","±85","0.0%","±0.1","16","±24","0.0%","±0.1","4","±6","0.0%","±0.1","425","±234","0.1%","±0.1","0","±13","0.0%","±1.0","112","±64","0.1%","±0.1","26","±43","0.1%","±0.1","90","±73","1.2%","±1.0","97","±51","0.1%","±0.1","0","±13","0.0%","±1.7","13","±31","0.0%","±0.1","120","±85","0.2%","±0.1","29","±34","0.0%","±0.1","0","±28","0.0%","±0.1","1,383","±378","0.1%","±0.1","621","±255","0.2%","±0.1","6","±15","0.0%","±0.1","53","±54","0.2%","±0.2","50","±34","0.1%","±0.1","18","±19","0.2%","±0.2","76","±70","0.1%","±0.1","45","±55","0.1%","±0.1","3","±5","0.0%","±0.1","0","±21","0.0%","±0.3","1,685","±428","0.2%","±0.1","7","±9","0.0%","±0.1","179","±236","0.1%","±0.2","8","±14","0.1%","±0.1","608","±236","0.1%","±0.1","348","±162","0.1%","±0.1","0","±28","0.0%","±0.1","587","±236","0.2%","±0.1","5","±12","0.1%","±0.3","33","±45","0.1%","±0.1","211","±90","0.1%","±0.1","1","±2","0.0%","±0.1","398","±247","0.2%","±0.1"
"                Samoan","56","±58","0.3%","±0.3","0","±25","0.0%","±0.2","177","±146","0.1%","±0.1","33","±36","0.0%","±0.1","0","±31","0.0%","±0.1","668","±408","0.1%","±0.1","0","±13","0.0%","±1.0","6","±9","0.0%","±0.1","27","±42","0.1%","±0.1","0","±19","0.0%","±0.5","14","±13","0.0%","±0.1","0","±13","0.0%","±1.7","0","±31","0.0%","±0.1","39","±57","0.1%","±0.1","7","±14","0.0%","±0.1","7","±15","0.0%","±0.1","6,517","±1,007","0.3%","±0.1","227","±119","0.1%","±0.1","0","±28","0.0%","±0.1","29","±71","0.1%","±0.3","29","±36","0.0%","±0.1","0","±21","0.0%","±0.4","17","±30","0.0%","±0.1","0","±28","0.0%","±0.1","10","±15","0.0%","±0.1","25","±39","0.2%","±0.3","5,384","±859","0.6%","±0.1","18","±13","0.1%","±0.1","34","±52","0.0%","±0.1","0","±21","0.0%","±0.3","787","±291","0.1%","±0.1","159","±136","0.0%","±0.1","58","±46","0.1%","±0.1","793","±352","0.3%","±0.1","0","±13","0.0%","±0.9","36","±34","0.1%","±0.1","61","±59","0.0%","±0.1","85","±133","0.2%","±0.3","197","±163","0.1%","±0.1"
"                Other Native Hawaiian and Other Pacific Islander","0","±25","0.0%","±0.2","0","±25","0.0%","±0.2","104","±88","0.0%","±0.1","10","±18","0.0%","±0.1","29","±29","0.0%","±0.1","2,372","±615","0.5%","±0.1","0","±13","0.0%","±1.0","82","±101","0.1%","±0.1","85","±66","0.2%","±0.2","9","±12","0.1%","±0.2","30","±34","0.0%","±0.1","0","±13","0.0%","±1.7","2","±3","0.0%","±0.1","132","±82","0.2%","±0.1","213","±169","0.2%","±0.2","2","±8","0.0%","±0.1","6,821","±1,155","0.3%","±0.1","656","±372","0.2%","±0.1","30","±35","0.1%","±0.1","0","±25","0.0%","±0.2","60","±32","0.1%","±0.1","0","±21","0.0%","±0.4","29","±31","0.0%","±0.1","0","±28","0.0%","±0.1","0","±25","0.0%","±0.2","0","±21","0.0%","±0.3","3,637","±731","0.4%","±0.1","25","±16","0.1%","±0.1","161","±129","0.1%","±0.1","17","±23","0.1%","±0.2","2,256","±654","0.3%","±0.1","2,958","±359","0.5%","±0.1","4","±7","0.0%","±0.1","486","±225","0.2%","±0.1","0","±13","0.0%","±0.9","37","±32","0.1%","±0.1","390","±145","0.2%","±0.1","0","±28","0.0%","±0.1","481","±460","0.2%","±0.2"
"            Some Other Race","5,889","±914","28.5%","±4.4","434","±162","1.9%","±0.7","19,449","±2,037","9.3%","±1.0","13,489","±1,354","17.0%","±1.7","1,699","±373","2.2%","±0.5","19,909","±1,905","3.9%","±0.4","170","±71","4.3%","±1.8","3,080","±655","2.8%","±0.6","10,766","±798","24.6%","±1.8","49","±44","0.7%","±0.6","21,493","±2,171","22.0%","±2.2","30","±42","1.3%","±1.8","22,310","±1,984","22.2%","±2.0","2,814","±767","3.7%","±1.0","1,774","±442","2.0%","±0.5","798","±436","2.4%","±1.3","109,978","±4,691","4.9%","±0.2","7,141","±953","2.6%","±0.3","2,324","±384","5.2%","±0.9","882","±269","3.8%","±1.2","2,427","±613","2.9%","±0.7","152","±83","1.3%","±0.7","4,668","±827","7.0%","±1.2","4,223","±856","9.9%","±2.0","1,208","±314","5.1%","±1.3","232","±112","1.7%","±0.8","33,907","±1,948","3.7%","±0.2","577","±137","3.2%","±0.8","13,065","±1,380","10.0%","±1.1","353","±141","2.9%","±1.1","40,496","±2,887","4.9%","±0.3","10,357","±1,037","1.9%","±0.2","567","±224","1.2%","±0.5","7,603","±1,215","2.6%","±0.4","131","±129","2.9%","±2.8","6,156","±832","9.9%","±1.3","10,293","±1,300","4.5%","±0.6","1,262","±381","2.7%","±0.8","48,420","±3,541","18.9%","±1.4"
"        Two or More Races","4,143","±699","20.0%","±3.4","1,390","±250","6.2%","±1.1","26,610","±2,153","12.7%","±1.0","9,239","±1,303","11.6%","±1.6","6,808","±610","8.8%","±0.8","53,916","±2,683","10.6%","±0.5","525","±94","13.1%","±2.3","10,242","±1,001","9.2%","±0.9","4,720","±792","10.8%","±1.8","750","±147","10.2%","±2.0","20,558","±2,463","21.0%","±2.5","124","±64","5.3%","±2.7","15,174","±1,706","15.1%","±1.7","6,107","±784","8.0%","±1.0","8,361","±796","9.6%","±0.9","2,647","±324","7.9%","±1.0","240,012","±5,046","10.6%","±0.2","32,055","±1,528","11.6%","±0.6","4,033","±528","9.0%","±1.2","1,953","±356","8.5%","±1.5","8,621","±725","10.3%","±0.9","493","±109","4.4%","±1.0","6,984","±622","10.4%","±0.9","5,449","±902","12.7%","±2.1","1,873","±292","7.9%","±1.2","1,282","±288","9.3%","±2.1","129,816","±3,854","14.0%","±0.4","1,158","±118","6.3%","±0.6","10,910","±1,053","8.4%","±0.8","766","±144","6.2%","±1.2","89,338","±3,212","10.7%","±0.4","45,201","±2,018","8.3%","±0.4","3,116","±343","6.6%","±0.7","35,722","±1,971","12.0%","±0.7","332","±126","7.3%","±2.8","5,969","±727","9.6%","±1.2","21,513","±1,605","9.4%","±0.7","5,000","±663","10.6%","±1.4","57,678","±3,406","22.5%","±1.3"
"            White and Black or African American","0","±25","0.0%","±0.2","147","±98","0.7%","±0.4","1,416","±404","0.7%","±0.2","281","±111","0.4%","±0.1","445","±151","0.6%","±0.2","6,320","±811","1.2%","±0.2","13","±21","0.3%","±0.5","900","±234","0.8%","±0.2","226","±66","0.5%","±0.2","31","±33","0.4%","±0.4","587","±284","0.6%","±0.3","22","±31","0.9%","±1.3","365","±203","0.4%","±0.2","178","±109","0.2%","±0.1","1,098","±302","1.3%","±0.3","308","±62","0.9%","±0.2","29,266","±2,196","1.3%","±0.1","3,739","±486","1.4%","±0.2","325","±132","0.7%","±0.3","72","±56","0.3%","±0.2","657","±147","0.8%","±0.2","98","±26","0.9%","±0.2","738","±192","1.1%","±0.3","178","±95","0.4%","±0.2","203","±81","0.9%","±0.3","295","±114","2.1%","±0.8","22,136","±1,622","2.4%","±0.2","163","±39","0.9%","±0.2","742","±187","0.6%","±0.1","62","±60","0.5%","±0.5","9,946","±935","1.2%","±0.1","7,026","±752","1.3%","±0.1","344","±78","0.7%","±0.2","5,370","±840","1.8%","±0.3","0","±13","0.0%","±0.9","352","±220","0.6%","±0.4","2,285","±343","1.0%","±0.2","817","±197","1.7%","±0.4","1,573","±397","0.6%","±0.2"
"            White and American Indian and Alaska Native","317","±89","1.5%","±0.4","411","±171","1.8%","±0.8","2,475","±352","1.2%","±0.2","819","±215","1.0%","±0.3","2,621","±299","3.4%","±0.4","6,763","±387","1.3%","±0.1","256","±58","6.4%","±1.4","2,539","±271","2.3%","±0.2","483","±91","1.1%","±0.2","439","±122","6.0%","±1.7","914","±212","0.9%","±0.2","19","±21","0.8%","±0.9","1,218","±299","1.2%","±0.3","1,692","±319","2.2%","±0.4","1,236","±222","1.4%","±0.3","906","±166","2.7%","±0.5","19,900","±869","0.9%","±0.1","4,729","±329","1.7%","±0.1","788","±134","1.8%","±0.3","456","±121","2.0%","±0.5","1,886","±199","2.2%","±0.2","167","±80","1.5%","±0.7","2,235","±321","3.3%","±0.5","1,459","±353","3.4%","±0.8","475","±105","2.0%","±0.4","252","±99","1.8%","±0.7","14,408","±677","1.6%","±0.1","311","±52","1.7%","±0.3","2,040","±180","1.6%","±0.1","260","±79","2.1%","±0.6","10,157","±594","1.2%","±0.1","9,262","±608","1.7%","±0.1","1,487","±209","3.1%","±0.4","4,878","±519","1.6%","±0.2","143","±46","3.1%","±1.0","762","±107","1.2%","±0.2","3,739","±438","1.6%","±0.2","540","±103","1.1%","±0.2","3,413","±623","1.3%","±0.2"
"            White and Asian","111","±77","0.5%","±0.4","144","±74","0.6%","±0.3","2,385","±462","1.1%","±0.2","534","±156","0.7%","±0.2","1,004","±202","1.3%","±0.3","8,830","±865","1.7%","±0.2","10","±24","0.3%","±0.6","1,167","±292","1.0%","±0.3","278","±123","0.6%","±0.3","105","±37","1.4%","±0.5","1,086","±431","1.1%","±0.4","29","±29","1.2%","±1.2","673","±220","0.7%","±0.2","687","±155","0.9%","±0.2","1,544","±295","1.8%","±0.3","406","±97","1.2%","±0.3","63,666","±3,242","2.8%","±0.1","8,141","±630","2.9%","±0.2","513","±150","1.1%","±0.3","124","±71","0.5%","±0.3","700","±176","0.8%","±0.2","53","±25","0.5%","±0.2","807","±156","1.2%","±0.2","211","±80","0.5%","±0.2","189","±50","0.8%","±0.2","165","±37","1.2%","±0.3","24,500","±1,636","2.7%","±0.2","113","±31","0.6%","±0.2","1,164","±194","0.9%","±0.1","78","±33","0.6%","±0.3","18,347","±1,674","2.2%","±0.2","7,739","±773","1.4%","±0.1","285","±77","0.6%","±0.2","6,898","±711","2.3%","±0.2","10","±15","0.2%","±0.3","370","±126","0.6%","±0.2","4,475","±654","2.0%","±0.3","904","±242","1.9%","±0.5","1,753","±397","0.7%","±0.2"
"            White and Some Other Race","3,591","±664","17.4%","±3.2","540","±154","2.4%","±0.7","18,099","±1,973","8.6%","±0.9","6,959","±1,269","8.8%","±1.6","1,966","±499","2.5%","±0.6","23,606","±2,321","4.6%","±0.5","228","±94","5.7%","±2.4","4,066","±907","3.6%","±0.8","3,468","±747","7.9%","±1.7","148","±87","2.0%","±1.2","16,562","±2,203","17.0%","±2.3","54","±44","2.3%","±1.9","11,961","±1,604","11.9%","±1.6","2,952","±683","3.9%","±0.9","3,183","±606","3.7%","±0.7","742","±237","2.2%","±0.7","81,116","±4,375","3.6%","±0.2","9,013","±1,093","3.3%","±0.4","1,948","±487","4.4%","±1.1","1,248","±342","5.4%","±1.5","4,593","±675","5.5%","±0.8","121","±64","1.1%","±0.6","1,769","±391","2.6%","±0.6","2,876","±784","6.7%","±1.8","885","±257","3.7%","±1.1","502","±219","3.6%","±1.6","37,219","±2,451","4.0%","±0.3","434","±104","2.4%","±0.6","5,351","±917","4.1%","±0.7","233","±89","1.9%","±0.7","34,914","±2,234","4.2%","±0.3","14,588","±1,469","2.7%","±0.3","871","±259","1.8%","±0.5","12,480","±1,643","4.2%","±0.6","66","±55","1.4%","±1.2","3,684","±616","5.9%","±1.0","8,270","±1,442","3.6%","±0.6","1,927","±543","4.1%","±1.2","47,077","±3,251","18.3%","±1.3"
"            Black or African American and American Indian and Alaska Native","0","±25","0.0%","±0.2","0","±25","0.0%","±0.2","0","±31","0.0%","±0.1","10","±18","0.0%","±0.1","168","±204","0.2%","±0.3","155","±106","0.0%","±0.1","0","±13","0.0%","±1.0","23","±24","0.0%","±0.1","11","±17","0.0%","±0.1","8","±11","0.1%","±0.1","14","±24","0.0%","±0.1","0","±13","0.0%","±1.7","44","±50","0.0%","±0.1","41","±35","0.1%","±0.1","0","±31","0.0%","±0.1","30","±33","0.1%","±0.1","3,152","±668","0.1%","±0.1","193","±143","0.1%","±0.1","22","±35","0.0%","±0.1","0","±25","0.0%","±0.2","20","±20","0.0%","±0.1","0","±21","0.0%","±0.4","13","±12","0.0%","±0.1","39","±46","0.1%","±0.1","3","±8","0.0%","±0.1","1","±2","0.0%","±0.1","1,037","±341","0.1%","±0.1","0","±21","0.0%","±0.2","13","±12","0.0%","±0.1","0","±21","0.0%","±0.3","674","±360","0.1%","±0.1","479","±341","0.1%","±0.1","10","±15","0.0%","±0.1","307","±184","0.1%","±0.1","0","±13","0.0%","±0.9","55","±39","0.1%","±0.1","127","±72","0.1%","±0.1","5","±10","0.0%","±0.1","92","±81","0.0%","±0.1"
"            Black or African American and Some Other Race","0","±25","0.0%","±0.2","0","±25","0.0%","±0.2","115","±111","0.1%","±0.1","62","±91","0.1%","±0.1","33","±49","0.0%","±0.1","428","±190","0.1%","±0.1","0","±13","0.0%","±1.0","29","±50","0.0%","±0.1","37","±57","0.1%","±0.1","0","±19","0.0%","±0.5","103","±98","0.1%","±0.1","0","±13","0.0%","±1.7","45","±49","0.0%","±0.1","2","±7","0.0%","±0.1","75","±89","0.1%","±0.1","0","±28","0.0%","±0.1","2,693","±752","0.1%","±0.1","224","±117","0.1%","±0.1","11","±15","0.0%","±0.1","0","±25","0.0%","±0.2","0","±31","0.0%","±0.1","0","±21","0.0%","±0.4","0","±31","0.0%","±0.1","16","±21","0.0%","±0.1","0","±25","0.0%","±0.2","10","±13","0.1%","±0.1","2,176","±697","0.2%","±0.1","23","±17","0.1%","±0.1","19","±15","0.0%","±0.1","0","±21","0.0%","±0.3","641","±227","0.1%","±0.1","366","±310","0.1%","±0.1","0","±28","0.0%","±0.1","602","±363","0.2%","±0.1","0","±13","0.0%","±0.9","16","±21","0.0%","±0.1","145","±101","0.1%","±0.1","48","±81","0.1%","±0.2","164","±113","0.1%","±0.1"
"Race alone or in combination with one or more other races","","","","","","","","","","","","","","","","","","","","","","","","","","","","","","","","","","","","","","","","","","","","","","","","","","","","","","","","","","","","","","","","","","","","","","","","","","","","","","","","","","","","","","","","","","","","","","","","","","","","","","","","","","","","","","","","","","","","","","","","","","","","","","","","","","","","","","","","","","","","","","","","","","","","","","","","","","","",""
"    Total population","20,690","*****","20,690","(X)","22,424","*****","22,424","(X)","210,224","*****","210,224","(X)","79,518","*****","79,518","(X)","77,593","*****","77,593","(X)","510,516","*****","510,516","(X)","3,996","*****","3,996","(X)","111,539","*****","111,539","(X)","43,733","*****","43,733","(X)","7,326","*****","7,326","(X)","97,676","*****","97,676","(X)","2,326","*****","2,326","(X)","100,428","*****","100,428","(X)","76,397","*****","76,397","(X)","86,747","*****","86,747","(X)","33,313","*****","33,313","(X)","2,262,713","*****","2,262,713","(X)","276,581","*****","276,581","(X)","44,736","*****","44,736","(X)","23,082","*****","23,082","(X)","83,925","*****","83,925","(X)","11,271","*****","11,271","(X)","66,968","*****","66,968","(X)","42,811","*****","42,811","(X)","23,750","*****","23,750","(X)","13,811","*****","13,811","(X)","924,106","*****","924,106","(X)","18,266","*****","18,266","(X)","130,407","*****","130,407","(X)","12,276","*****","12,276","(X)","834,648","*****","834,648","(X)","544,323","*****","544,323","(X)","47,470","*****","47,470","(X)","296,640","*****","296,640","(X)","4,573","*****","4,573","(X)","62,102","*****","62,102","(X)","228,432","*****","228,432","(X)","47,042","*****","47,042","(X)","256,605","*****","256,605","(X)"
"        White","13,924","±940","67.3%","±4.5","21,313","±260","95.0%","±1.2","177,869","±2,093","84.6%","±1.0","63,736","±1,358","80.2%","±1.7","70,679","±557","91.1%","±0.7","445,908","±2,141","87.3%","±0.4","3,781","±77","94.6%","±1.9","104,142","±948","93.4%","±0.9","31,689","±808","72.5%","±1.8","6,135","±141","83.7%","±1.9","70,448","±2,513","72.1%","±2.6","2,240","±75","96.3%","±3.2","73,946","±2,035","73.6%","±2.0","67,600","±880","88.5%","±1.2","76,815","±669","88.6%","±0.8","31,438","±459","94.4%","±1.4","1,504,410","±6,400","66.5%","±0.3","241,812","±1,565","87.4%","±0.6","40,781","±443","91.2%","±1.0","21,443","±314","92.9%","±1.4","78,723","±686","93.8%","±0.8","10,715","±121","95.1%","±1.1","59,141","±870","88.3%","±1.3","33,764","±946","78.9%","±2.2","21,512","±332","90.6%","±1.4","13,180","±156","95.4%","±1.1","727,339","±3,919","78.7%","±0.4","17,184","±153","94.1%","±0.8","110,692","±1,370","84.9%","±1.1","11,514","±180","93.8%","±1.5","638,161","±3,634","76.5%","±0.4","498,906","±1,667","91.7%","±0.3","44,276","±342","93.3%","±0.7","252,496","±1,581","85.1%","±0.5","4,270","±149","93.4%","±3.2","52,454","±954","84.5%","±1.5","200,543","±1,596","87.8%","±0.7","40,789","±522","86.7%","±1.1","191,690","±3,540","74.7%","±1.4"
"        Black or African American","86","±73","0.4%","±0.4","360","±34","1.6%","±0.2","5,707","±331","2.7%","±0.2","950","±179","1.2%","±0.2","1,550","±330","2.0%","±0.4","19,887","±587","3.9%","±0.1","53","±47","1.3%","±1.2","2,192","±181","2.0%","±0.2","592","±151","1.4%","±0.3","62","±37","0.8%","±0.5","2,748","±280","2.8%","±0.3","52","±50","2.2%","±2.1","1,946","±365","1.9%","±0.4","1,557","±80","2.0%","±0.1","4,097","±281","4.7%","±0.3","535","±44","1.6%","±0.1","198,998","±1,713","8.8%","±0.1","13,474","±576","4.9%","±0.2","902","±115","2.0%","±0.3","241","±37","1.0%","±0.2","1,655","±191","2.0%","±0.2","163","±23","1.4%","±0.2","1,589","±128","2.4%","±0.2","1,028","±374","2.4%","±0.9","355","±30","1.5%","±0.1","367","±95","2.7%","±0.7","103,069","±1,356","11.2%","±0.1","234","±22","1.3%","±0.1","2,450","±323","1.9%","±0.2","176","±84","1.4%","±0.7","46,214","±899","5.5%","±0.1","21,006","±878","3.9%","±0.2","566","±92","1.2%","±0.2","18,223","±978","6.1%","±0.3","108","±69","2.4%","±1.5","1,688","±109","2.7%","±0.2","5,220","±275","2.3%","±0.1","1,934","±215","4.1%","±0.5","4,903","±418","1.9%","±0.2"
"        American Indian and Alaska Native","941","±363","4.5%","±1.8","694","±88","3.1%","±0.4","5,575","±635","2.7%","±0.3","2,042","±426","2.6%","±0.5","6,004","±350","7.7%","±0.5","12,529","±860","2.5%","±0.2","284","±49","7.1%","±1.2","4,519","±331","4.1%","±0.3","998","±193","2.3%","±0.4","1,420","±92","19.4%","±1.3","3,132","±955","3.2%","±1.0","20","±21","0.9%","±0.9","3,303","±498","3.3%","±0.5","5,149","±326","6.7%","±0.4","2,364","±289","2.7%","±0.3","1,442","±163","4.3%","±0.5","52,429","±1,914","2.3%","±0.1","9,607","±676","3.5%","±0.2","1,322","±228","3.0%","±0.5","766","±90","3.3%","±0.4","3,013","±203","3.6%","±0.2","420","±65","3.7%","±0.6","4,408","±429","6.6%","±0.6","5,671","±544","13.2%","±1.3","982","±95","4.1%","±0.4","573","±92","4.1%","±0.7","35,093","±1,758","3.8%","±0.2","443","±51","2.4%","±0.3","4,791","±514","3.7%","±0.4","520","±74","4.2%","±0.6","24,672","±1,163","3.0%","±0.1","18,288","±877","3.4%","±0.2","3,395","±82","7.2%","±0.2","10,458","±662","3.5%","±0.2","214","±72","4.7%","±1.6","1,914","±439","3.1%","±0.7","9,137","±358","4.0%","±0.2","1,217","±219","2.6%","±0.5","14,833","±927","5.8%","±0.4"
"        Asian","256","±69","1.2%","±0.3","381","±33","1.7%","±0.1","9,405","±302","4.5%","±0.1","1,298","±61","1.6%","±0.1","2,456","±115","3.2%","±0.1","36,476","±355","7.1%","±0.1","11","±24","0.3%","±0.6","2,849","±72","2.6%","±0.1","795","±84","1.8%","±0.2","132","±19","1.8%","±0.5","3,147","±443","3.2%","±0.5","54","±64","2.3%","±2.7","1,915","±326","1.9%","±0.3","1,909","±63","2.5%","±0.1","6,527","±259","7.5%","±0.3","940","±5","2.8%","±0.1","536,351","±1,612","23.7%","±0.1","24,417","±387","8.8%","±0.1","1,640","±194","3.7%","±0.4","373","±40","1.6%","±0.2","1,875","±166","2.2%","±0.2","143","±3","1.3%","±0.1","1,757","±84","2.6%","±0.1","584","±32","1.4%","±0.1","614","±8","2.6%","±0.1","226","±12","1.6%","±0.1","100,111","±1,075","10.8%","±0.1","407","±37","2.2%","±0.2","4,454","±144","3.4%","±0.1","308","±58","2.5%","±0.5","132,894","±1,226","15.9%","±0.1","22,389","±399","4.1%","±0.1","758","±68","1.6%","±0.1","26,947","±375","9.1%","±0.1","195","±76","4.3%","±1.7","1,793","±119","2.9%","±0.2","15,369","±267","6.7%","±0.1","4,997","±244","10.6%","±0.5","5,694","±422","2.2%","±0.2"
"        Native Hawaiian and Other Pacific Islander","56","±58","0.3%","±0.3","98","±93","0.4%","±0.4","1,250","±292","0.6%","±0.1","318","±83","0.4%","±0.1","191","±84","0.2%","±0.1","8,590","±750","1.7%","±0.1","6","±10","0.2%","±0.2","983","±359","0.9%","±0.3","220","±53","0.5%","±0.1","141","±76","1.9%","±1.0","490","±169","0.5%","±0.2","0","±13","0.0%","±1.7","146","±150","0.1%","±0.1","667","±139","0.9%","±0.2","751","±141","0.9%","±0.2","110","±77","0.3%","±0.2","30,736","±1,244","1.4%","±0.1","5,382","±530","1.9%","±0.2","149","±90","0.3%","±0.2","116","±92","0.5%","±0.4","440","±130","0.5%","±0.2","64","±46","0.6%","±0.4","867","±194","1.3%","±0.3","227","±118","0.5%","±0.3","76","±71","0.3%","±0.3","30","±41","0.2%","±0.3","25,956","±1,077","2.8%","±0.1","108","±29","0.6%","±0.2","970","±294","0.7%","±0.2","124","±72","1.0%","±0.6","10,114","±727","1.2%","±0.1","5,641","±477","1.0%","±0.1","169","±13","0.4%","±0.1","5,088","±511","1.7%","±0.2","42","±60","0.9%","±1.3","419","±79","0.7%","±0.1","1,800","±323","0.8%","±0.1","420","±233","0.9%","±0.5","1,688","±528","0.7%","±0.2"
"        Some Other Race","9,595","±724","46.4%","±3.5","1,002","±236","4.5%","±1.1","38,688","±1,934","18.4%","±0.9","20,797","±840","26.2%","±1.1","3,896","±540","5.0%","±0.7","46,341","±2,247","9.1%","±0.4","398","±70","10.0%","±1.8","7,750","±922","6.9%","±0.8","14,310","±513","32.7%","±1.2","197","±97","2.7%","±1.3","38,910","±1,788","39.8%","±1.8","84","±73","3.6%","±3.1","34,915","±1,529","34.8%","±1.5","5,900","±769","7.7%","±1.0","5,355","±667","6.2%","±0.8","1,694","±474","5.1%","±1.4","207,330","±4,616","9.2%","±0.2","18,231","±1,210","6.6%","±0.4","4,327","±546","9.7%","±1.2","2,144","±412","9.3%","±1.8","7,394","±751","8.8%","±0.9","278","±103","2.5%","±0.9","7,038","±783","10.5%","±1.2","7,572","±571","17.7%","±1.3","2,173","±314","9.1%","±1.3","769","±250","5.6%","±1.8","81,225","±2,549","8.8%","±0.3","1,081","±134","5.9%","±0.7","19,152","±1,138","14.7%","±0.9","620","±192","5.1%","±1.6","81,072","±3,014","9.7%","±0.4","27,063","±1,649","5.0%","±0.3","1,469","±334","3.1%","±0.7","22,177","±1,590","7.5%","±0.5","230","±128","5.0%","±2.8","10,166","±699","16.4%","±1.1","19,566","±1,361","8.6%","±0.6","3,492","±585","7.4%","±1.2","97,969","±2,962","38.2%","±1.2"
"HISPANIC OR LATINO AND RACE","","","","","","","","","","","","","","","","","","","","","","","","","","","","","","","","","","","","","","","","","","","","","","","","","","","","","","","","","","","","","","","","","","","","","","","","","","","","","","","","","","","","","","","","","","","","","","","","","","","","","","","","","","","","","","","","","","","","","","","","","","","","","","","","","","","","","","","","","","","","","","","","","","","","","","","","","","","",""
"    Total population","20,690","*****","20,690","(X)","22,424","*****","22,424","(X)","210,224","*****","210,224","(X)","79,518","*****","79,518","(X)","77,593","*****","77,593","(X)","510,516","*****","510,516","(X)","3,996","*****","3,996","(X)","111,539","*****","111,539","(X)","43,733","*****","43,733","(X)","7,326","*****","7,326","(X)","97,676","*****","97,676","(X)","2,326","*****","2,326","(X)","100,428","*****","100,428","(X)","76,397","*****","76,397","(X)","86,747","*****","86,747","(X)","33,313","*****","33,313","(X)","2,262,713","*****","2,262,713","(X)","276,581","*****","276,581","(X)","44,736","*****","44,736","(X)","23,082","*****","23,082","(X)","83,925","*****","83,925","(X)","11,271","*****","11,271","(X)","66,968","*****","66,968","(X)","42,811","*****","42,811","(X)","23,750","*****","23,750","(X)","13,811","*****","13,811","(X)","924,106","*****","924,106","(X)","18,266","*****","18,266","(X)","130,407","*****","130,407","(X)","12,276","*****","12,276","(X)","834,648","*****","834,648","(X)","544,323","*****","544,323","(X)","47,470","*****","47,470","(X)","296,640","*****","296,640","(X)","4,573","*****","4,573","(X)","62,102","*****","62,102","(X)","228,432","*****","228,432","(X)","47,042","*****","47,042","(X)","256,605","*****","256,605","(X)"
"        Hispanic or Latino (of any race)","13,255","*****","64.1%","*****","996","*****","4.4%","*****","52,111","*****","24.8%","*****","22,604","*****","28.4%","*****","5,095","*****","6.6%","*****","61,186","*****","12.0%","*****","327","*****","8.2%","*****","11,367","*****","10.2%","*****","15,162","*****","34.7%","*****","240","*****","3.3%","*****","53,485","*****","54.8%","*****","83","±74","3.6%","±3.2","43,512","*****","43.3%","*****","8,262","*****","10.8%","*****","7,384","*****","8.5%","*****","1,415","*****","4.2%","*****","245,320","*****","10.8%","*****","25,018","*****","9.0%","*****","4,626","*****","10.3%","*****","2,981","*****","12.9%","*****","9,408","*****","11.2%","*****","447","*****","4.0%","*****","8,128","*****","12.1%","*****","8,676","*****","20.3%","*****","2,313","*****","9.7%","*****","521","*****","3.8%","*****","115,594","*****","12.5%","*****","1,364","*****","7.5%","*****","24,646","*****","18.9%","*****","807","*****","6.6%","*****","98,816","*****","11.8%","*****","37,356","*****","6.9%","*****","1,904","*****","4.0%","*****","30,528","*****","10.3%","*****","281","±73","6.1%","±1.6","14,538","*****","23.4%","*****","23,662","*****","10.4%","*****","3,783","*****","8.0%","*****","132,408","*****","51.6%","*****"
"            Mexican","12,466","±448","60.3%","±2.2","634","±167","2.8%","±0.7","45,684","±1,122","21.7%","±0.5","20,004","±900","25.2%","±1.1","3,664","±289","4.7%","±0.4","46,995","±1,733","9.2%","±0.3","296","±37","7.4%","±0.9","8,803","±588","7.9%","±0.5","14,587","±198","33.4%","±0.5","183","±41","2.5%","±0.6","49,030","±1,323","50.2%","±1.4","72","±70","3.1%","±3.0","39,705","±1,098","39.5%","±1.1","6,378","±400","8.3%","±0.5","5,261","±483","6.1%","±0.6","939","±184","2.8%","±0.6","163,246","±3,039","7.2%","±0.1","14,708","±860","5.3%","±0.3","3,624","±293","8.1%","±0.7","2,456","±252","10.6%","±1.1","7,118","±503","8.5%","±0.6","324","±85","2.9%","±0.8","3,996","±582","6.0%","±0.9","8,198","±211","19.1%","±0.5","1,853","±191","7.8%","±0.8","326","±66","2.4%","±0.5","77,511","±2,027","8.4%","±0.2","1,017","±96","5.6%","±0.5","20,848","±742","16.0%","±0.6","710","±75","5.8%","±0.6","68,206","±2,420","8.2%","±0.3","25,772","±1,172","4.7%","±0.2","1,411","±156","3.0%","±0.3","18,526","±1,289","6.2%","±0.4","63","±56","1.4%","±1.2","11,761","±635","18.9%","±1.0","16,266","±965","7.1%","±0.4","2,547","±293","5.4%","±0.6","123,118","±1,621","48.0%","±0.6"
"            Puerto Rican","56","±91","0.3%","±0.4","15","±19","0.1%","±0.1","650","±306","0.3%","±0.1","41","±35","0.1%","±0.1","243","±163","0.3%","±0.2","2,261","±572","0.4%","±0.1","5","±11","0.1%","±0.3","200","±125","0.2%","±0.1","32","±37","0.1%","±0.1","23","±31","0.3%","±0.4","431","±325","0.4%","±0.3","0","±13","0.0%","±1.7","114","±104","0.1%","±0.1","112","±70","0.1%","±0.1","493","±248","0.6%","±0.3","33","±31","0.1%","±0.1","9,887","±1,014","0.4%","±0.1","2,587","±624","0.9%","±0.2","80","±81","0.2%","±0.2","35","±32","0.2%","±0.1","550","±239","0.7%","±0.3","8","±11","0.1%","±0.1","359","±170","0.5%","±0.3","157","±164","0.4%","±0.4","77","±80","0.3%","±0.3","4","±6","0.0%","±0.1","10,915","±1,157","1.2%","±0.1","36","±24","0.2%","±0.1","592","±239","0.5%","±0.2","4","±11","0.0%","±0.1","4,214","±725","0.5%","±0.1","2,622","±592","0.5%","±0.1","77","±86","0.2%","±0.2","4,092","±1,057","1.4%","±0.4","9","±13","0.2%","±0.3","397","±247","0.6%","±0.4","976","±270","0.4%","±0.1","137","±88","0.3%","±0.2","848","±403","0.3%","±0.2"
"            Cuban","0","±25","0.0%","±0.2","20","±29","0.1%","±0.1","1,003","±546","0.5%","±0.3","33","±40","0.0%","±0.1","114","±103","0.1%","±0.1","849","±316","0.2%","±0.1","0","±13","0.0%","±1.0","125","±112","0.1%","±0.1","0","±28","0.0%","±0.1","0","±19","0.0%","±0.5","208","±127","0.2%","±0.1","0","±13","0.0%","±1.7","3","±6","0.0%","±0.1","86","±90","0.1%","±0.1","77","±74","0.1%","±0.1","0","±28","0.0%","±0.1","3,846","±655","0.2%","±0.1","419","±169","0.2%","±0.1","112","±140","0.3%","±0.3","40","±64","0.2%","±0.3","154","±123","0.2%","±0.1","0","±21","0.0%","±0.4","39","±46","0.1%","±0.1","10","±17","0.0%","±0.1","55","±46","0.2%","±0.2","37","±45","0.3%","±0.3","2,091","±647","0.2%","±0.1","23","±17","0.1%","±0.1","132","±83","0.1%","±0.1","0","±21","0.0%","±0.3","1,356","±468","0.2%","±0.1","603","±284","0.1%","±0.1","22","±32","0.0%","±0.1","546","±253","0.2%","±0.1","51","±79","1.1%","±1.7","58","±54","0.1%","±0.1","223","±136","0.1%","±0.1","70","±85","0.1%","±0.2","251","±189","0.1%","±0.1"
"            Other Hispanic or Latino","733","±455","3.5%","±2.2","327","±171","1.5%","±0.8","4,774","±956","2.3%","±0.5","2,526","±902","3.2%","±1.1","1,074","±236","1.4%","±0.3","11,081","±1,550","2.2%","±0.3","26","±36","0.7%","±0.9","2,239","±543","2.0%","±0.5","543","±189","1.2%","±0.4","34","±35","0.5%","±0.5","3,816","±1,267","3.9%","±1.3","11","±14","0.5%","±0.6","3,690","±1,089","3.7%","±1.1","1,686","±380","2.2%","±0.5","1,553","±368","1.8%","±0.4","443","±179","1.3%","±0.5","68,341","±2,903","3.0%","±0.1","7,304","±821","2.6%","±0.3","810","±233","1.8%","±0.5","450","±246","1.9%","±1.1","1,586","±435","1.9%","±0.5","115","±76","1.0%","±0.7","3,734","±622","5.6%","±0.9","311","±120","0.7%","±0.3","328","±166","1.4%","±0.7","154","±74","1.1%","±0.5","25,077","±1,754","2.7%","±0.2","288","±95","1.6%","±0.5","3,074","±663","2.4%","±0.5","93","±69","0.8%","±0.6","25,040","±2,338","3.0%","±0.3","8,359","±1,043","1.5%","±0.2","394","±143","0.8%","±0.3","7,364","±1,006","2.5%","±0.3","158","±121","3.5%","±2.7","2,322","±577","3.7%","±0.9","6,197","±867","2.7%","±0.4","1,029","±272","2.2%","±0.6","8,191","±1,588","3.2%","±0.6"
"        Not Hispanic or Latino","7,435","*****","35.9%","*****","21,428","*****","95.6%","*****","158,113","*****","75.2%","*****","56,914","*****","71.6%","*****","72,498","*****","93.4%","*****","449,330","*****","88.0%","*****","3,669","*****","91.8%","*****","100,172","*****","89.8%","*****","28,571","*****","65.3%","*****","7,086","*****","96.7%","*****","44,191","*****","45.2%","*****","2,243","±74","96.4%","±3.2","56,916","*****","56.7%","*****","68,135","*****","89.2%","*****","79,363","*****","91.5%","*****","31,898","*****","95.8%","*****","2,017,393","*****","89.2%","*****","251,563","*****","91.0%","*****","40,110","*****","89.7%","*****","20,101","*****","87.1%","*****","74,517","*****","88.8%","*****","10,824","*****","96.0%","*****","58,840","*****","87.9%","*****","34,135","*****","79.7%","*****","21,437","*****","90.3%","*****","13,290","*****","96.2%","*****","808,512","*****","87.5%","*****","16,902","*****","92.5%","*****","105,761","*****","81.1%","*****","11,469","*****","93.4%","*****","735,832","*****","88.2%","*****","506,967","*****","93.1%","*****","45,566","*****","96.0%","*****","266,112","*****","89.7%","*****","4,292","±73","93.9%","±1.6","47,564","*****","76.6%","*****","204,770","*****","89.6%","*****","43,259","*****","92.0%","*****","124,197","*****","48.4%","*****"
"            White alone","6,640","±127","32.1%","±0.6","19,650","±185","87.6%","±0.8","138,200","±576","65.7%","±0.3","52,671","±298","66.2%","±0.4","62,668","±281","80.8%","±0.4","375,468","±1,272","73.5%","±0.2","3,256","±70","81.5%","±1.8","89,902","±559","80.6%","±0.5","25,892","±224","59.2%","±0.5","5,319","±84","72.6%","±1.1","36,844","±464","37.7%","±0.5","2,082","±113","89.5%","±4.9","50,182","±625","50.0%","±0.6","59,034","±314","77.3%","±0.4","66,449","±353","76.6%","±0.4","28,414","±398","85.3%","±1.2","1,229,507","±2,012","54.3%","±0.1","203,638","±652","73.6%","±0.2","35,688","±462","79.8%","±1.0","18,233","±222","79.0%","±1.0","67,642","±386","80.6%","±0.5","10,055","±39","89.2%","±0.3","50,737","±536","75.8%","±0.8","27,189","±243","63.5%","±0.6","18,989","±197","80.0%","±0.8","11,807","±222","85.5%","±1.6","577,336","±1,182","62.5%","±0.1","15,725","±59","86.1%","±0.3","93,511","±490","71.7%","±0.4","10,303","±147","83.9%","±1.2","531,121","±1,468","63.6%","±0.2","444,020","±929","81.6%","±0.2","40,312","±257","84.9%","±0.5","209,556","±1,007","70.6%","±0.3","3,842","±121","84.0%","±2.7","42,505","±271","68.4%","±0.4","173,866","±862","76.1%","±0.4","34,698","±486","73.8%","±1.0","102,978","±648","40.1%","±0.3"
"            Black or African American alone","77","±70","0.4%","±0.3","189","±98","0.8%","±0.4","3,166","±425","1.5%","±0.2","402","±109","0.5%","±0.1","651","±151","0.8%","±0.2","10,363","±781","2.0%","±0.2","28","±39","0.7%","±1.0","763","±269","0.7%","±0.2","202","±68","0.5%","±0.2","11","±11","0.2%","±0.1","1,803","±324","1.8%","±0.3","30","±37","1.3%","±1.6","1,196","±204","1.2%","±0.2","1,241","±108","1.6%","±0.1","2,278","±306","2.6%","±0.4","114","±66","0.3%","±0.2","144,810","±2,338","6.4%","±0.1","6,687","±523","2.4%","±0.2","438","±102","1.0%","±0.2","166","±41","0.7%","±0.2","502","±132","0.6%","±0.2","42","±26","0.4%","±0.2","670","±145","1.0%","±0.2","698","±337","1.6%","±0.8","121","±81","0.5%","±0.3","41","±54","0.3%","±0.4","62,678","±1,926","6.8%","±0.2","48","±39","0.3%","±0.2","971","±132","0.7%","±0.1","34","±23","0.3%","±0.2","29,470","±1,071","3.5%","±0.1","10,372","±738","1.9%","±0.1","127","±78","0.3%","±0.2","9,413","±713","3.2%","±0.2","50","±30","1.1%","±0.7","1,068","±212","1.7%","±0.3","1,916","±333","0.8%","±0.1","733","±178","1.6%","±0.4","1,918","±239","0.7%","±0.1"
"            American Indian and Alaska Native alone","47","±36","0.2%","±0.2","202","±155","0.9%","±0.7","928","±283","0.4%","±0.1","537","±122","0.7%","±0.2","2,634","±280","3.4%","±0.4","1,551","±274","0.3%","±0.1","16","±20","0.4%","±0.5","794","±259","0.7%","±0.2","249","±82","0.6%","±0.2","954","±143","13.0%","±2.0","198","±104","0.2%","±0.1","0","±13","0.0%","±1.7","712","±215","0.7%","±0.2","2,854","±287","3.7%","±0.4","577","±154","0.7%","±0.2","375","±104","1.1%","±0.3","9,218","±590","0.4%","±0.1","2,271","±269","0.8%","±0.1","164","±88","0.4%","±0.2","278","±121","1.2%","±0.5","669","±168","0.8%","±0.2","192","±92","1.7%","±0.8","918","±249","1.4%","±0.4","3,339","±337","7.8%","±0.8","430","±107","1.8%","±0.5","256","±88","1.9%","±0.6","6,071","±549","0.7%","±0.1","67","±32","0.4%","±0.2","1,386","±157","1.1%","±0.1","179","±79","1.5%","±0.6","5,963","±517","0.7%","±0.1","4,217","±461","0.8%","±0.1","1,819","±188","3.8%","±0.4","2,555","±398","0.9%","±0.1","9","±13","0.2%","±0.3","205","±85","0.3%","±0.1","3,839","±377","1.7%","±0.2","188","±65","0.4%","±0.1","6,528","±608","2.5%","±0.2"
"            Asian alone","129","±73","0.6%","±0.4","215","±74","1.0%","±0.3","6,041","±472","2.9%","±0.2","629","±155","0.8%","±0.2","1,246","±175","1.6%","±0.2","23,938","±925","4.7%","±0.2","1","±2","0.0%","±0.1","1,285","±222","1.2%","±0.2","371","±174","0.8%","±0.4","19","±32","0.3%","±0.4","1,494","±228","1.5%","±0.2","25","±39","1.1%","±1.7","878","±167","0.9%","±0.2","943","±169","1.2%","±0.2","4,194","±294","4.8%","±0.3","443","±109","1.3%","±0.3","447,125","±3,296","19.8%","±0.1","13,006","±724","4.7%","±0.3","790","±202","1.8%","±0.5","210","±57","0.9%","±0.2","878","±179","1.0%","±0.2","78","±27","0.7%","±0.2","672","±194","1.0%","±0.3","208","±51","0.5%","±0.1","404","±55","1.7%","±0.2","54","±37","0.4%","±0.3","59,584","±1,774","6.4%","±0.2","209","±32","1.1%","±0.2","2,619","±230","2.0%","±0.2","153","±36","1.2%","±0.3","106,435","±1,799","12.8%","±0.2","12,150","±691","2.2%","±0.1","371","±87","0.8%","±0.2","16,994","±844","5.7%","±0.3","108","±81","2.4%","±1.8","1,152","±134","1.9%","±0.2","9,629","±612","4.2%","±0.3","3,481","±293","7.4%","±0.6","2,766","±267","1.1%","±0.1"
"            Native Hawaiian and Other Pacific Islander alone","56","±58","0.3%","±0.3","0","±25","0.0%","±0.2","422","±109","0.2%","±0.1","62","±38","0.1%","±0.1","33","±29","0.0%","±0.1","4,068","±397","0.8%","±0.1","0","±13","0.0%","±1.0","322","±156","0.3%","±0.1","128","±29","0.3%","±0.1","132","±74","1.8%","±1.0","146","±63","0.1%","±0.1","0","±13","0.0%","±1.7","18","±30","0.0%","±0.1","311","±66","0.4%","±0.1","310","±153","0.4%","±0.2","40","±46","0.1%","±0.1","16,674","±661","0.7%","±0.1","2,466","±247","0.9%","±0.1","42","±42","0.1%","±0.1","82","±85","0.4%","±0.4","181","±38","0.2%","±0.1","21","±20","0.2%","±0.2","173","±104","0.3%","±0.2","54","±57","0.1%","±0.1","13","±16","0.1%","±0.1","25","±39","0.2%","±0.3","13,800","±772","1.5%","±0.1","44","±8","0.2%","±0.1","251","±115","0.2%","±0.1","28","±27","0.2%","±0.2","4,245","±470","0.5%","±0.1","3,563","±252","0.7%","±0.1","108","±29","0.2%","±0.1","2,966","±300","1.0%","±0.1","0","±13","0.0%","±0.9","98","±72","0.2%","±0.1","604","±115","0.3%","±0.1","86","±133","0.2%","±0.3","1,102","±492","0.4%","±0.2"
"            Some Other Race alone","64","±78","0.3%","±0.4","194","±130","0.9%","±0.6","1,422","±533","0.7%","±0.3","295","±169","0.4%","±0.2","328","±179","0.4%","±0.2","2,840","±665","0.6%","±0.1","7","±11","0.2%","±0.3","558","±327","0.5%","±0.3","134","±117","0.3%","±0.3","31","±42","0.4%","±0.6","643","±386","0.7%","±0.4","0","±13","0.0%","±1.7","162","±134","0.2%","±0.1","134","±85","0.2%","±0.1","164","±111","0.2%","±0.1","439","±373","1.3%","±1.1","13,358","±1,652","0.6%","±0.1","1,359","±413","0.5%","±0.1","449","±235","1.0%","±0.5","164","±128","0.7%","±0.6","495","±239","0.6%","±0.3","30","±28","0.3%","±0.2","705","±431","1.1%","±0.6","153","±140","0.4%","±0.3","231","±154","1.0%","±0.6","127","±103","0.9%","±0.7","5,018","±888","0.5%","±0.1","56","±31","0.3%","±0.2","814","±300","0.6%","±0.2","130","±132","1.1%","±1.1","4,793","±1,106","0.6%","±0.1","2,001","±465","0.4%","±0.1","367","±218","0.8%","±0.5","1,909","±710","0.6%","±0.2","0","±13","0.0%","±0.9","210","±168","0.3%","±0.3","967","±495","0.4%","±0.2","462","±223","1.0%","±0.5","1,058","±501","0.4%","±0.2"
"            Two or More Races","422","±156","2.0%","±0.8","978","±233","4.4%","±1.0","7,934","±749","3.8%","±0.4","2,318","±325","2.9%","±0.4","4,938","±445","6.4%","±0.6","31,102","±1,920","6.1%","±0.4","361","±74","9.0%","±1.8","6,548","±657","5.9%","±0.6","1,595","±317","3.6%","±0.7","620","±141","8.5%","±1.9","3,063","±546","3.1%","±0.6","106","±57","4.6%","±2.5","3,768","±680","3.8%","±0.7","3,618","±512","4.7%","±0.7","5,391","±570","6.2%","±0.7","2,073","±211","6.2%","±0.6","156,701","±3,944","6.9%","±0.2","22,136","±1,099","8.0%","±0.4","2,539","±476","5.7%","±1.1","968","±225","4.2%","±1.0","4,150","±407","4.9%","±0.5","406","±88","3.6%","±0.8","4,965","±462","7.4%","±0.7","2,494","±358","5.8%","±0.8","1,249","±199","5.3%","±0.8","980","±253","7.1%","±1.8","84,025","±3,013","9.1%","±0.3","753","±70","4.1%","±0.4","6,209","±482","4.8%","±0.4","642","±117","5.2%","±1.0","53,805","±2,448","6.4%","±0.3","30,644","±1,591","5.6%","±0.3","2,462","±276","5.2%","±0.6","22,719","±1,363","7.7%","±0.5","283","±95","6.2%","±2.1","2,326","±353","3.7%","±0.6","13,949","±1,085","6.1%","±0.5","3,611","±582","7.7%","±1.2","7,847","±946","3.1%","±0.4"
"                Two races including Some Other Race","91","±100","0.4%","±0.5","166","±95","0.7%","±0.4","1,644","±316","0.8%","±0.2","670","±239","0.8%","±0.3","852","±247","1.1%","±0.3","5,414","±1,313","1.1%","±0.3","64","±69","1.6%","±1.7","1,118","±470","1.0%","±0.4","514","±224","1.2%","±0.5","54","±74","0.7%","±1.0","558","±322","0.6%","±0.3","36","±39","1.5%","±1.7","1,669","±596","1.7%","±0.6","815","±301","1.1%","±0.4","1,206","±346","1.4%","±0.4","366","±150","1.1%","±0.5","22,584","±1,813","1.0%","±0.1","2,299","±526","0.8%","±0.2","852","±403","1.9%","±0.9","338","±174","1.5%","±0.8","743","±293","0.9%","±0.3","50","±28","0.4%","±0.2","750","±303","1.1%","±0.5","574","±196","1.3%","±0.5","341","±150","1.4%","±0.6","254","±191","1.8%","±1.4","7,946","±1,159","0.9%","±0.1","154","±52","0.8%","±0.3","1,732","±416","1.3%","±0.3","143","±74","1.2%","±0.6","9,249","±1,267","1.1%","±0.2","5,100","±907","0.9%","±0.2","371","±152","0.8%","±0.3","3,970","±918","1.3%","±0.3","66","±55","1.4%","±1.2","541","±206","0.9%","±0.3","2,394","±653","1.0%","±0.3","1,085","±454","2.3%","±1.0","1,398","±518","0.5%","±0.2"
"                Two races excluding Some Other Race, and three or more races","331","±101","1.6%","±0.5","812","±207","3.6%","±0.9","6,290","±668","3.0%","±0.3","1,648","±234","2.1%","±0.3","4,086","±360","5.3%","±0.5","25,688","±1,329","5.0%","±0.3","297","±41","7.4%","±1.0","5,430","±481","4.9%","±0.4","1,081","±210","2.5%","±0.5","566","±130","7.7%","±1.8","2,505","±432","2.6%","±0.4","70","±44","3.0%","±1.9","2,099","±398","2.1%","±0.4","2,803","±359","3.7%","±0.5","4,185","±457","4.8%","±0.5","1,707","±162","5.1%","±0.5","134,117","±3,937","5.9%","±0.2","19,837","±956","7.2%","±0.3","1,687","±241","3.8%","±0.5","630","±136","2.7%","±0.6","3,407","±295","4.1%","±0.4","356","±87","3.2%","±0.8","4,215","±352","6.3%","±0.5","1,920","±319","4.5%","±0.7","908","±130","3.8%","±0.5","726","±114","5.3%","±0.8","76,079","±3,010","8.2%","±0.3","599","±57","3.3%","±0.3","4,477","±351","3.4%","±0.3","499","±91","4.1%","±0.7","44,556","±2,105","5.3%","±0.3","25,544","±1,159","4.7%","±0.2","2,091","±223","4.4%","±0.5","18,749","±1,111","6.3%","±0.4","217","±70","4.7%","±1.5","1,785","±268","2.9%","±0.4","11,555","±869","5.1%","±0.4","2,526","±346","5.4%","±0.7","6,449","±780","2.5%","±0.3"
"Total housing units","6,844","±34","(X)","(X)","10,165","±28","(X)","(X)","81,792","±91","(X)","(X)","38,129","±42","(X)","(X)","38,295","±49","(X)","(X)","201,114","±200","(X)","(X)","2,218","±14","(X)","(X)","45,884","±88","(X)","(X)","17,721","±35","(X)","(X)","4,105","±27","(X)","(X)","30,488","±244","(X)","(X)","1,223","±98","(X)","(X)","39,496","±85","(X)","(X)","36,568","±49","(X)","(X)","42,398","±71","(X)","(X)","19,359","±34","(X)","(X)","988,330","±260","(X)","(X)","115,329","±107","(X)","(X)","24,326","±48","(X)","(X)","10,722","±30","(X)","(X)","36,037","±52","(X)","(X)","5,840","±29","(X)","(X)","33,751","±48","(X)","(X)","22,015","±88","(X)","(X)","16,220","±62","(X)","(X)","8,036","±25","(X)","(X)","365,748","±159","(X)","(X)","13,951","±56","(X)","(X)","56,472","±81","(X)","(X)","5,899","±24","(X)","(X)","327,893","±151","(X)","(X)","228,156","±128","(X)","(X)","22,577","±62","(X)","(X)","123,333","±114","(X)","(X)","2,207","±105","(X)","(X)","25,219","±54","(X)","(X)","101,928","±116","(X)","(X)","21,232","±51","(X)","(X)","91,647","±147","(X)","(X)"
"CITIZEN, VOTING AGE POPULATION","","","","","","","","","","","","","","","","","","","","","","","","","","","","","","","","","","","","","","","","","","","","","","","","","","","","","","","","","","","","","","","","","","","","","","","","","","","","","","","","","","","","","","","","","","","","","","","","","","","","","","","","","","","","","","","","","","","","","","","","","","","","","","","","","","","","","","","","","","","","","","","","","","","","","","","","","","","",""
"    Citizen, 18 and over population","10,159","±393","10,159","(X)","17,716","±153","17,716","(X)","142,013","±920","142,013","(X)","55,052","±595","55,052","(X)","63,739","±225","63,739","(X)","371,153","±1,524","371,153","(X)","3,214","±65","3,214","(X)","84,000","±402","84,000","(X)","27,564","±484","27,564","(X)","6,023","±70","6,023","(X)","54,153","±966","54,153","(X)","1,890","±93","1,890","(X)","59,946","±990","59,946","(X)","58,720","±395","58,720","(X)","69,349","±356","69,349","(X)","28,708","±242","28,708","(X)","1,547,797","±5,590","1,547,797","(X)","214,175","±715","214,175","(X)","36,033","±236","36,033","(X)","17,672","±191","17,672","(X)","63,367","±390","63,367","(X)","8,698","±60","8,698","(X)","51,212","±390","51,212","(X)","29,430","±390","29,430","(X)","19,502","±170","19,502","(X)","11,050","±67","11,050","(X)","671,367","±2,136","671,367","(X)","15,327","±113","15,327","(X)","96,484","±720","96,484","(X)","9,935","±69","9,935","(X)","580,086","±2,605","580,086","(X)","415,426","±1,202","415,426","(X)","37,103","±104","37,103","(X)","224,301","±876","224,301","(X)","3,633","±98","3,633","(X)","46,563","±355","46,563","(X)","175,606","±1,004","175,606","(X)","37,368","±357","37,368","(X)","151,164","±1,328","151,164","(X)"
"        Male","5,117","±240","50.4%","±1.7","8,674","±99","49.0%","±0.5","70,571","±769","49.7%","±0.3","27,332","±435","49.6%","±0.5","31,129","±199","48.8%","±0.2","182,928","±871","49.3%","±0.1","1,585","±81","49.3%","±2.0","41,622","±281","49.6%","±0.2","13,554","±354","49.2%","±0.7","3,028","±56","50.3%","±0.7","27,997","±645","51.7%","±0.8","1,016","±71","53.8%","±3.1","29,787","±716","49.7%","±0.6","30,111","±266","51.3%","±0.3","34,959","±261","50.4%","±0.3","13,968","±165","48.7%","±0.4","777,774","±3,210","50.3%","±0.1","110,617","±418","51.6%","±0.1","18,095","±173","50.2%","±0.3","8,766","±145","49.6%","±0.6","31,642","±235","49.9%","±0.3","4,375","±59","50.3%","±0.5","26,644","±319","52.0%","±0.4","14,488","±351","49.2%","±0.9","9,649","±135","49.5%","±0.5","5,708","±78","51.7%","±0.6","335,556","±1,362","50.0%","±0.1","7,560","±54","49.3%","±0.3","47,731","±460","49.5%","±0.3","5,075","±86","51.1%","±0.7","291,289","±1,554","50.2%","±0.1","205,749","±832","49.5%","±0.1","18,510","±76","49.9%","±0.2","109,839","±451","49.0%","±0.1","1,759","±107","48.4%","±2.3","23,676","±311","50.8%","±0.6","86,220","±776","49.1%","±0.3","18,752","±277","50.2%","±0.5","73,563","±933","48.7%","±0.4"
"        Female","5,042","±280","49.6%","±1.7","9,042","±131","51.0%","±0.5","71,442","±439","50.3%","±0.3","27,720","±384","50.4%","±0.5","32,610","±158","51.2%","±0.2","188,225","±856","50.7%","±0.1","1,629","±61","50.7%","±2.0","42,378","±273","50.5%","±0.2","14,010","±248","50.8%","±0.7","2,995","±57","49.7%","±0.7","26,156","±672","48.3%","±0.8","874","±79","46.2%","±3.1","30,159","±443","50.3%","±0.6","28,609","±253","48.7%","±0.3","34,390","±287","49.6%","±0.3","14,740","±175","51.3%","±0.4","770,023","±3,245","49.7%","±0.1","103,558","±488","48.4%","±0.1","17,938","±149","49.8%","±0.3","8,906","±143","50.4%","±0.6","31,725","±281","50.1%","±0.3","4,323","±51","49.7%","±0.5","24,568","±278","48.0%","±0.4","14,942","±290","50.8%","±0.9","9,853","±113","50.5%","±0.5","5,342","±70","48.3%","±0.6","335,811","±1,138","50.0%","±0.1","7,767","±94","50.7%","±0.3","48,753","±454","50.5%","±0.3","4,860","±60","48.9%","±0.7","288,797","±1,523","49.8%","±0.1","209,677","±652","50.5%","±0.1","18,593","±92","50.1%","±0.2","114,462","±633","51.0%","±0.1","1,874","±84","51.6%","±2.3","22,887","±374","49.2%","±0.6","89,386","±544","50.9%","±0.3","18,616","±216","49.8%","±0.5","77,601","±752","51.3%","±0.4"