X,Y,FID,OBJECTID,Station_Na,Station_Id,Fuel_Type,facility_t,Access_Hou,Current_St,Accessabil,Access_Det,Restricted,Payment_Me,Date_Last_,Date_Las_1,Open_Date,Availabili,Zipcode_Ro,Address,City,Zipcode,State,Country,Latitude,Longitude,Directions,Federal_Ow,Phone_Numb,Ownership_,EV_Network,EV_Netwo_1,EV_Level1_,EV_Level2_,EV_DC_Fast,Total_Leve,EV_Other_E,EV_Connect,EV_Netwo_2,EV_Pricing,EV_Renewab,Geocode_St
-13600961.2838,6059126.06079999,1,1601,ASPECT ASPCT AT TOTEM,235493,ELEC, ,24 hours daily,E,Public, , , ,2023/08/07 00:00:00+00,2023/08/07 00:00:00+00,2022/11/01 00:00:00+00,, ,12540 120th Ave NE,Kirkland,98034,WA,US,47.712309,-122.179514, , ,888-758-4389, ,USCPIL12866511,ChargePoint Network,0,2,0,2, ,J1772,http://www.chargepoint.com/, , ,GPS
-13596627.0595,6072514.0789,2,1201,KING COUNTY WTD BRIGHTWATER - 2,197831,ELEC, ,24 hours daily,E,Public, , , ,2023/08/07 00:00:00+00,2023/08/07 00:00:00+00,2021/10/16 00:00:00+00,, ,22503 WA-9,Woodinville,98072,WA,US,47.793168,-122.140579, , ,888-758-4389, ,USCPIL8742311,ChargePoint Network,0,2,0,2, ,J1772,http://www.chargepoint.com/, , ,GPS
-13056383.8859,6050032.7682,3,1602,SPOKANE HYUNDAI SPOKANE HYUNDAI,235496,ELEC, ,24 hours daily,T,Public, , , ,2023/08/07 00:00:00+00,2023/08/07 00:00:00+00,2022/11/01 00:00:00+00,2023/02/23 00:00:00+00, ,8801 E Sprague Ave,Spokane Valley,99212,WA,US,47.657317,-117.287492, , ,888-758-4389, ,USCPIL13021791,ChargePoint Network,0,1,0,1, ,J1772,http://www.chargepoint.com/, , ,GPS
-13596626.8368,6072501.817,4,1202,KING COUNTY WTD BRIGHTWATER - 4,197832,ELEC, ,24 hours daily,E,Public, , , ,2023/08/07 00:00:00+00,2023/08/07 00:00:00+00,2021/10/16 00:00:00+00,, ,22503 WA-9,Woodinville,98072,WA,US,47.793094,-122.140577, , ,888-758-4389, ,USCPIL8742351,ChargePoint Network,0,2,0,2, ,J1772,http://www.chargepoint.com/, , ,GPS
-13084454.7653,6044696.87340001,5,1603,SIA E GARAGE F.2 #2,235500,ELEC, ,24 hours daily,E,Public, , , ,2023/08/07 00:00:00+00,2023/08/07 00:00:00+00,2022/11/01 00:00:00+00,, ,9000 W. Airport Drive,Airway Heights,99224,WA,US,47.625021,-117.539657, , ,888-758-4389, ,USCPIL13092571,ChargePoint Network,0,2,0,2, ,J1772,http://www.chargepoint.com/, , ,GPS
-13596629.1745,6072506.78800001,6,1203,KING COUNTY WTD BRIGHTWATER - 3,197833,ELEC, ,24 hours daily,E,Public, , , ,2023/08/07 00:00:00+00,2023/08/07 00:00:00+00,2021/10/16 00:00:00+00,, ,22503 WA-9,Woodinville,98072,WA,US,47.793124,-122.140598, , ,888-758-4389, ,USCPIL8742371,ChargePoint Network,0,2,0,2, ,J1772,http://www.chargepoint.com/, , ,GPS
-13084489.3856,6044707.7745,7,1604,SIA E GARAGE F.2 #6,235501,ELEC, ,24 hours daily,E,Public, , , ,2023/08/07 00:00:00+00,2023/08/07 00:00:00+00,2022/11/01 00:00:00+00,, ,9000 W. Airport Drive,Airway Heights,99224,WA,US,47.625087,-117.539968, , ,888-758-4389, ,USCPIL13092621,ChargePoint Network,0,2,0,2, ,J1772,http://www.chargepoint.com/, , ,GPS
-13595322.395,6052756.5093,8,1204,RADIATE 4000 RADIATE 1,197922,ELEC, ,24 hours daily,E,Public, , , ,2023/08/07 00:00:00+00,2023/08/07 00:00:00+00,2021/10/20 00:00:00+00,, ,15808 Bear Creek Pkwy,Redmond,98052,WA,US,47.673795,-122.128859, , ,888-758-4389, ,USCPIL8384311,ChargePoint Network,0,2,0,2, ,J1772,http://www.chargepoint.com/, , ,GPS
-13084470.2387,6044694.3959,9,1605,SIA E GARAGE F.2 #4,235502,ELEC, ,24 hours daily,E,Public, , , ,2023/08/07 00:00:00+00,2023/08/07 00:00:00+00,2022/11/01 00:00:00+00,, ,9000 W. Airport Drive,Airway Heights,99224,WA,US,47.625006,-117.539796, , ,888-758-4389, ,USCPIL13092631,ChargePoint Network,0,2,0,2, ,J1772,http://www.chargepoint.com/, , ,GPS
-13595326.1799,6052761.30369999,10,1205,RADIATE 4000 RADIATE 2,197923,ELEC, ,24 hours daily,E,Public, , , ,2023/08/07 00:00:00+00,2023/08/07 00:00:00+00,2021/10/20 00:00:00+00,, ,15808 Bear Creek Pkwy,Redmond,98052,WA,US,47.673824,-122.128893, , ,888-758-4389, ,USCPIL8384691,ChargePoint Network,0,1,0,1, ,J1772,http://www.chargepoint.com/, , ,GPS
-13084455.8785,6044696.87340001,11,1606,SIA E GARAGE F.2 #3,235503,ELEC, ,24 hours daily,E,Public, , , ,2023/08/07 00:00:00+00,2023/08/07 00:00:00+00,2022/11/01 00:00:00+00,, ,9000 W. Airport Drive,Airway Heights,99224,WA,US,47.625021,-117.539667, , ,888-758-4389, ,USCPIL13092641,ChargePoint Network,0,2,0,2, ,J1772,http://www.chargepoint.com/, , ,GPS
-13636561.7023,5979373.6322,12,1206,Tacoma Recovery and Transfer Center,198034,ELEC, ,24 hours daily,E,Public, , , ,2023/06/20 00:00:00+00,2023/06/20 00:00:00+00,2021/08/16 00:00:00+00,, ,3510 South Mullen Street,Tacoma,98368,WA,US,47.228027,-122.499318,"Campus gate open, 8a - 5:30p daily.  3 dual- plug Level 2 J stations, East of SWM Administration Building in parking lot", ,800-663-5633, ,5608,SemaCharge Network,0,6,0,6, ,J1772,https://semaconnect.com/,$0.40/Hr Parking Fee, ,GPS
-13084474.1348,6044696.54310001,13,1607,SIA E GARAGE F.2 #5,235504,ELEC, ,24 hours daily,E,Public, , , ,2023/08/07 00:00:00+00,2023/08/07 00:00:00+00,2022/11/01 00:00:00+00,, ,9000 W. Airport Drive,Airway Heights,99224,WA,US,47.625019,-117.539831, , ,888-758-4389, ,USCPIL13092671,ChargePoint Network,0,2,0,2, ,J1772,http://www.chargepoint.com/, , ,GPS
-13620352.8052,6044100.30939999,14,1207,CPA STATION 10,198135,ELEC, ,24 hours daily,E,Public, , , ,2023/08/07 00:00:00+00,2023/08/07 00:00:00+00,2021/10/23 00:00:00+00,, ,305 Thomas St,Seattle,98109,WA,US,47.621409,-122.353711, , ,888-758-4389, ,USCPIL9927131,ChargePoint Network,0,2,0,2, ,J1772,http://www.chargepoint.com/, , ,GPS
-13084449.9785,6044713.55529999,15,1608,SIA E GARAGE F.2 #1,235514,ELEC, ,24 hours daily,E,Public, , , ,2023/08/07 00:00:00+00,2023/08/07 00:00:00+00,2022/11/01 00:00:00+00,, ,9000 W. Airport Drive,Airway Heights,99224,WA,US,47.625122,-117.539614, , ,888-758-4389, ,USCPIL13135311,ChargePoint Network,0,1,0,1, ,J1772,http://www.chargepoint.com/, , ,GPS
-13620342.8978,6044084.1241,16,1208,CPA STATION 4,198136,ELEC, ,24 hours daily,E,Public, , , ,2023/08/07 00:00:00+00,2023/08/07 00:00:00+00,2021/10/23 00:00:00+00,, ,305 Thomas St,Seattle,98109,WA,US,47.621311,-122.353622, , ,888-758-4389, ,USCPIL9927161,ChargePoint Network,0,2,0,2, ,J1772,http://www.chargepoint.com/, , ,GPS
-13618062.0727,6042154.9911,17,401,Washington Athletic Club Garage - Tesla Destination,122581,ELEC, , ,E,Public, , , ,2022/10/06 00:00:00+00,2023/01/18 00:00:00+00,2019/01/29 00:00:00+00,, ,1325 6th Ave,Seattle,98101,WA,US,47.609629,-122.333133, , ,"206-839-4795, 877-798-3752",P,513220,Tesla Destination,0,5,0,5, ,"J1772, Tesla",https://www.tesla.com/destination-charging,Free, ,200-9
-13601810.095,6069077.7919,18,1609,Schnitzer West LLC,235528,ELEC, , ,E,Public, , , ,2023/08/07 00:00:00+00,2023/08/07 00:00:00+00,2022/11/01 00:00:00+00,, ,19820 North Creek Pkwy,Bothell,98011,WA,US,47.772426,-122.187139, , ,866-816-7584, ,17705817-b9c1-4ef7-9eef-b01ab88d7f6e,EV Connect,0,1,0,1, ,J1772,http://evconnect.com/, , ,GPS
-13617810.0754,6039349.99,19,1610,Lumen Field Parking Garage,235700,ELEC,PARKING_GARAGE,6am-11pm daily,E,Public, ,False,"American Express, Discover, Debit, MasterCard, Visa",2022/11/10 00:00:00+00,2023/02/14 00:00:00+00,2022/10/31 00:00:00+00,, ,300 S Royal Brougham Way,Seattle,98104,WA,US,47.5926384626354,-122.33086927, , , ,P, ,Non-Networked,0,2,0,2, ,J1772, , , ,GPS
-13615691.9477,6039834.50949999,20,1611,Puget Sound Solar,235701,ELEC,PARKING_LOT,24 hours daily,E,Public, ,False,"American Express, Discover, Debit, MasterCard, Visa",2022/11/10 00:00:00+00,2023/02/14 00:00:00+00,2022/10/31 00:00:00+00,, ,805 Rainier Ave S,Seattle,98144,WA,US,47.5955737030563,-122.311841805, , ,206-706-1931,P, ,Non-Networked,0,5,0,5, ,J1772, , , ,GPS
-13617722.8175,6041465.7138,21,1612,800 Fifth Avenue Parking Garage,235702,ELEC,PARKING_GARAGE,24 hours daily,E,Public, ,False,"American Express, Discover, Debit, MasterCard, Visa",2022/11/10 00:00:00+00,2023/02/14 00:00:00+00,2022/10/31 00:00:00+00,, ,800 5th Ave,Seattle,98104,WA,US,47.6054544002366,-122.330085419, , ,206-621-9172,P, ,Non-Networked,0,1,0,1, ,J1772, , , ,GPS
-13618197.2072,6042352.6487,22,1613,US Bank Center Garage,235703,ELEC,PARKING_GARAGE,24 hours daily,E,Public, ,False,"American Express, Discover, Debit, MasterCard, Visa",2022/11/10 00:00:00+00,2023/02/14 00:00:00+00,2022/10/31 00:00:00+00,, ,1465 6th Ave,Seattle,98101,WA,US,47.610826048907,-122.334346934, , ,206-223-4070,P, ,Non-Networked,0,6,0,6, ,J1772, , , ,GPS
-13619056.0018,6048696.02889999,23,1614,Stone Way N Parking Garage,235704,ELEC,PARKING_GARAGE,6am-10pm daily,E,Public, ,False,"American Express, Discover, Debit, MasterCard, Visa",2022/11/10 00:00:00+00,2023/02/14 00:00:00+00,2022/10/31 00:00:00+00,, ,3400 Stone Way N,Seattle,98103,WA,US,47.6492281351155,-122.342061617, , , ,P, ,Non-Networked,0,4,0,4, ,J1772, , , ,GPS
-13616512.3081,6049630.1257,24,1615,University of Washington - Parking Area W40,235705,ELEC,PARKING_LOT,24 hours daily,E,Public, ,False,"American Express, Discover, Debit, MasterCard, Visa",2022/11/10 00:00:00+00,2023/02/14 00:00:00+00,2022/10/31 00:00:00+00,, ,814 NE Northlake Pl,Seattle,98105,WA,US,47.6548806651459,-122.319211228, , ,206-221-3701,P, ,Non-Networked,0,4,0,4, ,J1772, , , ,GPS
-13614930.7098,6049817.5801,25,1616,University of Washington - Parking Lot N22,235706,ELEC,PARKING_LOT,24 hours daily,E,Public, ,False,"American Express, Discover, Debit, MasterCard, Visa",2022/11/10 00:00:00+00,2023/02/14 00:00:00+00,2022/10/31 00:00:00+00,, ,4060 E Stevens Way NE,Seattle,98195,WA,US,47.6560149395404,-122.305003488, , ,206-221-3701,P, ,Non-Networked,0,5,0,5, ,J1772, , , ,GPS
-13613633.0051,6050802.90699999,26,1617,Union Bay Plaza,235707,ELEC,PARKING_LOT,24 hours daily,E,Public, ,False,"American Express, Discover, Debit, MasterCard, Visa",2022/11/10 00:00:00+00,2023/02/14 00:00:00+00,2022/10/31 00:00:00+00,, ,4516 Union Bay Pl NE,Seattle,98105,WA,US,47.6619766883491,-122.293346009, , , ,P, ,Non-Networked,0,5,0,5, ,J1772, , , ,GPS
-13680582.1044,5949432.1152,27,1618,OLY CITY HALL OLY CITY HALL 1,235790,ELEC, ,24 hours daily,E,Public, , , ,2023/08/06 00:00:00+00,2023/08/06 00:00:00+00,2022/11/08 00:00:00+00,, ,601 4th Ave E,Olympia,98501,WA,US,47.04506,-122.89476, , ,888-758-4389, ,USCPIL96471,ChargePoint Network,0,2,0,2, ,J1772,http://www.chargepoint.com/, , ,GPS
-13612258.765,6256921.6048,28,1619,TAO FAWU FARM STATION 1,235795,ELEC, ,24 hours daily,E,Public, , , ,2023/08/07 00:00:00+00,2023/08/07 00:00:00+00,2022/11/08 00:00:00+00,, ,3825 Cabrant Rd,Everson,98247,WA,US,48.89416,-122.281001, , ,888-758-4389, ,USCPIL645491,ChargePoint Network,0,1,0,1, ,J1772,http://www.chargepoint.com/, , ,GPS
-13603372.798,6102413.0575,29,1620,HOPEWORKS HOPEWORKS 3,235956,ELEC, ,24 hours daily,E,Public, , , ,2023/08/07 00:00:00+00,2023/08/07 00:00:00+00,2022/11/11 00:00:00+00,, ,3315 Broadway,Everett,98201,WA,US,47.973294,-122.201177, , ,888-758-4389, ,USCPIL13068961,ChargePoint Network,0,0,1,1, ,"CHAdeMO, CCS",http://www.chargepoint.com/, , ,GPS
-13277603.413,5827362.8286,30,1621,La Bella Vita Kitchen and Bar,236070,ELEC,RESTAURANT,24 hours daily,E,Public,CREDIT_CARD_ALWAYS,False,"American Express, Discover, Debit, MasterCard, Visa",2022/12/13 00:00:00+00,2023/02/14 00:00:00+00,2022/11/08 00:00:00+00,, ,1515 George Washington Way,Richland,99354,WA,US,46.2925976863444,-119.274740824, , , ,P, ,Non-Networked,0,1,0,1, ,J1772, , , ,GPS
-13395365.9842,5840718.42170001,31,1622,YAKAMART INC. STATION 1,236226,ELEC, ,24 hours daily,E,Public, , , ,2023/08/07 00:00:00+00,2023/08/07 00:00:00+00,2022/11/17 00:00:00+00,, ,111 Fort Rd,Toppenish,98948,WA,US,46.375435,-120.33262, , ,888-758-4389, ,USCPIL13122981,ChargePoint Network,0,2,0,2, ,J1772,http://www.chargepoint.com/, , ,GPS
-13035873.715,6052214.1059,32,1623,Liberty Lake Park and Ride L2,236250,ELEC, ,24 hours daily,E,Public, , , ,2023/08/07 00:00:00+00,2023/08/07 00:00:00+00,2022/11/17 00:00:00+00,, ,E. Mission Ave,Liberty Lake,99019,WA,US,47.670514,-117.103246, , ,855-900-7584, ,979,SHELL_RECHARGE,0,2,0,2, ,J1772,https://shellrecharge.com/en-us/solutions, , ,GPS
-13577506.6116,6120457.1133,33,1624,Granite Falls Police Station,236253,ELEC,PARKING_LOT,24 hours daily,E,Public,KEY_ALWAYS,False,"American Express, Discover, Debit, MasterCard, Visa",2022/12/13 00:00:00+00,2023/02/14 00:00:00+00,2022/11/15 00:00:00+00,, ,205 S Granite Ave,Granite Falls,98252,WA,US,48.081697184675,-121.968817094, , ,360-691-6611,P, ,Non-Networked,0,2,0,2, ,J1772, , , ,GPS
-13577492.2086,6120384.26079999,34,1625,Granite Falls City Hall,236254,ELEC,PARKING_LOT,24 hours daily,E,Public, ,False,"American Express, Discover, Debit, MasterCard, Visa",2022/12/13 00:00:00+00,2023/02/14 00:00:00+00,2022/11/15 00:00:00+00,, ,215 S Granite Ave,Granite Falls,98252,WA,US,48.0812599680094,-121.96868771, , ,360-691-6734,P, ,Non-Networked,0,1,0,1, ,J1772, , , ,GPS
-13635294.2186,5986439.2721,35,1626,3803 N 26th Street,236323,ELEC, ,24 hours daily,E,Public, , , ,2023/08/07 00:00:00+00,2023/08/07 00:00:00+00,2022/11/18 00:00:00+00,, ,3803 N 26th Street,Tacoma,98407,WA,US,47.271112,-122.487932, , ,888-356-8911, ,Post: AUI-10418,FLO,0,1,0,1, ,J1772,https://flo.ca/, , ,GPS
-13041000.8681,6051710.74759999,36,1627,LONE WOLF H-D DCFAST HOG,236341,ELEC, ,24 hours daily,E,Public, , , ,2023/08/07 00:00:00+00,2023/08/07 00:00:00+00,2022/11/19 00:00:00+00,, ,19011 E Cataldo Ave,Spokane Valley,99016,WA,US,47.667469,-117.149304, , ,888-758-4389, ,USCPIL1865021,ChargePoint Network,0,0,1,1, ,CCS,http://www.chargepoint.com/, , ,GPS
-13167358.3424,5793344.0945,37,1628,Columbia REA,236512,ELEC, ,24 hours daily,E,Public, , , ,2023/08/07 00:00:00+00,2023/08/07 00:00:00+00,2022/11/23 00:00:00+00,, ,2929 Melrose St.,Walla Walla,99362,WA,US,46.0810314831552,-118.284392505, , ,888-356-8911, ,Post: AUB-18987,FLO,0,1,1,2, ,"CHAdeMO, J1772, CCS",https://flo.ca/, , ,GPS
-13619055.1539,6044797.2958,38,1629,BIOMED REALTY DEXTER YARD-S1,236600,ELEC, ,24 hours daily,E,Public, , , ,2023/08/07 00:00:00+00,2023/08/07 00:00:00+00,2022/11/25 00:00:00+00,, ,700 Dexter Ave N,Seattle,98109,WA,US,47.625629,-122.342054, , ,888-758-4389, ,USCPIL13246351,ChargePoint Network,0,2,0,2, ,J1772,http://www.chargepoint.com/, , ,GPS
-13619054.8199,6044829.00829999,39,1630,BIOMED REALTY DEXTER YARD-S4,236601,ELEC, ,24 hours daily,E,Public, , , ,2023/08/07 00:00:00+00,2023/08/07 00:00:00+00,2022/11/25 00:00:00+00,, ,700 Dexter Ave N,Seattle,98109,WA,US,47.625821,-122.342051, , ,888-758-4389, ,USCPIL13246361,ChargePoint Network,0,2,0,2, ,J1772,http://www.chargepoint.com/, , ,GPS
-13618256.8818,6037528.1165,40,1631,VOLVO CAR USA SEATTLE DC1,236752,ELEC, ,24 hours daily,E,Public, , , ,2023/08/07 00:00:00+00,2023/08/07 00:00:00+00,2022/11/30 00:00:00+00,, ,1st Ave S & S Stacy St,Seattle,98134,WA,US,47.5816,-122.334883, , ,888-758-4389, ,USCPIL13253511,ChargePoint Network,0,0,1,1, ,"CHAdeMO, CCS",http://www.chargepoint.com/, , ,GPS
-13618252.9856,6037528.2815,41,1632,VOLVO CAR USA SEATTLE DC2,236753,ELEC, ,24 hours daily,E,Public, , , ,2023/08/07 00:00:00+00,2023/08/07 00:00:00+00,2022/11/30 00:00:00+00,, ,1st Ave S & S Stacy St,Seattle,98134,WA,US,47.581601,-122.334848, , ,888-758-4389, ,USCPIL13253531,ChargePoint Network,0,0,1,1, ,"CHAdeMO, CCS",http://www.chargepoint.com/, , ,GPS
-13618248.7555,6037528.1165,42,1633,VOLVO CAR USA SEATTLE DC3,236754,ELEC, ,24 hours daily,E,Public, , , ,2023/08/07 00:00:00+00,2023/08/07 00:00:00+00,2022/11/30 00:00:00+00,, ,1st Ave S & S Stacy St,Seattle,98134,WA,US,47.5816,-122.33481, , ,888-758-4389, ,USCPIL13253541,ChargePoint Network,0,0,1,1, ,"CHAdeMO, CCS",http://www.chargepoint.com/, , ,GPS
-13618245.0819,6037527.2914,43,1634,VOLVO CAR USA SEATTLE DC4,236755,ELEC, ,24 hours daily,E,Public, , , ,2023/08/07 00:00:00+00,2023/08/07 00:00:00+00,2022/11/30 00:00:00+00,, ,1st Ave S & S Stacy St,Seattle,98134,WA,US,47.581595,-122.334777, , ,888-758-4389, ,USCPIL13253571,ChargePoint Network,0,0,1,1, ,"CHAdeMO, CCS",http://www.chargepoint.com/, , ,GPS
-13608458.4289,6090684.81249999,44,1635,NISSAN-EVERETT DC STATION 1,236777,ELEC, ,24 hours daily,E,Public, , , ,2023/08/07 00:00:00+00,2023/08/07 00:00:00+00,2022/12/01 00:00:00+00,, ,10500 Hwy 99,Everett,98204,WA,US,47.902712,-122.246862, , ,888-758-4389, ,USCPIL5486181,ChargePoint Network,0,0,1,1, ,"CHAdeMO, CCS",http://www.chargepoint.com/, , ,GPS
-13637211.1402,6228381.8159,45,1636,GARAGE TAYLOR DOCK,236935,ELEC, ,24 hours daily,E,Public, , , ,2023/08/07 00:00:00+00,2023/08/07 00:00:00+00,2022/12/02 00:00:00+00,, ,900 10th St,Bellingham,98225,WA,US,48.72532,-122.505152, , ,888-758-4389, ,USCPIL13251521,ChargePoint Network,0,2,0,2, ,J1772,http://www.chargepoint.com/, , ,GPS
-13602829.1136,6043609.3146,46,1637,"Eight Eighty-Eight Bellevue, LLC",237072,ELEC, , ,E,Public, , , ,2023/06/21 00:00:00+00,2023/06/21 00:00:00+00,2020/06/12 00:00:00+00,, ,888 108th Avenue NE,Bellevue,98004,WA,US,47.618436,-122.196293, , ,800-663-5633, ,4790,SemaCharge Network,0,1,0,1, ,J1772,https://semaconnect.com/,$0.00-$3.00/Hr Variable Parking Fee, ,GPS
-13589065.6831,6029264.5431,47,1638,ESTATES AT COUG 2153,237310,ELEC, ,24 hours daily,E,Public, , , ,2023/08/07 00:00:00+00,2023/08/07 00:00:00+00,2022/12/08 00:00:00+00,, ,2196 NW Shy Bear Way,Issaquah,98027,WA,US,47.531503,-122.072654, , ,888-758-4389, ,USCPIL13208401,ChargePoint Network,0,2,0,2, ,J1772,http://www.chargepoint.com/, , ,GPS
-13588807.7558,6029039.49489999,48,1639,ESTATES AT COUG OFFICE 2,237314,ELEC, ,24 hours daily,E,Public, , , ,2023/08/07 00:00:00+00,2023/08/07 00:00:00+00,2022/12/08 00:00:00+00,, ,2137 NW Shy Bear Way,Issaquah,98027,WA,US,47.530138,-122.070337, , ,888-758-4389, ,USCPIL13239041,ChargePoint Network,0,2,0,2, ,J1772,http://www.chargepoint.com/, , ,GPS
-13588805.7521,6029032.5704,49,1640,ESTATES AT COUG OFFICE1,237315,ELEC, ,24 hours daily,E,Public, , , ,2023/08/07 00:00:00+00,2023/08/07 00:00:00+00,2022/12/08 00:00:00+00,, ,2137 NW Shy Bear Way,Issaquah,98027,WA,US,47.530096,-122.070319, , ,888-758-4389, ,USCPIL13239161,ChargePoint Network,0,2,0,2, ,J1772,http://www.chargepoint.com/, , ,GPS
-13609478.2268,6016727.48420001,50,1641,Southcenter Plaza - Tesla Supercharger,237639,ELEC,SHOPPING_CENTER,24 hours daily,E,Public, ,False,"American Express, Discover, Debit, MasterCard, Visa",2023/07/01 00:00:00+00,2023/07/14 00:00:00+00,2022/11/12 00:00:00+00,, ,333 Strander Boulevard,Tukwila,98188,WA,US,47.455407,-122.256023, , ,877-798-3752,P,15297,Tesla,0,0,16,16, ,Tesla,https://www.tesla.com/supercharger,"$0.28 per kWh; $0.26 per minute above 60 kW and $0.13 per minute at or below 60 kW", ,GPS
-13609781.795,6054010.73099999,51,1642,Magnuson Park,237868,ELEC, ,24 hours daily,E,Public, , , ,2023/08/07 00:00:00+00,2023/08/07 00:00:00+00,2022/12/13 00:00:00+00,, ,Sportsfield Dr NE,Seattle,98115,WA,US,47.681381,-122.25875, , ,855-900-7584, ,2360,SHELL_RECHARGE,0,0,2,2, ,"CHAdeMO, CCS",https://shellrecharge.com/en-us/solutions, , ,GPS
-13618075.7649999,6043083.0085,52,1643,1800 Ninth Building,237887,ELEC, , ,E,Public, , , ,2023/06/21 00:00:00+00,2023/06/21 00:00:00+00,2022/04/06 00:00:00+00,, ,1800 9th Ave,Seattle,98101,WA,US,47.615249,-122.333256, , ,800-663-5633, ,6776,SemaCharge Network,0,2,0,2, ,J1772,https://semaconnect.com/, , ,GPS
-13557943.6477,6022642.002,53,1644,North Bend Premium Outlets,238012,ELEC, ,24 hours daily,E,Public, , , ,2023/08/06 00:00:00+00,2023/08/06 00:00:00+00,2022/12/15 00:00:00+00,, ,461 S Fork Ave SW,North Bend,98045,WA,US,47.49132,-121.79308, , ,877-455-3833, ,591,eVgo Network,0,2,2,4, ,"CHAdeMO, J1772, CCS",https://www.evgo.com/, , ,GPS
-13704636.0199,5979650.3443,54,1645,Olympic College Shelton,238089,ELEC, , ,E,Public, , , ,2023/06/20 00:00:00+00,2023/06/20 00:00:00+00,2022/12/13 00:00:00+00,, ,937 W. Alpine Way,Shelton,98584,WA,US,47.229715,-123.11084, , ,888-998-2546, ,465ba1dd-d734-8158-93cc-330000777675,Blink Network,0,2,0,2, ,J1772,http://www.blinkcharging.com/,Free, ,GPS
-13618471.9511,6041372.69380001,55,1646,The Alexis Royal Sonesta Hotel Seattle,238092,ELEC, , ,E,Public, , , ,2023/06/20 00:00:00+00,2023/06/20 00:00:00+00,2022/12/15 00:00:00+00,, ,1007 First Avenue,Seattle,98104,WA,US,47.604891,-122.336815, , ,888-998-2546, ,465ba1dd-d734-8158-93cc-330000779630,Blink Network,0,1,0,1, ,J1772,http://www.blinkcharging.com/,Free, ,GPS
-13663974.3495,5751064.8143,56,1647,DAVIS PARK STATION 1,238143,ELEC, ,24 hours daily,E,Public, , , ,2023/08/07 00:00:00+00,2023/08/07 00:00:00+00,2022/12/15 00:00:00+00,, ,210 N Main Ave,Ridgefield,98642,WA,US,45.816957,-122.74557, , ,888-758-4389, ,USCPIL13294781,ChargePoint Network,0,2,0,2, ,J1772,http://www.chargepoint.com/, , ,GPS
-13632169.0352,6233377.2846,57,1648,TOBELLINGHAM TOB 1,238265,ELEC, ,24 hours daily,E,Public, , , ,2023/08/07 00:00:00+00,2023/08/07 00:00:00+00,2022/12/16 00:00:00+00,, ,1100 Iowa St,Bellingham,98229,WA,US,48.754914,-122.459858, , ,888-758-4389, ,USCPIL13294771,ChargePoint Network,0,2,0,2, ,J1772,http://www.chargepoint.com/, , ,GPS
-13166180.7212,5792874.14280001,58,1649,Water & Environmental Center,238565,ELEC,PARKING_LOT,24 hours daily,E,Public, ,False,"American Express, Discover, Debit, MasterCard, Visa",2023/01/10 00:00:00+00,2023/02/14 00:00:00+00,2022/12/22 00:00:00+00,, ,640 Water Center Dr,Walla Walla,99362,WA,US,46.0781030999106,-118.273813753, , ,509-524-5208,P, ,Non-Networked,0,8,0,8, ,J1772, , , ,GPS
-13166999.7115,5793260.449,59,1650,Walla Walla Community College - Automotive Technology Center,238566,ELEC,PARKING_LOT,24 hours daily,E,Public, ,False,"American Express, Discover, Debit, MasterCard, Visa",2023/01/10 00:00:00+00,2023/02/14 00:00:00+00,2022/12/22 00:00:00+00,, ,3060 E Isaacs Ave,Walla Walla,99362,WA,US,46.0805102792022,-118.281170868, , ,509-524-5208,P, ,Non-Networked,0,1,0,1, ,J1772, , , ,GPS
-13425472.7858,5875267.2295,60,1651,LODGES CHARGER JAIME'S OFFICE,238793,ELEC, ,24 hours daily,E,Public, , , ,2023/08/07 00:00:00+00,2023/08/07 00:00:00+00,2022/12/27 00:00:00+00,, ,819 S 72nd Ave,Yakima,98908,WA,US,46.58914,-120.603074, , ,888-758-4389, ,USCPIL13312531,ChargePoint Network,0,2,0,2, ,J1772,http://www.chargepoint.com/, , ,GPS
-13685825.5863,5797536.4195,61,1652,PORT OFFICE ADMINREARNORTH,238829,ELEC, ,24 hours daily,E,Public, , , ,2023/08/07 00:00:00+00,2023/08/07 00:00:00+00,2022/12/28 00:00:00+00,, ,10 International Way,Longview,98632,WA,US,46.107148,-122.941863, , ,888-758-4389, ,USCPIL13162131,ChargePoint Network,0,2,0,2, ,J1772,http://www.chargepoint.com/, , ,GPS
-13600828.925,6115617.06050001,62,1653,MCC CHARGERS CPE250-1,238844,ELEC, ,24 hours daily,E,Public, , , ,2023/08/07 00:00:00+00,2023/08/07 00:00:00+00,2022/12/28 00:00:00+00,, ,1404 5th St,Marysville,98270,WA,US,48.052642,-122.178325, , ,888-758-4389, ,USCPIL13298991,ChargePoint Network,0,0,1,1, ,"CHAdeMO, CCS",http://www.chargepoint.com/, , ,GPS
-13600843.0626,6115619.725,63,1654,MCC CHARGERS CPE250-2,238845,ELEC, ,24 hours daily,E,Public, , , ,2023/08/07 00:00:00+00,2023/08/07 00:00:00+00,2022/12/28 00:00:00+00,, ,1404 5th St,Marysville,98270,WA,US,48.052658,-122.178452, , ,888-758-4389, ,USCPIL13299051,ChargePoint Network,0,0,1,1, ,"CHAdeMO, CCS",http://www.chargepoint.com/, , ,GPS
-13044691.9997001,5896476.9513,64,1655,COP_ CITY HALL NO. 3,240820,ELEC, ,24 hours daily,E,Public, , , ,2023/08/07 00:00:00+00,2023/08/07 00:00:00+00,2023/01/03 00:00:00+00,, ,190 SE Crestview St,Pullman,99163,WA,US,46.719919,-117.182462, , ,888-758-4389, ,USCPIL5471601,ChargePoint Network,0,2,0,2, ,J1772,http://www.chargepoint.com/, , ,GPS
-13044686.879,5896480.3612,65,1656,COP_ CITY HALL NO. 2,240821,ELEC, ,24 hours daily,E,Public, , , ,2023/08/07 00:00:00+00,2023/08/07 00:00:00+00,2023/01/03 00:00:00+00,, ,190 SE Crestview St,Pullman,99163,WA,US,46.71994,-117.182416, , ,888-758-4389, ,USCPIL5471641,ChargePoint Network,0,2,0,2, ,J1772,http://www.chargepoint.com/, , ,GPS
-13044587.4707,5896436.35740001,66,1657,COP_ CITY HALL NO. 1,240822,ELEC, ,24 hours daily,E,Public, , , ,2023/08/07 00:00:00+00,2023/08/07 00:00:00+00,2023/01/03 00:00:00+00,, ,190 SE Crestview St,Pullman,99163,WA,US,46.719669,-117.181523, , ,888-758-4389, ,USCPIL5502061,ChargePoint Network,0,2,0,2, ,J1772,http://www.chargepoint.com/, , ,GPS
-13339850.9542,5958968.7635,67,1658,Shell Gas Station - Tesla Supercharger,241149,ELEC,GAS_STATION,24 hours daily,E,Public, ,False,"American Express, Discover, Debit, MasterCard, Visa",2023/07/01 00:00:00+00,2023/07/14 00:00:00+00,2022/12/23 00:00:00+00,, ,16010  Road 1 Northwest,Quincy,98848,WA,US,47.103405,-119.83392, , ,877-798-3752,P,26513,Tesla,0,0,8,8, ,Tesla,https://www.tesla.com/supercharger,"$0.28 per kWh; $0.26 per minute above 60 kW and $0.13 per minute at or below 60 kW", ,GPS
-13709593.6335,6003358.6685,68,1659,Mason County PUD,241195,ELEC, , ,E,Public, , , ,2023/06/21 00:00:00+00,2023/06/21 00:00:00+00,2023/01/06 00:00:00+00,, ,21971 N. Highway 101,Shelton,98584,WA,US,47.374141,-123.155375, , ,888-998-2546, ,465ba1dd-d734-8158-93cc-330000609177,Blink Network,0,1,0,1, ,J1772,http://www.blinkcharging.com/,Free, ,GPS
-13281347.1071,5832576.1583,69,1660,Pacific Office Solutions,241207,ELEC, , ,E,Public, , , ,2023/06/20 00:00:00+00,2023/06/20 00:00:00+00,2023/01/06 00:00:00+00,, ,2574 Roberson Drive,Richland,99354,WA,US,46.324948,-119.308371, , ,888-998-2546, ,465ba1dd-d734-8158-93cc-330000703727,Blink Network,0,1,0,1, ,J1772,http://www.blinkcharging.com/,Free, ,GPS
-13617776.5382,6041360.4761,70,1661,Columbia Center Tower,241218,ELEC, , ,E,Public, , , ,2023/06/21 00:00:00+00,2023/06/21 00:00:00+00,2023/01/06 00:00:00+00,, ,701 5th Ave,Seattle,98104,WA,US,47.604817,-122.330568, , ,888-998-2546, ,7d9cb6b7-83eb-4e36-ac0f-8f928ee8fe0b,Blink Network,0,8,0,8, ,J1772,http://www.blinkcharging.com/,Free, ,GPS
-13613047.9089,6026049.6297,71,1662,KING COUNTY DES SAFETY TRAIN 2,241242,ELEC, ,24 hours daily,E,Public, , , ,2023/08/07 00:00:00+00,2023/08/07 00:00:00+00,2023/01/06 00:00:00+00,, ,3401 S. Norfolk St.,Seattle,98118,WA,US,47.512,-122.28809, , ,888-758-4389, ,USCPIL12464001,ChargePoint Network,0,2,0,2, ,J1772,http://www.chargepoint.com/, , ,GPS
-13613082.4179,6026034.1374,72,1663,KING COUNTY DES SAFETY TRAIN 3,241243,ELEC, ,24 hours daily,E,Public, , , ,2023/08/07 00:00:00+00,2023/08/07 00:00:00+00,2023/01/06 00:00:00+00,, ,3401 S. Norfolk St,Seattle,98118,WA,US,47.511906,-122.2884, , ,888-758-4389, ,USCPIL12464011,ChargePoint Network,0,2,0,2, ,J1772,http://www.chargepoint.com/, , ,GPS
-13613545.507,6025883.1718,73,1664,KING COUNTY DES SAFETY TRAIN 4,241244,ELEC, ,24 hours daily,E,Public, , , ,2023/08/07 00:00:00+00,2023/08/07 00:00:00+00,2023/01/06 00:00:00+00,, ,3401 S Norfolk St,Seattle,98118,WA,US,47.51099,-122.29256, , ,888-758-4389, ,USCPIL12464061,ChargePoint Network,0,2,0,2, ,J1772,http://www.chargepoint.com/, , ,GPS
-13740383.8254,6125922.73719999,74,1665,PORT ANGELES CITY HALL #2,241270,ELEC, ,24 hours daily,E,Public, , , ,2023/08/07 00:00:00+00,2023/08/07 00:00:00+00,2023/01/06 00:00:00+00,, ,308 E 4th St,Port Angeles,98362,WA,US,48.114488,-123.431968, , ,888-758-4389, ,USCPIL13345361,ChargePoint Network,0,2,0,2, ,J1772,http://www.chargepoint.com/, , ,GPS
-13740376.7009,6125917.2349,75,1666,PORT ANGELES CITY HALL #3,241271,ELEC, ,24 hours daily,E,Public, , , ,2023/08/07 00:00:00+00,2023/08/07 00:00:00+00,2023/01/06 00:00:00+00,, ,308 E 4th St,Port Angeles,98362,WA,US,48.114455,-123.431904, , ,888-758-4389, ,USCPIL13345371,ChargePoint Network,0,2,0,2, ,J1772,http://www.chargepoint.com/, , ,GPS
-13740394.0668,6125926.9055,76,1667,PORT ANGELES CITY HALL #1,241272,ELEC, ,24 hours daily,E,Public, , , ,2023/08/07 00:00:00+00,2023/08/07 00:00:00+00,2023/01/06 00:00:00+00,, ,308 E 4th St,Port Angeles,98362,WA,US,48.114513,-123.43206, , ,888-758-4389, ,USCPIL13345381,ChargePoint Network,0,2,0,2, ,J1772,http://www.chargepoint.com/, , ,GPS
-13664215.9128,5753146.7293,77,1668,RIDGEFIELD NWR STATION 1,250419,ELEC, ,24 hours daily,E,Public, , , ,2023/08/07 00:00:00+00,2023/08/07 00:00:00+00,2023/01/09 00:00:00+00,, ,28908 NW Main Ave,Ridgefield,98642,WA,US,45.82999,-122.74774, , ,888-758-4389, ,USCPIL10005781,ChargePoint Network,0,2,0,2, ,J1772,http://www.chargepoint.com/, , ,GPS
-13167358.3424,5793344.0945,78,1669,Columbia REA,250519,ELEC, ,24 hours daily,E,Public, , , ,2023/08/07 00:00:00+00,2023/08/07 00:00:00+00,2023/01/11 00:00:00+00,, ,2929 Melrose St.,Walla Walla,G9N 0,WA,US,46.0810314831552,-118.284392505, , ,888-356-8911, ,Post: AUB-19538,FLO,0,1,0,1, ,J1772,https://flo.ca/, , ,GPS
-13783732.9708999,5937309.1909,79,1670,415 West Heron Street (US-3HE-7VZ-1A),250773,ELEC,PUBLIC,"24 hours daily; for Rivian use only",E,Public, , ,"American Express, Account Balance, Discover, MasterCard, Visa",2023/08/07 00:00:00+00,2023/08/07 00:00:00+00,2023/01/16 00:00:00+00,, ,415 West Heron Street,Aberdeen,98520,WA,US,46.9708,-123.82138, , ,866-576-1495, ,US-RIV-L908019792,RIVIAN_ADVENTURE,0,0,1,1, ,CCS,https://rivian.com/experience/charging, , ,GPS
-13783689.6676,5937364.65749999,80,1671,415 West Heron Street (US-3HE-7VZ-1B),250774,ELEC,PUBLIC,"24 hours daily; for Rivian use only",E,Public, , ,"American Express, Account Balance, Discover, MasterCard, Visa",2023/08/07 00:00:00+00,2023/08/07 00:00:00+00,2023/01/16 00:00:00+00,, ,415 West Heron Street,Aberdeen,98520,WA,US,46.97114,-123.820991, , ,866-576-1495, ,US-RIV-L136726322,RIVIAN_ADVENTURE,0,0,1,1, ,CCS,https://rivian.com/experience/charging, , ,GPS
-13783689.5563,5937364.65749999,81,1672,415 West Heron Street (US-3HE-7VZ-2A),250775,ELEC,PUBLIC,"24 hours daily; for Rivian use only",E,Public, , ,"American Express, Account Balance, Discover, MasterCard, Visa",2023/08/07 00:00:00+00,2023/08/07 00:00:00+00,2023/01/16 00:00:00+00,, ,415 West Heron Street,Aberdeen,98520,WA,US,46.97114,-123.82099, , ,866-576-1495, ,US-RIV-L193808399,RIVIAN_ADVENTURE,0,0,1,1, ,CCS,https://rivian.com/experience/charging, , ,GPS
-13783682.8771,5937369.5516,82,1673,415 West Heron Street (US-3HE-7VZ-2B),250776,ELEC,PUBLIC,"24 hours daily; for Rivian use only",E,Public, , ,"American Express, Account Balance, Discover, MasterCard, Visa",2023/08/07 00:00:00+00,2023/08/07 00:00:00+00,2023/01/16 00:00:00+00,, ,415 West Heron Street,Aberdeen,98520,WA,US,46.97117,-123.82093, , ,866-576-1495, ,US-RIV-L700072404,RIVIAN_ADVENTURE,0,0,1,1, ,CCS,https://rivian.com/experience/charging, , ,GPS
-13783681.764,5937369.5516,83,1674,415 West Heron Street (US-3HE-7VZ-2C),250777,ELEC,PUBLIC,"24 hours daily; for Rivian use only",E,Public, , ,"American Express, Account Balance, Discover, MasterCard, Visa",2023/08/07 00:00:00+00,2023/08/07 00:00:00+00,2023/01/16 00:00:00+00,, ,415 West Heron Street,Aberdeen,98520,WA,US,46.97117,-123.82092, , ,866-576-1495, ,US-RIV-L705054166,RIVIAN_ADVENTURE,0,0,1,1, ,CCS,https://rivian.com/experience/charging, , ,GPS
-13618246.3065,6042414.06639999,84,1675,521603_Pike Tower,250807,ELEC, ,24 hours daily,E,Public, , , ,2023/08/07 00:00:00+00,2023/08/07 00:00:00+00,2023/01/17 00:00:00+00,, ,520 Pike St.,Seattle,98101,WA,US,47.611198,-122.334788, , ,855-900-7584, ,1753,SHELL_RECHARGE,0,4,0,4, ,J1772,https://shellrecharge.com/en-us/solutions, , ,GPS
-13064035.765,6052769.2391,85,1676,1810 N Greene S Bldg 27,250822,ELEC, , ,E,Public, , , ,2023/08/07 00:00:00+00,2023/08/07 00:00:00+00,2023/01/18 00:00:00+00,, ,1810 N Greene S,Spokane,99202,WA,US,47.673872,-117.35623, , ,866-816-7584, ,b272cdd8-99ca-40f8-b58d-9c3fd9caa272,EV Connect,0,2,0,2, ,J1772,http://evconnect.com/, , ,GPS
-13649072.0093,6191448.5023,86,1677,Sunrise Inn Villas & Suites - Tesla Destination,250912,ELEC, , ,E,Public, , , ,2022/10/06 00:00:00+00,2023/01/18 00:00:00+00,2022/03/25 00:00:00+00,, ,905  20th st,Anacortes,98221,WA,US,48.50598,-122.6117, , ,"360-293-8833, 877-798-3752",P,1094939,Tesla Destination,0,1,0,1, ,Tesla,https://www.tesla.com/destination-charging,Free, ,GPS
-13260070.5015,5821476.7858,87,1678,Courtyard by Marriott Pasco Tri-Cities Airport - Tesla Destination,250977,ELEC, , ,E,Public, , , ,2022/10/06 00:00:00+00,2023/01/18 00:00:00+00,2022/03/28 00:00:00+00,, ,2011  West Argent Road,Pasco,99301,WA,US,46.25605,-119.11724, , ,"5095454011, 877-798-3752",P,1122543,Tesla Destination,0,2,0,2, ,Tesla,https://www.tesla.com/destination-charging,Free, ,GPS
-13175317.4071999,5791382.936,88,1679,The Walls Vineyards - Tesla Destination,250991,ELEC, , ,E,Public, , , ,2022/10/06 00:00:00+00,2023/01/18 00:00:00+00,2022/05/31 00:00:00+00,, ,1015  W Pine St,Walla Walla,99362,WA,US,46.06881,-118.35589, , ,"5098209602, 877-798-3752",P,1176711,Tesla Destination,0,1,0,1, ,Tesla,https://www.tesla.com/destination-charging,Free, ,GPS
-13703824.5008,5963050.91689999,89,1680,Little Creek Casino Resort - Tesla Destination,251032,ELEC, , ,E,Public, , , ,2022/10/06 00:00:00+00,2023/01/18 00:00:00+00,2021/06/22 00:00:00+00,, ,93 WA-108,Shelton,98584,WA,US,47.12836,-123.10355, , ,"800-667-7711, 877-798-3752",P,877079,Tesla Destination,0,1,0,1, ,Tesla,https://www.tesla.com/destination-charging,Free, ,GPS
-13647934.5467,5723743.1758,90,1681,"Vancouver, WA - Northeast Fourth Plain Boulevard - Tesla Supercharger",251147,ELEC,PARKING_LOT,24 hours daily,E,Public, ,False,"American Express, Discover, Debit, MasterCard, Visa",2023/07/01 00:00:00+00,2023/07/14 00:00:00+00,2023/01/17 00:00:00+00,, ,6916 NE Fourth Plain Blvd,Vancouver,98661,WA,US,45.645638,-122.601482, , ,877-798-3752,P,15406,Tesla,0,0,12,12, ,Tesla,https://www.tesla.com/supercharger,"$0.28 per kWh; $0.26 per minute above 60 kW and $0.13 per minute at or below 60 kW", ,GPS
-13783689.8903,5937364.65749999,91,1682,415 West Heron Street (US-3HE-7VZ-1C),251733,ELEC,PUBLIC,"24 hours daily; for Rivian use only",E,Public, , ,"American Express, Account Balance, Discover, MasterCard, Visa",2023/08/07 00:00:00+00,2023/08/07 00:00:00+00,2023/01/25 00:00:00+00,, ,415 West Heron Street,Aberdeen,98520,WA,US,46.97114,-123.820993, , ,866-576-1495, ,US-RIV-L400245591,RIVIAN_ADVENTURE,0,0,1,1, ,CCS,https://rivian.com/experience/charging, , ,GPS
-13601501.1834,6134188.4297,92,1683,VILLASARLINGTON STATION 1,251764,ELEC, ,24 hours daily,E,Public, , , ,2023/08/07 00:00:00+00,2023/08/07 00:00:00+00,2023/01/25 00:00:00+00,, ,3328 185th Pl NE,Arlington,98223,WA,US,48.164038,-122.184364, , ,888-758-4389, ,USCPIL1927911,ChargePoint Network,0,2,0,2, ,J1772,http://www.chargepoint.com/, , ,GPS
-13647426.7072,5724082.03200001,93,1684,JEEP EV DICKHANNAHJEEP1,252153,ELEC, ,24 hours daily,E,Public, , , ,2023/08/07 00:00:00+00,2023/08/07 00:00:00+00,2023/01/26 00:00:00+00,, ,3517 NE Auto Mall Dr,Vancouver,98662,WA,US,45.647766,-122.59692, , ,888-758-4389, ,USCPIL13096361,ChargePoint Network,0,0,1,1, ,"CHAdeMO, CCS",http://www.chargepoint.com/, , ,GPS
-13647428.1544,5724074.8662,94,1685,JEEP EV DICKHANNAJEEP3,252158,ELEC, ,24 hours daily,E,Public, , , ,2023/08/07 00:00:00+00,2023/08/07 00:00:00+00,2023/01/26 00:00:00+00,, ,3517 NE Auto Mall Dr,Vancouver,98662,WA,US,45.647721,-122.596933, , ,888-758-4389, ,USCPIL13259901,ChargePoint Network,0,0,1,1, ,"CHAdeMO, CCS",http://www.chargepoint.com/, , ,GPS
-13647427.5978,5724078.2103,95,1686,JEEP EV DICKHANNAHJEEP2,252159,ELEC, ,24 hours daily,E,Public, , , ,2023/08/07 00:00:00+00,2023/08/07 00:00:00+00,2023/01/26 00:00:00+00,, ,3517 NE Auto Mall Dr,Vancouver,98662,WA,US,45.647742,-122.596928, , ,888-758-4389, ,USCPIL13259931,ChargePoint Network,0,0,1,1, ,"CHAdeMO, CCS",http://www.chargepoint.com/, , ,GPS
-13046886.9975,6052723.445,96,1687,SUL-EV SUL-EV1,252182,ELEC, ,24 hours daily,T,Public, , , ,2023/08/07 00:00:00+00,2023/08/07 00:00:00+00,2023/01/26 00:00:00+00,2023/07/27 00:00:00+00, ,15015 E Indiana Ave,Spokane Valley,99216,WA,US,47.673595,-117.20218, , ,888-758-4389, ,USCPIL13396881,ChargePoint Network,0,2,0,2, ,J1772,http://www.chargepoint.com/, , ,GPS
-13635266.2774,6238991.03249999,97,1688,BEL-EV BEL-EV 1,252603,ELEC, ,24 hours daily,E,Public, , , ,2023/08/07 00:00:00+00,2023/08/07 00:00:00+00,2023/01/27 00:00:00+00,, ,4051 Meridian St,Bellingham,98226,WA,US,48.78815,-122.487681, , ,888-758-4389, ,USCPIL13401381,ChargePoint Network,0,2,0,2, ,J1772,http://www.chargepoint.com/, , ,GPS
-13603442.15,6102729.9898,98,1689,Broadway Apartments - 2nd Floor,252632,ELEC, , ,E,Public, , , ,2023/06/20 00:00:00+00,2023/06/20 00:00:00+00,2023/01/30 00:00:00+00,, ,3214 Broadway,Everett,98201,WA,US,47.9752,-122.2018,Tenants Only, ,888-998-2546, ,465ba1dd-d734-8158-93cc-330000518417,Blink Network,0,7,0,7, ,J1772,http://www.blinkcharging.com/,Free, ,GPS
-13637040.7101,6237195.49910001,99,1690,GARAGE SHUKSAN MEADOWS,252656,ELEC, ,24 hours daily,E,Public, , , ,2023/08/07 00:00:00+00,2023/08/07 00:00:00+00,2023/01/30 00:00:00+00,, ,Maplewood Ave at Cottonwood Ave,Bellingham,98225,WA,US,48.777522,-122.503621, , ,888-758-4389, ,USCPIL13388891,ChargePoint Network,0,2,0,2, ,J1772,http://www.chargepoint.com/, , ,GPS
-13634183.6953,6232724.1989,100,1691,GARAGE WEST MAGNOLIA,252657,ELEC, ,24 hours daily,E,Public, , , ,2023/08/07 00:00:00+00,2023/08/07 00:00:00+00,2023/01/30 00:00:00+00,, ,104 W Magnolia St,Bellingham,98225,WA,US,48.751046,-122.477956, , ,888-758-4389, ,USCPIL13392241,ChargePoint Network,0,2,0,2, ,J1772,http://www.chargepoint.com/, , ,GPS
-13600888.4809,6044272.2385,101,1692,NORAM BLOCK 7 #2,252749,ELEC, ,24 hours daily,E,Public, , , ,2023/08/07 00:00:00+00,2023/08/07 00:00:00+00,2023/01/31 00:00:00+00,, ,1525 121st Ave NE,Bellevue,98005,WA,US,47.62245,-122.17886, , ,888-758-4389, ,USCPIL13204561,ChargePoint Network,0,2,0,2, ,J1772,http://www.chargepoint.com/, , ,GPS
-13606383.0996,6014443.49009999,102,1693,IKEA USA RENTON 5,252919,ELEC, ,24 hours daily,E,Public, , , ,2023/08/07 00:00:00+00,2023/08/07 00:00:00+00,2023/02/01 00:00:00+00,, ,SW 43rd St & Oakesdale Ave SW,Renton,98032,WA,US,47.441532,-122.228219, , ,888-758-4389, ,USCPIL12604451,ChargePoint Network,0,1,0,1, ,J1772,http://www.chargepoint.com/, , ,GPS
-13606359.1659999,6014443.49009999,103,1694,IKEA USA RENTON 4,252920,ELEC, ,24 hours daily,E,Public, , , ,2023/08/07 00:00:00+00,2023/08/07 00:00:00+00,2023/02/01 00:00:00+00,, ,601 SW 41st,Renton,98057,WA,US,47.441532,-122.228004, , ,888-758-4389, ,USCPIL12604461,ChargePoint Network,0,1,0,1, ,J1772,http://www.chargepoint.com/, , ,GPS
-13606279.2386,6014680.8328,104,1695,IKEA USA RENTON 3,252921,ELEC, ,24 hours daily,E,Public, , , ,2023/08/07 00:00:00+00,2023/08/07 00:00:00+00,2023/02/01 00:00:00+00,, ,601 SW 41st St,Renton,98057,WA,US,47.442974,-122.227286, , ,888-758-4389, ,USCPIL12608781,ChargePoint Network,0,1,0,1, ,J1772,http://www.chargepoint.com/, , ,GPS
-13606278.1254,6014650.7119,105,1696,IKEA USA RENTON 2,252922,ELEC, ,24 hours daily,E,Public, , , ,2023/08/07 00:00:00+00,2023/08/07 00:00:00+00,2023/02/01 00:00:00+00,, ,601 SW 41st St,Renton,98057,WA,US,47.442791,-122.227276, , ,888-758-4389, ,USCPIL12608811,ChargePoint Network,0,1,0,1, ,J1772,http://www.chargepoint.com/, , ,GPS
-13606276.4556,6014650.3828,106,1697,IKEA USA RENTON ST 1,252923,ELEC, ,24 hours daily,E,Public, , , ,2023/08/07 00:00:00+00,2023/08/07 00:00:00+00,2023/02/01 00:00:00+00,, ,601 SW 41st St,Renton,98057,WA,US,47.442789,-122.227261, , ,888-758-4389, ,USCPIL12608861,ChargePoint Network,0,1,0,1, ,J1772,http://www.chargepoint.com/, , ,GPS
-13636567.2683,6226329.0472,107,1698,GARAGE FAIRHAVEN PARK,253006,ELEC, ,24 hours daily,E,Public, , , ,2023/08/07 00:00:00+00,2023/08/07 00:00:00+00,2023/02/02 00:00:00+00,, ,Chuckanut Dr at Fairhaven Park,Bellingham,98229,WA,US,48.713154,-122.499368, , ,888-758-4389, ,USCPIL13348711,ChargePoint Network,0,2,0,2, ,J1772,http://www.chargepoint.com/, , ,GPS
-13670052.5049999,5950051.77419999,108,1699,WADOC LACEY FO 1R,253029,ELEC, ,24 hours daily,E,Public, , , ,2023/08/07 00:00:00+00,2023/08/07 00:00:00+00,2023/02/02 00:00:00+00,, ,6135 Martin Way E,Lacey,98503,WA,US,47.048853,-122.800171, , ,888-758-4389, ,USCPIL13412031,ChargePoint Network,0,1,0,1, ,J1772,http://www.chargepoint.com/, , ,GPS
-13670037.0316,5950051.77419999,109,1700,WADOC LACEY FO 1L,253030,ELEC, ,24 hours daily,E,Public, , , ,2023/08/07 00:00:00+00,2023/08/07 00:00:00+00,2023/02/02 00:00:00+00,, ,6135 Martin Way E,Lacey,98503,WA,US,47.048853,-122.800032, , ,888-758-4389, ,USCPIL13412041,ChargePoint Network,0,1,0,1, ,J1772,http://www.chargepoint.com/, , ,GPS
-13670043.0429,5950046.8729,110,1701,WADOC LACEY FO 2R,253031,ELEC, ,24 hours daily,E,Public, , , ,2023/08/07 00:00:00+00,2023/08/07 00:00:00+00,2023/02/02 00:00:00+00,, ,6135 Martin Way E,Lacey,98503,WA,US,47.048823,-122.800086, , ,888-758-4389, ,USCPIL13412051,ChargePoint Network,0,1,0,1, ,J1772,http://www.chargepoint.com/, , ,GPS
-13670041.8184,5950044.58569999,111,1702,WADOC LACEY FO 2L,253032,ELEC, ,24 hours daily,E,Public, , , ,2023/08/07 00:00:00+00,2023/08/07 00:00:00+00,2023/02/02 00:00:00+00,, ,6135 Martin Way E,Lacey,98503,WA,US,47.048809,-122.800075, , ,888-758-4389, ,USCPIL13412061,ChargePoint Network,0,1,0,1, ,J1772,http://www.chargepoint.com/, , ,GPS
-13070272.3282,6051082.78939999,112,1703,SPO-EV SPO-EV 1,253039,ELEC, ,24 hours daily,E,Public, , , ,2023/08/07 00:00:00+00,2023/08/07 00:00:00+00,2023/02/02 00:00:00+00,, ,115 W North River Dr,Spokane,99201,WA,US,47.66367,-117.412254, , ,888-758-4389, ,USCPIL13416381,ChargePoint Network,0,2,0,2, ,J1772,http://www.chargepoint.com/, , ,GPS
-13070272.3282,6051089.40100001,113,1704,SPO-EV SPO-EV 2,253040,ELEC, ,24 hours daily,E,Public, , , ,2023/08/07 00:00:00+00,2023/08/07 00:00:00+00,2023/02/02 00:00:00+00,, ,115 W North River Dr,Spokane,99201,WA,US,47.66371,-117.412254, , ,888-758-4389, ,USCPIL13416411,ChargePoint Network,0,2,0,2, ,J1772,http://www.chargepoint.com/, , ,GPS
-13689736.4627,5889959.9707,114,1705,Home Depot - Tesla Supercharger,253282,ELEC,PARKING_LOT,24 hours daily,E,Public, ,False,"American Express, Discover, Debit, MasterCard, Visa",2023/07/01 00:00:00+00,2023/07/14 00:00:00+00,2023/02/01 00:00:00+00,, ,700 Northwest Arkansas Way,Chehalis,98532,WA,US,46.679769,-122.976995, , ,877-798-3752,P,19015,Tesla,0,0,8,8, ,Tesla,https://www.tesla.com/supercharger,"$0.28 per kWh; $0.26 per minute above 60 kW and $0.13 per minute at or below 60 kW", ,GPS
-13600892.4884,6044271.743,115,1706,NORAM BLOCK 7 #4,253307,ELEC, ,24 hours daily,E,Public, , , ,2023/08/07 00:00:00+00,2023/08/07 00:00:00+00,2023/02/03 00:00:00+00,, ,1525 121st Ave NE,Bellevue,98005,WA,US,47.622447,-122.178896, , ,888-758-4389, ,USCPIL12725641,ChargePoint Network,0,2,0,2, ,J1772,http://www.chargepoint.com/, , ,GPS
-13600890.9299,6044273.55979999,116,1707,NORAM BLOCK 7 #3,253308,ELEC, ,24 hours daily,E,Public, , , ,2023/08/07 00:00:00+00,2023/08/07 00:00:00+00,2023/02/03 00:00:00+00,, ,1525 121st Ave NE,Bellevue,98005,WA,US,47.622458,-122.178882, , ,888-758-4389, ,USCPIL12725651,ChargePoint Network,0,2,0,2, ,J1772,http://www.chargepoint.com/, , ,GPS
-13600889.5941,6044275.2113,117,1708,NORAM BLOCK 7 #5,253309,ELEC, ,24 hours daily,T,Public, , , ,2023/08/07 00:00:00+00,2023/08/07 00:00:00+00,2023/02/03 00:00:00+00,2023/04/14 00:00:00+00, ,1525 121st Ave NE,Bellevue,98005,WA,US,47.622468,-122.17887, , ,888-758-4389, ,USCPIL12725661,ChargePoint Network,0,2,0,2, ,J1772,http://www.chargepoint.com/, , ,GPS
-13600741.7618,6044276.86289999,118,1709,NORAM BLOCK 20 #7,253422,ELEC, ,24 hours daily,E,Public, , , ,2023/08/07 00:00:00+00,2023/08/07 00:00:00+00,2023/02/07 00:00:00+00,, ,1550 121st Ave NE,Bellevue,98005,WA,US,47.622478,-122.177542, , ,888-758-4389, ,USCPIL13321451,ChargePoint Network,0,2,0,2, ,J1772,http://www.chargepoint.com/, , ,GPS
-13600741.2052,6044281.48739999,119,1710,NORAM BLOCK 20 #8,253429,ELEC, ,24 hours daily,E,Public, , , ,2023/08/07 00:00:00+00,2023/08/07 00:00:00+00,2023/02/07 00:00:00+00,, ,1550 121st Ave NE,Bellevue,98005,WA,US,47.622506,-122.177537, , ,888-758-4389, ,USCPIL13365241,ChargePoint Network,0,2,0,2, ,J1772,http://www.chargepoint.com/, , ,GPS
-13603758.4922,6024324.3092,120,1711,Southport Garage Level A,253519,ELEC, ,"Mon 5:00am - 10:59pm; Tue 5:00am - 10:59pm; Wed 5:00am - 10:59pm; Thu 5:00am - 10:59pm; Fri 5:00am - 10:59pm; Sat 5:00am - 10:59pm; Sun 5:00am - 10:59pm",E,Public, , , ,2023/08/07 00:00:00+00,2023/08/07 00:00:00+00,2023/02/08 00:00:00+00,, ,1103 Lake Washington Blvd. No.,Renton,98056,WA,US,47.5015305,-122.20464175, , ,888-264-2208, ,2a8d28db-fc55-40d9-954c-0f5b293b15c8,Volta,0,4,0,4, ,J1772,https://voltacharging.com/, , ,GPS
-13603632.5528,6024438.625,121,1712,Southport Garage Level C,253540,ELEC, ,"Mon 5:00am - 10:59pm; Tue 5:00am - 10:59pm; Wed 5:00am - 10:59pm; Thu 5:00am - 10:59pm; Fri 5:00am - 10:59pm; Sat 5:00am - 10:59pm; Sun 5:00am - 10:59pm",E,Public, , , ,2023/08/07 00:00:00+00,2023/08/07 00:00:00+00,2023/02/08 00:00:00+00,, ,1103 Lake Washington Blvd. No.,Renton,98056,WA,US,47.50222425,-122.203510417, , ,888-264-2208, ,4b4c21a5-4106-429c-9c17-5466ed534f65,Volta,0,24,0,24, ,J1772,https://voltacharging.com/, , ,GPS
-13620733.0726,5957731.24559999,122,1713,"Frederickson Place - Frederickson, WA DCFC",253544,ELEC, ,"Mon 5:00am - 10:59pm; Tue 5:00am - 10:59pm; Wed 5:00am - 10:59pm; Thu 5:00am - 10:59pm; Fri 5:00am - 10:59pm; Sat 5:00am - 10:59pm; Sun 5:00am - 10:59pm",E,Public, , , ,2023/08/07 00:00:00+00,2023/08/07 00:00:00+00,2023/02/08 00:00:00+00,, ,17710 Canyon Road East,Puyallup,98375,WA,US,47.0958375,-122.357127, , ,888-264-2208, ,4f0d2ec9-a938-4835-b049-92245a4c99ef,Volta,0,0,2,2, ,CCS,https://voltacharging.com/, , ,GPS
-13612978.6682,6034618.4613,123,1714,"Walgreens at 4412 Rainier Ave, Seattle",253567,ELEC, ,"Mon 7:00am - 10:59pm; Tue 7:00am - 10:59pm; Wed 7:00am - 10:59pm; Thu 7:00am - 10:59pm; Fri 7:00am - 10:59pm; Sat 7:00am - 10:59pm; Sun 7:00am - 10:59pm",E,Public, , , ,2023/08/07 00:00:00+00,2023/08/07 00:00:00+00,2023/02/08 00:00:00+00,, ,4412 Rainier Ave S,Seattle,98118,WA,US,47.563966,-122.287468, , ,888-264-2208, ,77911f30-c7b4-463b-a584-7cce9cb3ebf9,Volta,0,2,0,2, ,J1772,https://voltacharging.com/, , ,GPS
-13612366.077,6016772.4294,124,1715,Safeway 4011 S 164th,253575,ELEC, ,"Mon 5:00am - 10:59pm; Tue 5:00am - 10:59pm; Wed 5:00am - 10:59pm; Thu 5:00am - 10:59pm; Fri 5:00am - 10:59pm; Sat 5:00am - 10:59pm; Sun 5:00am - 10:59pm",E,Public, , , ,2023/08/07 00:00:00+00,2023/08/07 00:00:00+00,2023/02/08 00:00:00+00,, ,4011 S 164th,Seattle,98188,WA,US,47.45568,-122.281965, , ,888-264-2208, ,83ccc367-6aaa-4644-8f98-cdaf9488467c,Volta,0,2,0,2, ,J1772,https://voltacharging.com/, , ,GPS
-13645920.2739999,6058380.68100001,125,1716,Masi Shop,253602,ELEC, ,"Mon 5:00am - 10:59pm; Tue 5:00am - 10:59pm; Wed 5:00am - 10:59pm; Thu 5:00am - 10:59pm; Fri 5:00am - 10:59pm; Sat 5:00am - 10:59pm; Sun 5:00am - 10:59pm",E,Public, , , ,2023/08/07 00:00:00+00,2023/08/07 00:00:00+00,2023/02/08 00:00:00+00,, ,15347 Suquamish Way Northeast,Suquamish,98392,WA,US,47.707803471,-122.58338748, , ,888-264-2208, ,a43cd3bf-db2e-4087-b736-389291073254,Volta,0,2,0,2, ,J1772,https://voltacharging.com/, , ,GPS
-13619556.7372,6061280.35930001,126,1717,Aurora Shopping Center,253603,ELEC, ,"Mon 5:00am - 10:59pm; Tue 5:00am - 10:59pm; Wed 5:00am - 10:59pm; Thu 5:00am - 10:59pm; Fri 5:00am - 10:59pm; Sat 5:00am - 10:59pm; Sun 5:00am - 10:59pm",E,Public, , , ,2023/08/07 00:00:00+00,2023/08/07 00:00:00+00,2023/02/08 00:00:00+00,, ,13025 Aurora Ave N,Aurora,98133,WA,US,47.7253287,-122.3465598, , ,888-264-2208, ,a5b10ba1-b8a1-46de-af93-a6e66866a812,Volta,0,1,0,1, ,J1772,https://voltacharging.com/, , ,GPS
-13705354.2533,6120273.2933,127,1718,Safeway 680f West Washington,253617,ELEC, ,"Mon 5:00am - 10:59pm; Tue 5:00am - 10:59pm; Wed 5:00am - 10:59pm; Thu 5:00am - 10:59pm; Fri 5:00am - 10:59pm; Sat 5:00am - 10:59pm; Sun 5:00am - 10:59pm",E,Public, , , ,2023/08/07 00:00:00+00,2023/08/07 00:00:00+00,2023/02/08 00:00:00+00,, ,680f West Washington,Sequim,98382,WA,US,48.080594,-123.117292, , ,888-264-2208, ,b4cba8ab-7fcd-4272-a000-eb01e83024c1,Volta,0,2,0,2, ,J1772,https://voltacharging.com/, , ,GPS
-13653436.4569,5735951.7955,128,1719,"Walgreens 2100 NE 139TH ST, VANCOUVER",253643,ELEC, ,"Mon 7:00am - 9:00pm; Tue 7:00am - 9:00pm; Wed 7:00am - 9:00pm; Thu 7:00am - 9:00pm; Fri 7:00am - 9:00pm; Sat 7:00am - 9:00pm; Sun 7:00am - 9:00pm",E,Public, , , ,2023/08/07 00:00:00+00,2023/08/07 00:00:00+00,2023/02/08 00:00:00+00,, ,2100 Ne 139Th,St,98686,WA,US,45.7222565,-122.6509065, , ,888-264-2208, ,ce24af0d-639b-4114-897d-8927abf972dc,Volta,0,2,0,2, ,J1772,https://voltacharging.com/, , ,GPS
-13611615.9692,6078812.9147,129,1720,Alderwood Mall Nordstrom,253649,ELEC, ,"Mon 5:00am - 10:59pm; Tue 5:00am - 10:59pm; Wed 5:00am - 10:59pm; Thu 5:00am - 10:59pm; Fri 5:00am - 10:59pm; Sat 5:00am - 10:59pm; Sun 5:00am - 10:59pm",E,Public, , , ,2023/08/07 00:00:00+00,2023/08/07 00:00:00+00,2023/02/08 00:00:00+00,, ,3000 184Th St Sw,Lynnwood,98037,WA,US,47.831167333,-122.275226667, , ,888-264-2208, ,d3b7a953-2b87-4852-a8b0-8bdbabbef031,Volta,0,3,0,3, ,J1772,https://voltacharging.com/, , ,GPS
-13603742.657,6024304.2611,130,1721,Southport South Garage Level A,253652,ELEC, ,"Mon 5:00am - 10:59pm; Tue 5:00am - 10:59pm; Wed 5:00am - 10:59pm; Thu 5:00am - 10:59pm; Fri 5:00am - 10:59pm; Sat 5:00am - 10:59pm; Sun 5:00am - 10:59pm",E,Public, , , ,2023/08/07 00:00:00+00,2023/08/07 00:00:00+00,2023/02/08 00:00:00+00,, ,1103 Lake Washington Blvd. No.,Renton,98056,WA,US,47.501408833,-122.2044995, , ,888-264-2208, ,d7fa5960-b8f0-464c-811c-f366e39ce3ef,Volta,0,6,0,6, ,J1772,https://voltacharging.com/, , ,GPS
-13611606.8781,6078749.84719999,131,1722,Alderwood Mall JC Penny Parking Garage 2nd Floor,253656,ELEC, ,"Mon 5:00am - 10:59pm; Tue 5:00am - 10:59pm; Wed 5:00am - 10:59pm; Thu 5:00am - 10:59pm; Fri 5:00am - 10:59pm; Sat 5:00am - 10:59pm; Sun 5:00am - 10:59pm",E,Public, , , ,2023/08/07 00:00:00+00,2023/08/07 00:00:00+00,2023/02/08 00:00:00+00,, ,3000 184Th St Sw,Lynnwood,98037,WA,US,47.830787,-122.275145, , ,888-264-2208, ,d9fe5944-f2f5-423a-b351-e2bb032f4138,Volta,0,1,0,1, ,J1772,https://voltacharging.com/, , ,GPS
-13600890.7073,6044276.5326,132,1723,NORAM BLOCK 7 #15,253838,ELEC, ,24 hours daily,E,Public, , , ,2023/08/07 00:00:00+00,2023/08/07 00:00:00+00,2023/02/10 00:00:00+00,, ,1525 121st Ave NE,Bellevue,98005,WA,US,47.622476,-122.17888, , ,888-758-4389, ,USCPIL12725681,ChargePoint Network,0,2,0,2, ,J1772,http://www.chargepoint.com/, , ,GPS
-13619254.1931,6182255.27610001,133,1724,DWAYNE LANE'S DEALERSHIP,253922,ELEC, ,24 hours daily,E,Public, , , ,2023/08/07 00:00:00+00,2023/08/07 00:00:00+00,2023/02/13 00:00:00+00,, ,620 Auto Blvd,Burlington,98233,WA,US,48.451235,-122.343842, , ,888-758-4389, ,USCPIL12869701,ChargePoint Network,0,2,0,2, ,J1772,http://www.chargepoint.com/, , ,GPS
-13600890.3733001,6044271.08240001,134,1725,NORAM BLOCK 7 #1,254111,ELEC, ,24 hours daily,E,Public, , , ,2023/08/07 00:00:00+00,2023/08/07 00:00:00+00,2023/02/16 00:00:00+00,, ,1525 121st Ave NE,Bellevue,98005,WA,US,47.622443,-122.178877, , ,888-758-4389, ,USCPIL12725881,ChargePoint Network,0,2,0,2, ,J1772,http://www.chargepoint.com/, , ,GPS
-13044103.8989,5897974.3503,135,1726,Hotel McCoy,254394,ELEC, , ,E,Public, , , ,2023/08/07 00:00:00+00,2023/08/07 00:00:00+00,2023/02/23 00:00:00+00,, ,455 SE Paradise St,Pullman,99163,WA,US,46.72914,-117.177179, , ,866-816-7584, ,9b4a0c98-5a08-43d2-8244-cbb2ad5e064d,EV Connect,0,2,0,2, ,J1772,http://evconnect.com/, , ,GPS
-13600895.0488,6044272.0733,136,1727,NORAM BLOCK 7 #12,254503,ELEC, ,24 hours daily,E,Public, , , ,2023/08/07 00:00:00+00,2023/08/07 00:00:00+00,2023/02/24 00:00:00+00,, ,1525 121st Ave NE,Bellevue,98005,WA,US,47.622449,-122.178919, , ,888-758-4389, ,USCPIL12728661,ChargePoint Network,0,2,0,2, ,J1772,http://www.chargepoint.com/, , ,GPS
-13617914.6857,6043042.385,137,1728,SCC SUMMIT SCC SUMMIT #1,254512,ELEC, ,24 hours daily,E,Public, , , ,2023/08/07 00:00:00+00,2023/08/07 00:00:00+00,2023/02/24 00:00:00+00,, ,1009 Olive Way,Seattle,98101,WA,US,47.615003,-122.331809, , ,888-758-4389, ,USCPIL13393121,ChargePoint Network,0,2,0,2, ,J1772,http://www.chargepoint.com/, , ,GPS
-13617877.6163,6043022.07329999,138,1729,SCC SUMMIT SCC SUMMIT #3,254513,ELEC, ,24 hours daily,E,Public, , , ,2023/08/07 00:00:00+00,2023/08/07 00:00:00+00,2023/02/24 00:00:00+00,, ,1009 Olive Way,Seattle,98101,WA,US,47.61488,-122.331476, , ,888-758-4389, ,USCPIL13393131,ChargePoint Network,0,2,0,2, ,J1772,http://www.chargepoint.com/, , ,GPS
-13617889.5275,6043031.65119999,139,1730,SCC SUMMIT SCC SUMMIT #2,254514,ELEC, ,24 hours daily,E,Public, , , ,2023/08/07 00:00:00+00,2023/08/07 00:00:00+00,2023/02/24 00:00:00+00,, ,1009 Olive Way,Seattle,98101,WA,US,47.614938,-122.331583, , ,888-758-4389, ,USCPIL13393141,ChargePoint Network,0,2,0,2, ,J1772,http://www.chargepoint.com/, , ,GPS
-13617881.1785,6043031.65119999,140,1731,SCC SUMMIT SCC SUMMIT #4,254515,ELEC, ,24 hours daily,E,Public, , , ,2023/08/07 00:00:00+00,2023/08/07 00:00:00+00,2023/02/24 00:00:00+00,, ,1009 Olive Way,Seattle,98101,WA,US,47.614938,-122.331508, , ,888-758-4389, ,USCPIL13393151,ChargePoint Network,0,2,0,2, ,J1772,http://www.chargepoint.com/, , ,GPS
-13606278.5706,6091968.65219999,141,1732,TARGET CORP EVERETT 1,254532,ELEC, ,"Mon 7:00am - 12:00am; Tue 7:00am - 12:00am; Wed 7:00am - 12:00am; Thu 7:00am - 12:00am; Fri 7:00am - 12:00am; Sat 7:00am - 12:00am; Sun 7:00am - 12:00am",E,Public, , , ,2023/08/07 00:00:00+00,2023/08/07 00:00:00+00,2023/02/24 00:00:00+00,, ,405 SE Everett Mall Way,Everett,98208,WA,US,47.910443,-122.22728, , ,888-758-4389, ,USCPIL13472981,ChargePoint Network,0,2,0,2, ,J1772,http://www.chargepoint.com/, , ,GPS
-13606278.5706,6091964.83249999,142,1733,TARGET CORP EVERETT 2,254533,ELEC, ,"Mon 7:00am - 12:00am; Tue 7:00am - 12:00am; Wed 7:00am - 12:00am; Thu 7:00am - 12:00am; Fri 7:00am - 12:00am; Sat 7:00am - 12:00am; Sun 7:00am - 12:00am",E,Public, , , ,2023/08/07 00:00:00+00,2023/08/07 00:00:00+00,2023/02/24 00:00:00+00,, ,405 SE Everett Mall Way,Everett,98208,WA,US,47.91042,-122.22728, , ,888-758-4389, ,USCPIL13473011,ChargePoint Network,0,2,0,2, ,J1772,http://www.chargepoint.com/, , ,GPS
-13607076.0635,5991442.5676,143,1734,Best Western Mountainview Inn,254548,ELEC, ,24 hours daily,E,Public, , , ,2023/08/07 00:00:00+00,2023/08/07 00:00:00+00,2023/02/24 00:00:00+00,, ,401 8th St SW,Auburn,98001,WA,US,47.3016,-122.234444, , ,888-356-8911, ,Post: AUB-19201,FLO,0,2,0,2, ,J1772,https://flo.ca/, , ,GPS
-13603189.2321,6010645.5747,144,1735,Cascade Homes,255329,ELEC, ,24 hours daily,E,Public, , , ,2023/08/07 00:00:00+00,2023/08/07 00:00:00+00,2023/02/28 00:00:00+00,, ,20500 106 Ave SE,Kent,98031,WA,US,47.418452,-122.199528, , ,855-900-7584, ,2608,SHELL_RECHARGE,0,1,0,1, ,J1772,https://shellrecharge.com/en-us/solutions, , ,GPS
-13603524.6378,6006303.37939999,145,1736,Valli Kee,255330,ELEC, ,24 hours daily,E,Public, , , ,2023/08/07 00:00:00+00,2023/08/07 00:00:00+00,2023/02/28 00:00:00+00,, ,23401 104TH AVE SE,Kent,98031,WA,US,47.392052,-122.202541, , ,855-900-7584, ,2610,SHELL_RECHARGE,0,1,0,1, ,J1772,https://shellrecharge.com/en-us/solutions, , ,GPS
-13616325.0434,6048514.0749,146,1737,Portage Bay,255634,ELEC, ,24 hours daily,E,Public, , , ,2023/08/07 00:00:00+00,2023/08/07 00:00:00+00,2023/03/07 00:00:00+00,, ,2915 Fuhrman Ave E,Seattle,98102,WA,US,47.648127,-122.317529, , ,855-900-7584, ,4134,SHELL_RECHARGE,0,2,0,2, ,J1772,https://shellrecharge.com/en-us/solutions, , ,GPS
-13078103.3204,6063775.79050001,147,1738,Indian Trail Library,255648,ELEC, , ,E,Public, , , ,2023/08/07 00:00:00+00,2023/08/07 00:00:00+00,2023/03/08 00:00:00+00,, ,4909 W. Barnes Rd,Spokane,99208,WA,US,47.740406,-117.482601, , ,866-816-7584, ,95d52d7d-975b-46c8-99f7-63e8e096d124,EV Connect,0,0,1,1, ,"CHAdeMO, CCS",http://evconnect.com/, , ,GPS
-13414144.0238,5877590.38740001,148,1739,Leading Force,255741,ELEC, , ,E,Public, , , ,2023/08/07 00:00:00+00,2023/08/07 00:00:00+00,2023/03/09 00:00:00+00,, ,17 N. 3rd St Ste 101,Yakima,98901,WA,US,46.60348,-120.501306, , ,866-816-7584, ,1a0dcf1c-394a-42fc-983e-855eedca47a3,EV Connect,0,2,0,2, ,J1772,http://evconnect.com/, , ,GPS
-13606116.8234,6091781.8185,149,1740,Target - Tesla Supercharger,256046,ELEC,SHOPPING_CENTER,24 hours daily,E,Public, ,False,"American Express, Discover, Debit, MasterCard, Visa",2023/07/01 00:00:00+00,2023/07/14 00:00:00+00,2023/03/09 00:00:00+00,, ,405 SE Everett Mall Way,Everett,98208,WA,US,47.909318,-122.225827, , ,877-798-3752,P,16413,Tesla,0,0,12,12, ,Tesla,https://www.tesla.com/supercharger,"$0.28 per kWh; $0.26 per minute above 60 kW and $0.13 per minute at or below 60 kW", ,GPS
-13271348.0306,5815022.34220001,150,1741,SureStay Plus Hotel,256118,ELEC,HOTEL,24 hours daily,E,Public,CREDIT_CARD_ALWAYS,False,"American Express, Discover, Debit, MasterCard, Visa",2023/04/06 00:00:00+00,2023/04/06 00:00:00+00,2023/03/09 00:00:00+00,, ,602 N Young St,Kennewick,99336,WA,US,46.2159449742615,-119.218547768, , ,509-396-9979,P, ,Non-Networked,0,1,0,1, ,J1772, , , ,GPS
-13615793.3815,6179840.2677,151,1742,Skagit Valley College - Lewis Hall,256137,ELEC, , ,E,Public, , , ,2023/06/20 00:00:00+00,2023/06/20 00:00:00+00,2023/03/09 00:00:00+00,, ,2405 E. College Way,Mt. Vernon,98273,WA,US,48.436844,-122.312753, , ,888-998-2546, ,890208b9-34eb-45a2-8e48-94f1fb0fb34f,Blink Network,0,4,0,4, ,J1772,http://www.blinkcharging.com/, , ,GPS
-13629879.8612,5983729.26370001,152,1743,TAC PW PARKING PARK PLAZA 02,256214,ELEC, ,24 hours daily,E,Public, , , ,2023/08/07 00:00:00+00,2023/08/07 00:00:00+00,2023/03/11 00:00:00+00,, ,923 Commerce St,Tacoma,98402,WA,US,47.254591,-122.439294, , ,888-758-4389, ,USCPIL320551,ChargePoint Network,0,2,0,2, ,J1772,http://www.chargepoint.com/, , ,GPS
-13625079.9874,5987194.47200001,153,1744,TAC PW FAC MGT FIRE STN 05 01,256217,ELEC, ,24 hours daily,E,Public, , , ,2023/08/07 00:00:00+00,2023/08/07 00:00:00+00,2023/03/11 00:00:00+00,, ,3520 East 11th St Fire Station 05,Tacoma,98421,WA,US,47.275715,-122.396176, , ,888-758-4389, ,USCPIL5680091,ChargePoint Network,0,2,0,2, ,J1772,http://www.chargepoint.com/, , ,GPS
-13622878.0878,6055019.06819999,154,1745,Arrive Noba Apartments,256432,ELEC, , ,E,Public, , , ,2023/06/21 00:00:00+00,2023/06/21 00:00:00+00,2012/02/08 00:00:00+00,, ,8022 15th Avenue Northwest,Seattle,98117,WA,US,47.687479,-122.376396, , ,800-663-5633, ,7167,SemaCharge Network,0,1,0,1, ,J1772,https://semaconnect.com/, , ,GPS
-13632482.9561,5976354.3054,155,1746,Evergreen Shopping Center - Tesla Supercharger,256577,ELEC,SHOPPING_CENTER,24 hours daily,E,Public, ,False,"American Express, Discover, Debit, MasterCard, Visa",2023/07/01 00:00:00+00,2023/07/14 00:00:00+00,2023/03/16 00:00:00+00,, ,5219  Tacoma Mall Boulevard,Tacoma,98409,WA,US,47.209605,-122.462678, , ,877-798-3752,P,19205,Tesla,0,0,12,12, ,Tesla,https://www.tesla.com/supercharger,"$0.28 per kWh; $0.26 per minute above 60 kW and $0.13 per minute at or below 60 kW", ,GPS
-13600649.3666,6083461.9517,156,1747,Silver Lake Water and Sewer District HQ Public Chargers,256681,ELEC, ,24 hours daily,E,Public, , , ,2023/06/21 00:00:00+00,2023/06/21 00:00:00+00,2023/01/10 00:00:00+00,, ,15205 41st Ave SE,Bothell,98012,WA,US,47.859196,-122.176712, , ,800-663-5633, ,6917,SemaCharge Network,0,1,0,1, ,J1772,https://semaconnect.com/, , ,GPS
-13645830.0518,5996101.2052,157,1748,MP4 MP4,256697,ELEC, ,24 hours daily,E,Public, , , ,2023/08/07 00:00:00+00,2023/08/07 00:00:00+00,2023/03/18 00:00:00+00,, ,3220 Rosedale St NW,Gig Harbor,98335,WA,US,47.329972,-122.582577, , ,888-758-4389, ,USCPIL13485471,ChargePoint Network,0,2,0,2, ,J1772,http://www.chargepoint.com/, , ,GPS
-13634153.4164,6226697.3482,158,1749,Fairhaven Parkway,256714,ELEC, ,24 hours daily,E,Public, , , ,2023/08/07 00:00:00+00,2023/08/07 00:00:00+00,2023/03/18 00:00:00+00,, ,3105 Old Fairhaven Pkwy,Bellingham,98225,WA,US,48.715337,-122.477684, , ,888-356-8911, ,Post: AUK-00764,FLO,0,0,2,2, ,"CHAdeMO, CCS",https://flo.ca/, , ,GPS
-13656338.9457,6033292.49559999,159,1750,HEARTLANDTOYOTA CT4020,257088,ELEC, ,24 hours daily,E,Public, , , ,2023/08/07 00:00:00+00,2023/08/07 00:00:00+00,2023/03/25 00:00:00+00,, ,901 W Hills Blvd,Bremerton,98312,WA,US,47.555928,-122.67698, , ,888-758-4389, ,USCPIL13415221,ChargePoint Network,0,2,0,2, ,J1772,http://www.chargepoint.com/, , ,GPS
-13618328.4602,5994183.06469999,160,1751,LAKEHAVEN W&S 2,257334,ELEC, ,24 hours daily,E,Public, , , ,2023/08/07 00:00:00+00,2023/08/07 00:00:00+00,2023/03/30 00:00:00+00,, ,31627 1st Ave S,Federal Way,98003,WA,US,47.318292,-122.335526, , ,888-758-4389, ,USCPIL13508971,ChargePoint Network,0,1,0,1, ,J1772,http://www.chargepoint.com/, , ,GPS
-13618334.4715,5994190.28980001,161,1752,LAKEHAVEN W&S 1,257335,ELEC, ,24 hours daily,E,Public, , , ,2023/08/07 00:00:00+00,2023/08/07 00:00:00+00,2023/03/30 00:00:00+00,, ,31627 1st Ave S,Federal Way,98003,WA,US,47.318336,-122.33558, , ,888-758-4389, ,USCPIL13508991,ChargePoint Network,0,1,0,1, ,J1772,http://www.chargepoint.com/, , ,GPS
-13603826.6475,6049703.8881,162,1753,P-5000 Garage at Carillon Point,257460,ELEC, , ,E,Public, , , ,2023/06/21 00:00:00+00,2023/06/21 00:00:00+00,2023/03/30 00:00:00+00,, ,5000 Carillon Point,Kirkland,98033,WA,US,47.655327,-122.205254, , ,888-998-2546, ,465ba1dd-d734-8158-93cc-330000197387,Blink Network,0,1,0,1, ,J1772,http://www.blinkcharging.com/, , ,GPS
-13656153.4874,6050138.54139999,163,1754,St. Michael Medical Center - North Parking Lot,257471,ELEC, , ,E,Public, , , ,2023/06/21 00:00:00+00,2023/06/21 00:00:00+00,2023/03/30 00:00:00+00,, ,1800 NW Myhre Rd,Silverdale,98383,WA,US,47.657957,-122.675314, , ,888-998-2546, ,465ba1dd-d734-8158-93cc-330000550950,Blink Network,0,1,0,1, ,J1772,http://www.blinkcharging.com/, , ,GPS
-13613586.5839,6010597.70000001,164,1755,Abbey Ridge Apartments,257499,ELEC, , ,E,Public, , , ,2023/06/20 00:00:00+00,2023/06/20 00:00:00+00,2023/03/30 00:00:00+00,, ,3035 S 204th St.,Seatac,98198,WA,US,47.418161,-122.292929, , ,888-998-2546, ,465ba1dd-d734-8158-93cc-330000762254,Blink Network,0,2,0,2, ,J1772,http://www.blinkcharging.com/, , ,GPS
-13177002.2277,5786390.3259,165,1756,BESTMED UC STATION 2,257568,ELEC, ,24 hours daily,E,Public, , , ,2023/08/07 00:00:00+00,2023/08/07 00:00:00+00,2023/03/31 00:00:00+00,, ,1225 SE Scenic View Dr,College Place,99324,WA,US,46.037685,-118.371025, , ,888-758-4389, ,USCPIL13394071,ChargePoint Network,0,1,0,1, ,J1772,http://www.chargepoint.com/, , ,GPS
-13418201.6193,5945201.70650001,166,1757,HORIZON REALTY VERGE APTS 1,257578,ELEC, ,24 hours daily,E,Public, , , ,2023/08/07 00:00:00+00,2023/08/07 00:00:00+00,2023/03/31 00:00:00+00,, ,2420 Airport Rd,Ellensburg,98926,WA,US,47.019158,-120.537756, , ,888-758-4389, ,USCPIL13550561,ChargePoint Network,0,2,0,2, ,J1772,http://www.chargepoint.com/, , ,GPS
-13602401.9807,6043389.177,167,1758,The Bravern,257722,ELEC, ,24 hours daily,E,Public, , , ,2023/08/07 00:00:00+00,2023/08/07 00:00:00+00,2023/03/31 00:00:00+00,, ,11111 NE 8th St,Bellevue,98004,WA,US,47.617103,-122.192456, , ,888-356-8911, ,Post: AUB-20072,FLO,0,3,0,3, ,J1772,https://flo.ca/, , ,GPS
-13602195.817,6043894.5275,168,1759,112th at 12th Office Building,257723,ELEC, ,24 hours daily,E,Public, , , ,2023/08/07 00:00:00+00,2023/08/07 00:00:00+00,2023/03/31 00:00:00+00,, ,1100 112th Ave NE,Bellevue,98004,WA,US,47.620163,-122.190604, , ,888-356-8911, ,Post: AUB-20068,FLO,0,3,0,3, ,J1772,https://flo.ca/, , ,GPS
-13523657.2446,5736886.7924,169,1760,White Salmon Fire Hall,257738,ELEC, , ,E,Public, , , ,2023/08/07 00:00:00+00,2023/08/07 00:00:00+00,2023/03/31 00:00:00+00,, ,119 NE Church,White Salmon,98672,WA,US,45.72812,-121.48508, , ,855-885-9571, ,440,OpConnect,0,2,0,2, ,J1772,http://www.opconnect.com/, , ,GPS
-13603983.942,5974234.4214,170,1761,WinCo Foods - Sumner #74,257755,ELEC, ,24 hours daily,E,Public, , , ,2023/08/06 00:00:00+00,2023/08/06 00:00:00+00,2023/03/31 00:00:00+00,, ,6621 Wahl Rd East,Sumner,98390,WA,US,47.196667,-122.206667, , ,877-455-3833, ,48750,eVgo Network,0,0,6,6, ,"CHAdeMO, CCS",https://www.evgo.com/, , ,GPS
-13176990.2052,5786383.1097,171,1762,BESTMED UC STATION 1,257898,ELEC, ,24 hours daily,E,Public, , , ,2023/08/07 00:00:00+00,2023/08/07 00:00:00+00,2023/04/05 00:00:00+00,, ,1225 SE Scenic View Dr,College Place,99324,WA,US,46.03764,-118.370917, , ,888-758-4389, ,USCPIL13501981,ChargePoint Network,0,2,0,2, ,J1772,http://www.chargepoint.com/, , ,GPS
-13619720.9558,6043748.69949999,172,1763,Komo Plaza Garage,258146,ELEC,PUBLIC,"Mon 6:00am - 9:00pm; Tue 6:00am - 9:00pm; Wed 6:00am - 9:00pm; Thu 6:00am - 9:00pm; Fri 6:00am - 10:00pm; Sat 6:00am - 10:00pm; Sun 8:00am - 9:00pm",E,Public, , ,"American Express, Discover, MasterCard, Visa",2023/08/07 00:00:00+00,2023/08/07 00:00:00+00,2023/04/06 00:00:00+00,, ,140 4th Ave N.,Seattle,98109,WA,US,47.61928,-122.348035, , ,855-223-5351, ,51945,FLASH,0,8,0,8, ,J1772,https://www.flashparking.com/products/diversify-parking-revenue/ev-charging-as-a-revenue-stream/, , ,GPS
-13632079.7569,6234165.343,173,1764,GARAGE NEVADA 1,258236,ELEC, ,24 hours daily,E,Public, , , ,2023/08/07 00:00:00+00,2023/08/07 00:00:00+00,2023/04/07 00:00:00+00,, ,2200 Nevada St,Bellingham,98229,WA,US,48.759581,-122.459056, , ,888-758-4389, ,USCPIL13541151,ChargePoint Network,0,2,0,2, ,J1772,http://www.chargepoint.com/, , ,GPS
-13620670.3997,6044240.19759999,174,1765,ARTIX ARTIX 1,258947,ELEC, ,24 hours daily,E,Public, , , ,2023/08/07 00:00:00+00,2023/08/07 00:00:00+00,2023/04/11 00:00:00+00,, ,400 Queen Anne Ave N,Seattle,98109,WA,US,47.622256,-122.356564, , ,888-758-4389, ,USCPIL13402271,ChargePoint Network,0,1,0,1, ,J1772,http://www.chargepoint.com/, , ,GPS
-13619600.7307,6049476.48889999,175,1766,Eclipse Fremont,258976,ELEC, , ,T,Public, , , ,2023/06/20 00:00:00+00,2023/06/20 00:00:00+00,2022/04/29 00:00:00+00,2023/06/16 00:00:00+00, ,"909 N 39th St,",Seattle,98103,WA,US,47.653951,-122.346955, , ,800-663-5633, ,7235,SemaCharge Network,0,4,0,4, ,J1772,https://semaconnect.com/, , ,GPS
-13618383.5634,6043881.6457,176,1767,AMZ SEA29 - 6,258980,ELEC, ,24 hours daily,E,Public, , , ,2023/08/07 00:00:00+00,2023/08/07 00:00:00+00,2023/04/12 00:00:00+00,, ,207 Boren Ave N,Seattle,98109,WA,US,47.620085,-122.336021, , ,888-758-4389, ,USCPIL338081,ChargePoint Network,0,2,0,2, ,J1772,http://www.chargepoint.com/, , ,GPS
-13620665.613,6044240.19759999,177,1768,ARTIX ARTIX 2,258983,ELEC, ,24 hours daily,E,Public, , , ,2023/08/07 00:00:00+00,2023/08/07 00:00:00+00,2023/04/12 00:00:00+00,, ,400 Queen Anne Ave N,Seattle,98109,WA,US,47.622256,-122.356521, , ,888-758-4389, ,USCPIL13402221,ChargePoint Network,0,1,0,1, ,J1772,http://www.chargepoint.com/, , ,GPS
-13596776.3389,6037602.87560001,178,1769,MICHAELSTOB MICHAELS'S TOYO,258984,ELEC, ,24 hours daily,E,Public, , , ,2023/08/07 00:00:00+00,2023/08/07 00:00:00+00,2023/04/12 00:00:00+00,, ,3080 150th Ave SE,Bellevue,98007,WA,US,47.582053,-122.14192, , ,888-758-4389, ,USCPIL13427961,ChargePoint Network,0,2,0,2, ,J1772,http://www.chargepoint.com/, , ,GPS
-13414863.593,5878036.9449,179,1770,Lincoln Conoco,259045,ELEC, , ,E,Public, , , ,2023/06/20 00:00:00+00,2023/06/20 00:00:00+00,2023/04/12 00:00:00+00,, ,301 N 1st Street,Yakima,98901,WA,US,46.606236,-120.50777, , ,888-998-2546, ,b0d38425-0405-4b64-ae4f-cce2f7da8020,Blink Network,0,0,1,1, ,CCS,http://www.blinkcharging.com/, , ,GPS
-13418613.1674,5874469.17059999,180,1771,H2S YAKIMA HOME2 ONE,259048,ELEC, ,24 hours daily,E,Public, , , ,2023/08/07 00:00:00+00,2023/08/07 00:00:00+00,2023/04/13 00:00:00+00,, ,2420 W Nob Hill Blvd,Yakima,98902,WA,US,46.584213,-120.541453, , ,888-758-4389, ,USCPIL1828321,ChargePoint Network,0,2,0,2, ,J1772,http://www.chargepoint.com/, , ,GPS
-13418607.8241,5874446.009,181,1772,H2S YAKIMA HOME2 TWO,259049,ELEC, ,24 hours daily,E,Public, , , ,2023/08/07 00:00:00+00,2023/08/07 00:00:00+00,2023/04/13 00:00:00+00,, ,2420 W Nob Hill Blvd,Yakima,98902,WA,US,46.58407,-120.541405, , ,888-758-4389, ,USCPIL1828331,ChargePoint Network,0,2,0,2, ,J1772,http://www.chargepoint.com/, , ,GPS
-13070214.2194,6063185.18860001,182,1773,8701 N Division St,259285,ELEC, , ,E,Public, , , ,2023/08/07 00:00:00+00,2023/08/07 00:00:00+00,2023/04/13 00:00:00+00,, ,8701 N Division St,Spokane,99218,WA,US,47.736838,-117.411732, , ,866-816-7584, ,a30bc6fc-e9fe-4e53-b356-f81614be8f3b,EV Connect,0,2,0,2, ,J1772,http://evconnect.com/, , ,GPS
-13603303.1120001,6043815.9155,183,1774,AMZ SEA107-4,259515,ELEC, ,24 hours daily,E,Public, , , ,2023/08/07 00:00:00+00,2023/08/07 00:00:00+00,2023/04/18 00:00:00+00,, ,10450 NE 10th ST,Bellevue,98004,WA,US,47.619687,-122.200551, , ,888-758-4389, ,USCPIL12714311,ChargePoint Network,0,2,0,2, ,J1772,http://www.chargepoint.com/, , ,GPS
-13603300.9969,6043825.3291,184,1775,AMZ SEA107-5,259516,ELEC, ,24 hours daily,E,Public, , , ,2023/08/07 00:00:00+00,2023/08/07 00:00:00+00,2023/04/18 00:00:00+00,, ,10450 NE 10th St,Bellevue,98004,WA,US,47.619744,-122.200532, , ,888-758-4389, ,USCPIL12714341,ChargePoint Network,0,2,0,2, ,J1772,http://www.chargepoint.com/, , ,GPS
-13603299.6611,6043824.66849999,185,1776,AMZ SEA107-2,259517,ELEC, ,24 hours daily,E,Public, , , ,2023/08/07 00:00:00+00,2023/08/07 00:00:00+00,2023/04/18 00:00:00+00,, ,10450 NE 10th St,Bellevue,98004,WA,US,47.61974,-122.20052, , ,888-758-4389, ,USCPIL12714351,ChargePoint Network,0,2,0,2, ,J1772,http://www.chargepoint.com/, , ,GPS
-13603299.995,6043814.59430001,186,1777,AMZ SEA107-1,259518,ELEC, ,24 hours daily,E,Public, , , ,2023/08/07 00:00:00+00,2023/08/07 00:00:00+00,2023/04/18 00:00:00+00,, ,10450 NE 10th St,Bellevue,98004,WA,US,47.619679,-122.200523, , ,888-758-4389, ,USCPIL12726671,ChargePoint Network,0,2,0,2, ,J1772,http://www.chargepoint.com/, , ,GPS
-13603294.4291,6043820.53970001,187,1778,AMZ SEA107-3,259519,ELEC, ,24 hours daily,E,Public, , , ,2023/08/07 00:00:00+00,2023/08/07 00:00:00+00,2023/04/18 00:00:00+00,, ,10450 NE 10th St,Bellevue,98004,WA,US,47.619715,-122.200473, , ,888-758-4389, ,USCPIL12726881,ChargePoint Network,0,2,0,2, ,J1772,http://www.chargepoint.com/, , ,GPS
-13737186.9522,6124434.2589,188,1779,Ruddell Auto,259583,ELEC, ,24 hours daily,E,Public, , , ,2023/08/07 00:00:00+00,2023/08/07 00:00:00+00,2023/04/19 00:00:00+00,, ,110 S Golf Course Rd,Port Angeles,98362,WA,US,48.10556,-123.40325, , ,888-356-8911, ,Post: AUL-00917,FLO,0,0,1,1, ,"CHAdeMO, CCS",https://flo.ca/, , ,GPS
-13044360.045,5895046.69609999,189,1780,P1FCU,259585,ELEC, , ,E,Public, , , ,2023/08/07 00:00:00+00,2023/08/07 00:00:00+00,2023/04/19 00:00:00+00,, ,745 SE Fairmount Dr.,Pullman,99163,WA,US,46.71111,-117.17948, , ,855-885-9571, ,450,OpConnect,0,3,0,3, ,J1772,http://www.opconnect.com/, , ,GPS
-13608207.7374001,6019822.0022,190,1781,AMZ MONSTER #1,259603,ELEC, ,24 hours daily,E,Public, , , ,2023/08/07 00:00:00+00,2023/08/07 00:00:00+00,2023/04/20 00:00:00+00,, ,1167 Monster Rd SW,Renton,98057,WA,US,47.4742,-122.24461, , ,888-758-4389, ,USCPIL1912131,ChargePoint Network,0,1,0,1, ,J1772,http://www.chargepoint.com/, , ,GPS
-13602769.4463,6042776.3554,191,1782,AMZ SEA104-4,259604,ELEC, ,24 hours daily,E,Public, , , ,2023/08/07 00:00:00+00,2023/08/07 00:00:00+00,2023/04/20 00:00:00+00,, ,320 108th Ave NE,Bellevue,98004,WA,US,47.613392,-122.195757, , ,888-758-4389, ,USCPIL9422081,ChargePoint Network,0,2,0,2, ,J1772,http://www.chargepoint.com/, , ,GPS
-13602766.1068,6042776.3554,192,1783,AMZ SEA104-6,259605,ELEC, ,24 hours daily,E,Public, , , ,2023/08/07 00:00:00+00,2023/08/07 00:00:00+00,2023/04/20 00:00:00+00,, ,320 108th Ave NE,Bellevue,98004,WA,US,47.613392,-122.195727, , ,888-758-4389, ,USCPIL11765041,ChargePoint Network,0,2,0,2, ,J1772,http://www.chargepoint.com/, , ,GPS
-13602775.3463,6042776.19030001,193,1784,AMZ SEA104-1,259606,ELEC, ,24 hours daily,E,Public, , , ,2023/08/07 00:00:00+00,2023/08/07 00:00:00+00,2023/04/20 00:00:00+00,, ,320 108th Ave NE,Bellevue,98004,WA,US,47.613391,-122.19581, , ,888-758-4389, ,USCPIL11765061,ChargePoint Network,0,2,0,2, ,J1772,http://www.chargepoint.com/, , ,GPS
-13602772.7859001,6042775.86,194,1785,AMZ SEA104-10,259607,ELEC, ,24 hours daily,E,Public, , , ,2023/08/07 00:00:00+00,2023/08/07 00:00:00+00,2023/04/20 00:00:00+00,, ,320 108th Ave NE,Bellevue,98004,WA,US,47.613389,-122.195787, , ,888-758-4389, ,USCPIL11765091,ChargePoint Network,0,2,0,2, ,J1772,http://www.chargepoint.com/, , ,GPS
-13602767.8879,6042776.19030001,195,1786,AMZ SEA104-7,259608,ELEC, ,24 hours daily,E,Public, , , ,2023/08/07 00:00:00+00,2023/08/07 00:00:00+00,2023/04/20 00:00:00+00,, ,320 108th Ave NE,Bellevue,98004,WA,US,47.613391,-122.195743, , ,888-758-4389, ,USCPIL11765121,ChargePoint Network,0,2,0,2, ,J1772,http://www.chargepoint.com/, , ,GPS
-13602771.4501,6042776.02520001,196,1787,AMZ SEA104-2,259609,ELEC, ,24 hours daily,E,Public, , , ,2023/08/07 00:00:00+00,2023/08/07 00:00:00+00,2023/04/20 00:00:00+00,, ,320 108th Ave NE,Bellevue,98004,WA,US,47.61339,-122.195775, , ,888-758-4389, ,USCPIL11765141,ChargePoint Network,0,2,0,2, ,J1772,http://www.chargepoint.com/, , ,GPS
-13602770.3369,6042776.3554,197,1788,AMZ SEA104-8,259610,ELEC, ,24 hours daily,E,Public, , , ,2023/08/07 00:00:00+00,2023/08/07 00:00:00+00,2023/04/20 00:00:00+00,, ,320 108th Ave NE,Bellevue,98004,WA,US,47.613392,-122.195765, , ,888-758-4389, ,USCPIL11765151,ChargePoint Network,0,2,0,2, ,J1772,http://www.chargepoint.com/, , ,GPS
-13602776.6821,6042776.19030001,198,1789,AMZ SEA104-5,259611,ELEC, ,24 hours daily,E,Public, , , ,2023/08/07 00:00:00+00,2023/08/07 00:00:00+00,2023/04/20 00:00:00+00,, ,320 108th Ave NE,Bellevue,98004,WA,US,47.613391,-122.195822, , ,888-758-4389, ,USCPIL11765161,ChargePoint Network,0,2,0,2, ,J1772,http://www.chargepoint.com/, , ,GPS
-13602773.4538,6042776.02520001,199,1790,AMZ SEA104-3,259612,ELEC, ,24 hours daily,E,Public, , , ,2023/08/07 00:00:00+00,2023/08/07 00:00:00+00,2023/04/20 00:00:00+00,, ,320 108th Ave NE,Bellevue,98004,WA,US,47.61339,-122.195793, , ,888-758-4389, ,USCPIL11974581,ChargePoint Network,0,2,0,2, ,J1772,http://www.chargepoint.com/, , ,GPS
-13602772.2293,6042776.19030001,200,1791,AMZ SEA104-9,259613,ELEC, ,24 hours daily,E,Public, , , ,2023/08/07 00:00:00+00,2023/08/07 00:00:00+00,2023/04/20 00:00:00+00,, ,320 108th Ave NE,Bellevue,98004,WA,US,47.613391,-122.195782, , ,888-758-4389, ,USCPIL11974601,ChargePoint Network,0,2,0,2, ,J1772,http://www.chargepoint.com/, , ,GPS
-13592505.9006,6052784.7794,201,1792,"Hampton Inn & Suites - Redmond, WA",259707,ELEC, , ,E,Public, , , ,2023/08/07 00:00:00+00,2023/08/07 00:00:00+00,2023/04/21 00:00:00+00,, ,17770 NE 78th Place,Redmond,98052,WA,US,47.673966,-122.103558, , ,866-816-7584, ,78ce19e3-1d44-478f-966c-2bcd222bb6d4,EV Connect,0,4,0,4, ,J1772,http://evconnect.com/, , ,GPS
-13617239.199,5710594.4116,202,1793,PORTCW BLDG 20 #2,259830,ELEC, ,24 hours daily,E,Public, , , ,2023/08/07 00:00:00+00,2023/08/07 00:00:00+00,2023/04/25 00:00:00+00,, ,4035 Grant St,Washougal,98671,WA,US,45.563002,-122.325741, , ,888-758-4389, ,USCPIL13567111,ChargePoint Network,0,1,0,1, ,J1772,http://www.chargepoint.com/, , ,GPS
-13617227.2878,5710600.4536,203,1794,PORTCW BLDG 20 #1,259831,ELEC, ,24 hours daily,E,Public, , , ,2023/08/07 00:00:00+00,2023/08/07 00:00:00+00,2023/04/25 00:00:00+00,, ,4035 Grant St,Washougal,98671,WA,US,45.56304,-122.325634, , ,888-758-4389, ,USCPIL13570311,ChargePoint Network,0,1,0,1, ,J1772,http://www.chargepoint.com/, , ,GPS
-13617277.3816,5710531.13,204,1795,PORTCW BLDG 20 #6,259832,ELEC, ,24 hours daily,E,Public, , , ,2023/08/07 00:00:00+00,2023/08/07 00:00:00+00,2023/04/25 00:00:00+00,, ,4035 Grant St,Washougal,98671,WA,US,45.562604,-122.326084, , ,888-758-4389, ,USCPIL13619891,ChargePoint Network,0,1,0,1, ,J1772,http://www.chargepoint.com/, , ,GPS
-13617264.2459,5710525.2471,205,1796,PORTCW BLDG 20 #4,259833,ELEC, ,24 hours daily,E,Public, , , ,2023/08/07 00:00:00+00,2023/08/07 00:00:00+00,2023/04/25 00:00:00+00,, ,4035 Grant St,Washougal,98671,WA,US,45.562567,-122.325966, , ,888-758-4389, ,USCPIL13619951,ChargePoint Network,0,1,0,1, ,J1772,http://www.chargepoint.com/, , ,GPS
-13617221.2766,5710600.4536,206,1797,PORTCW BLDG 20 #3,259834,ELEC, ,24 hours daily,E,Public, , , ,2023/08/07 00:00:00+00,2023/08/07 00:00:00+00,2023/04/25 00:00:00+00,, ,4035 Grant St,Washougal,98671,WA,US,45.56304,-122.32558, , ,888-758-4389, ,USCPIL13619961,ChargePoint Network,0,1,0,1, ,J1772,http://www.chargepoint.com/, , ,GPS
-13638914.1058,6044898.2148,207,1798,Bainbridge Town Square - ZEV Co-Op Public,259914,ELEC, , ,E,Public, , , ,2023/08/07 00:00:00+00,2023/08/07 00:00:00+00,2023/04/26 00:00:00+00,, ,280 Madison Ave N,Bainbridge Island,98110,WA,US,47.62624,-122.52045, , ,855-885-9571, ,457,OpConnect,0,2,0,2, ,J1772,http://www.opconnect.com/, , ,GPS
-13267329.9795,5824114.6385,208,1799,Yokes Grocery - Tesla Supercharger,259987,ELEC,GROCERY,24 hours daily,E,Public, ,False,"American Express, Discover, Debit, MasterCard, Visa",2023/07/01 00:00:00+00,2023/07/14 00:00:00+00,2023/04/27 00:00:00+00,, ,4905 North Road 68,Pasco,99301,WA,US,46.272432,-119.182453, , ,877-798-3752,P,19167,Tesla,0,0,8,8, ,Tesla,https://www.tesla.com/supercharger,"$0.28 per kWh; $0.26 per minute above 60 kW and $0.13 per minute at or below 60 kW", ,GPS
-13635787.3639,6239554.876,209,1800,CFC Cordata,260001,ELEC, ,24 hours daily,T,Public, , , ,2023/06/20 00:00:00+00,2023/06/20 00:00:00+00,2013/08/14 00:00:00+00,2023/04/27 00:00:00+00, ,315 Westerly Road,Bellingham,98226,WA,US,48.791487,-122.492362, , ,800-663-5633, ,554,SemaCharge Network,0,2,0,2, ,J1772,https://semaconnect.com/, , ,GPS
-13617247.548,5710579.3067,210,1801,PORTCW BLDG 20 #5,260030,ELEC, ,24 hours daily,E,Public, , , ,2023/08/07 00:00:00+00,2023/08/07 00:00:00+00,2023/04/28 00:00:00+00,, ,4035 Grant St,Washougal,98671,WA,US,45.562907,-122.325816, , ,888-758-4389, ,USCPIL13619901,ChargePoint Network,0,1,0,1, ,J1772,http://www.chargepoint.com/, , ,GPS
-13071536.2497,6050498.34499999,211,1802,River Park Square Parking,260060,ELEC, , ,E,Public, , , ,2023/08/07 00:00:00+00,2023/08/07 00:00:00+00,2023/04/28 00:00:00+00,, ,777 W Spokane Falls Blvd,Spokane,99201,WA,US,47.660134,-117.423608, , ,866-816-7584, ,15294bb6-c48b-482d-b37c-c11c332e18d8,EV Connect,0,4,0,4, ,J1772,http://evconnect.com/, , ,GPS
-13584729.7889,6028568.14909999,212,1803,ISSAQUAH COI COMMCENTER,260116,ELEC, ,24 hours daily,E,Public, , , ,2023/08/07 00:00:00+00,2023/08/07 00:00:00+00,2023/04/29 00:00:00+00,, ,301 Rainier Blvd S,Issaquah,98027,WA,US,47.527279,-122.033704, , ,888-758-4389, ,USCPIL13643551,ChargePoint Network,0,2,0,2, ,J1772,http://www.chargepoint.com/, , ,GPS
-13601487.3798,6058151.9825,213,1804,Lifebridge-Uplund Kirkland -  East Building,260166,ELEC, , ,E,Public, , , ,2023/06/20 00:00:00+00,2023/06/20 00:00:00+00,2023/05/01 00:00:00+00,, ,11725 NE 117th Ct,Kirkland,98034,WA,US,47.706421,-122.18424, , ,888-998-2546, ,c97b8a11-ec2e-4cff-b1b2-dd0622736c4b,Blink Network,0,15,0,15, ,J1772,http://www.blinkcharging.com/, , ,GPS
-13607080.2936,6058049.41949999,214,1805,Lifebridge-Uplund Kirkland - West Building,260167,ELEC, , ,E,Public, , , ,2023/06/21 00:00:00+00,2023/06/21 00:00:00+00,2023/05/01 00:00:00+00,, ,11725 NE 117th Ct,Kirkland,98034,WA,US,47.705801,-122.234482, , ,888-998-2546, ,09a07640-890c-4d6b-91fd-5a50f15ad4da,Blink Network,0,14,0,14, ,J1772,http://www.blinkcharging.com/, , ,GPS
-13595277.088,6045584.5286,215,1806,KORE Bellevue Technology Center,260214,ELEC, , ,E,Public, , , ,2023/06/21 00:00:00+00,2023/06/21 00:00:00+00,2020/07/21 00:00:00+00,, ,2125 158th Court NE Suite 110,Bellevue,98008,WA,US,47.630395,-122.128452, , ,800-663-5633, ,4801,SemaCharge Network,0,3,0,3, ,J1772,https://semaconnect.com/, , ,GPS
-13684549.1971,5947288.39930001,216,1807,HANSON MOTORS HM1 QUICKCHARGE,260270,ELEC, ,24 hours daily,E,Public, , , ,2023/08/07 00:00:00+00,2023/08/07 00:00:00+00,2023/05/04 00:00:00+00,, ,2300 Carriage Loop SW,Olympia,98502,WA,US,47.031936,-122.930397, , ,888-758-4389, ,USCPIL13650161,ChargePoint Network,0,0,1,1, ,"CHAdeMO, CCS",http://www.chargepoint.com/, , ,GPS
-13684590.0513,5947255.7347,217,1808,HANSON MOTORS HM3 QUICKCHARGE,260271,ELEC, ,24 hours daily,E,Public, , , ,2023/08/07 00:00:00+00,2023/08/07 00:00:00+00,2023/05/04 00:00:00+00,, ,2300 Carriage Loop SW,Olympia,98502,WA,US,47.031736,-122.930764, , ,888-758-4389, ,USCPIL13650191,ChargePoint Network,0,0,1,1, ,"CHAdeMO, CCS",http://www.chargepoint.com/, , ,GPS
-13419324.9443,5941505.0871,218,1809,UNIVERSITY AUTO CENTER,260344,ELEC, , ,T,Public, , , ,2023/08/07 00:00:00+00,2023/08/07 00:00:00+00,2023/05/05 00:00:00+00,2023/05/05 00:00:00+00, ,1817 STATE ROUTE 97,ELLENSBURG,98926,WA,US,46.996514,-120.547847, , ,866-816-7584, ,5819cac9-251d-4fef-beb5-cd335476c916,EV Connect,0,1,0,1, ,J1772,http://evconnect.com/, , ,GPS
-13680519.7654,5946715.15400001,219,1810,Courtyard by Marriott Olympia,260466,ELEC, , ,E,Public, , , ,2023/08/07 00:00:00+00,2023/08/07 00:00:00+00,2023/05/06 00:00:00+00,, ,2301 Henderson Park Ln SE,Olympia,98501,WA,US,47.028426,-122.8942, , ,866-816-7584, ,57113bc1-b278-4c4c-90a5-13603447788a,EV Connect,0,6,0,6, ,J1772,http://evconnect.com/, , ,GPS
-13600888.9262,6044270.4217,220,1811,NORAM BLOCK 7 #6,260485,ELEC, ,24 hours daily,E,Public, , , ,2023/08/07 00:00:00+00,2023/08/07 00:00:00+00,2023/05/09 00:00:00+00,, ,1525 121st Ave NE,Bellevue,98005,WA,US,47.622439,-122.178864, , ,888-758-4389, ,USCPIL12725741,ChargePoint Network,0,2,0,2, ,J1772,http://www.chargepoint.com/, , ,GPS
-13600893.379,6044273.55979999,221,1812,NORAM BLOCK 7 #13,260488,ELEC, ,24 hours daily,E,Public, , , ,2023/08/07 00:00:00+00,2023/08/07 00:00:00+00,2023/05/09 00:00:00+00,, ,1525 121st Ave NE,Bellevue,98005,WA,US,47.622458,-122.178904, , ,888-758-4389, ,USCPIL13410721,ChargePoint Network,0,2,0,2, ,J1772,http://www.chargepoint.com/, , ,GPS
-13600891.9318,6044270.2566,222,1813,NORAM BLOCK 7 #8,260823,ELEC, ,24 hours daily,E,Public, , , ,2023/08/07 00:00:00+00,2023/08/07 00:00:00+00,2023/05/14 00:00:00+00,, ,1525 121st Ave NE,Bellevue,98005,WA,US,47.622438,-122.178891, , ,888-758-4389, ,USCPIL13410691,ChargePoint Network,0,2,0,2, ,J1772,http://www.chargepoint.com/, , ,GPS
-13619045.5804,6044799.77330001,223,1814,BIOMED REALTY DEXTER YARD-S2,260851,ELEC, ,24 hours daily,E,Public, , , ,2023/08/07 00:00:00+00,2023/08/07 00:00:00+00,2023/05/16 00:00:00+00,, ,700 Dexter Ave N,Seattle,98109,WA,US,47.625644,-122.341968, , ,888-758-4389, ,USCPIL12500641,ChargePoint Network,0,2,0,2, ,J1772,http://www.chargepoint.com/, , ,GPS
-13619039.5692,6044799.9385,224,1815,BIOMED REALTY DEXTER YARD-S5,260852,ELEC, ,24 hours daily,E,Public, , , ,2023/08/07 00:00:00+00,2023/08/07 00:00:00+00,2023/05/16 00:00:00+00,, ,700 Dexter Ave N,Seattle,98109,WA,US,47.625645,-122.341914, , ,888-758-4389, ,USCPIL13246381,ChargePoint Network,0,2,0,2, ,J1772,http://www.chargepoint.com/, , ,GPS
-13582929.6414,6031427.28320001,225,1816,ISSAQUAH COI ZHOMESB,260857,ELEC, ,24 hours daily,E,Public, , , ,2023/08/07 00:00:00+00,2023/08/07 00:00:00+00,2023/05/16 00:00:00+00,, ,1707 9th Pl NE,Issaquah,98029,WA,US,47.544619,-122.017533, , ,888-758-4389, ,USCPIL13643501,ChargePoint Network,0,1,0,1, ,J1772,http://www.chargepoint.com/, , ,GPS
-13582929.6414,6031417.7182,226,1817,ISSAQUAH COI ZHOMESA,260858,ELEC, ,24 hours daily,E,Public, , , ,2023/08/07 00:00:00+00,2023/08/07 00:00:00+00,2023/05/16 00:00:00+00,, ,1707 9th Pl NE,Issaquah,98029,WA,US,47.544561,-122.017533, , ,888-758-4389, ,USCPIL13643531,ChargePoint Network,0,2,0,2, ,J1772,http://www.chargepoint.com/, , ,GPS
-13682465.0735,5939581.4863,227,1818,Tumwater City Hall,260892,ELEC, ,24 hours daily,E,Public, , , ,2023/06/21 00:00:00+00,2023/06/21 00:00:00+00,2022/10/27 00:00:00+00,, ,555 Israel Road SW,Tumwater,98501,WA,US,46.984727,-122.911675, , ,800-663-5633, ,7239,SemaCharge Network,0,3,0,3, ,J1772,https://semaconnect.com/, , ,GPS
-13619055.1539,6044788.8721,228,1819,BIOMED REALTY DEXTER YARD- S3,260904,ELEC, ,24 hours daily,E,Public, , , ,2023/08/07 00:00:00+00,2023/08/07 00:00:00+00,2023/05/17 00:00:00+00,, ,700 Roy St,Seattle,98109,WA,US,47.625578,-122.342054, , ,888-758-4389, ,USCPIL12500601,ChargePoint Network,0,2,0,2, ,J1772,http://www.chargepoint.com/, , ,GPS
-13521942.5459,5734969.9751,229,1820,City of Bingen,260939,ELEC, , ,E,Public, , , ,2023/08/07 00:00:00+00,2023/08/07 00:00:00+00,2023/05/17 00:00:00+00,, ,400 W Steuben Street,Bingen,98605,WA,US,45.7160987,-121.4696766, , ,855-885-9571, ,467,OpConnect,0,1,0,1, ,J1772,http://www.opconnect.com/, , ,GPS
-13521942.5459,5734969.9751,230,1821,City of Bingen Car Share,260940,ELEC, , ,E,Public, , , ,2023/08/07 00:00:00+00,2023/08/07 00:00:00+00,2023/05/17 00:00:00+00,, ,400 W Steuben Street,Bingen,98605,WA,US,45.7160987,-121.4696766, , ,855-885-9571, ,468,OpConnect,0,1,0,1, ,J1772,http://www.opconnect.com/, , ,GPS
-13622639.7528,6045339.7288,231,1822,SEATTLE HQ 2014-2015,260963,ELEC, ,24 hours daily,E,Public, , , ,2023/08/07 00:00:00+00,2023/08/07 00:00:00+00,2023/05/18 00:00:00+00,, ,Helix Way,Seattle,98119,WA,US,47.628913,-122.374255, , ,888-758-4389, ,USCPIL371271,ChargePoint Network,0,2,0,2, ,J1772,http://www.chargepoint.com/, , ,GPS
-13622641.4226,6045354.9254,232,1823,SEATTLE HQ 1022-1023,260964,ELEC, ,24 hours daily,E,Public, , , ,2023/08/07 00:00:00+00,2023/08/07 00:00:00+00,2023/05/18 00:00:00+00,, ,Helix Way,Seattle,98119,WA,US,47.629005,-122.37427, , ,888-758-4389, ,USCPIL373661,ChargePoint Network,0,2,0,2, ,J1772,http://www.chargepoint.com/, , ,GPS
-13622620.6059,6045326.51440001,233,1824,SEATTLE HQ 2002-2003,260965,ELEC, ,24 hours daily,E,Public, , , ,2023/08/07 00:00:00+00,2023/08/07 00:00:00+00,2023/05/18 00:00:00+00,, ,Helix Way,Seattle,98119,WA,US,47.628833,-122.374083, , ,888-758-4389, ,USCPIL373741,ChargePoint Network,0,2,0,2, ,J1772,http://www.chargepoint.com/, , ,GPS
-13622616.9323,6045332.62610001,234,1825,SEATTLE HQ 2247-2248,260966,ELEC, ,24 hours daily,E,Public, , , ,2023/08/07 00:00:00+00,2023/08/07 00:00:00+00,2023/05/18 00:00:00+00,, ,Helix Way,Seattle,98119,WA,US,47.62887,-122.37405, , ,888-758-4389, ,USCPIL379551,ChargePoint Network,0,2,0,2, ,J1772,http://www.chargepoint.com/, , ,GPS
-13622631.7378,6045345.6753,235,1826,SEATTLE HQ 2242-2243,260967,ELEC, ,24 hours daily,E,Public, , , ,2023/08/07 00:00:00+00,2023/08/07 00:00:00+00,2023/05/18 00:00:00+00,, ,Helix Way,Seattle,98119,WA,US,47.628949,-122.374183, , ,888-758-4389, ,USCPIL379601,ChargePoint Network,0,2,0,2, ,J1772,http://www.chargepoint.com/, , ,GPS
-13622635.5227,6045357.4031,236,1827,SEATTLE HQ 2238-2239,260968,ELEC, ,24 hours daily,E,Public, , , ,2023/08/07 00:00:00+00,2023/08/07 00:00:00+00,2023/05/18 00:00:00+00,, ,Helix Way,Seattle,98119,WA,US,47.62902,-122.374217, , ,888-758-4389, ,USCPIL379651,ChargePoint Network,0,2,0,2, ,J1772,http://www.chargepoint.com/, , ,GPS
-13622643.8716,6045338.57260001,237,1828,SEATTLE HQ 2012-2013,260969,ELEC, ,24 hours daily,E,Public, , , ,2023/08/07 00:00:00+00,2023/08/07 00:00:00+00,2023/05/18 00:00:00+00,, ,Helix Way,Seattle,98119,WA,US,47.628906,-122.374292, , ,888-758-4389, ,USCPIL379871,ChargePoint Network,0,2,0,2, ,J1772,http://www.chargepoint.com/, , ,GPS
-13622629.8454,6045346.17079999,238,1829,SEATTLE HQ 2244,260970,ELEC, ,24 hours daily,E,Public, , , ,2023/08/07 00:00:00+00,2023/08/07 00:00:00+00,2023/05/18 00:00:00+00,, ,Helix Way,Seattle,98119,WA,US,47.628952,-122.374166, , ,888-758-4389, ,USCPIL390281,ChargePoint Network,0,1,0,1, ,J1772,http://www.chargepoint.com/, , ,GPS
-13622629.6227,6045316.1081,239,1830,SEATTLE HQ 2008-2009,260971,ELEC, ,24 hours daily,E,Public, , , ,2023/08/07 00:00:00+00,2023/08/07 00:00:00+00,2023/05/18 00:00:00+00,, ,Helix Way,Seattle,98119,WA,US,47.62877,-122.374164, , ,888-758-4389, ,USCPIL393591,ChargePoint Network,0,2,0,2, ,J1772,http://www.chargepoint.com/, , ,GPS
-13622620.1606,6045310.1617,240,1831,SEATTLE HQ 2004-2005,260972,ELEC, ,24 hours daily,E,Public, , , ,2023/08/07 00:00:00+00,2023/08/07 00:00:00+00,2023/05/18 00:00:00+00,, ,Helix Way,Seattle,98119,WA,US,47.628734,-122.374079, , ,888-758-4389, ,USCPIL393611,ChargePoint Network,0,2,0,2, ,J1772,http://www.chargepoint.com/, , ,GPS
-13622639.5302,6045351.78689999,241,1832,SEATTLE HQ 2240-2241,260973,ELEC, ,24 hours daily,E,Public, , , ,2023/08/07 00:00:00+00,2023/08/07 00:00:00+00,2023/05/18 00:00:00+00,, ,Helix Way,Seattle,98119,WA,US,47.628986,-122.374253, , ,888-758-4389, ,USCPIL393671,ChargePoint Network,0,2,0,2, ,J1772,http://www.chargepoint.com/, , ,GPS
-13622614.5946,6045325.68849999,242,1833,SEATTLE HQ 2245-2246,260974,ELEC, ,24 hours daily,E,Public, , , ,2023/08/07 00:00:00+00,2023/08/07 00:00:00+00,2023/05/18 00:00:00+00,, ,Helix Way,Seattle,98119,WA,US,47.628828,-122.374029, , ,888-758-4389, ,USCPIL393691,ChargePoint Network,0,2,0,2, ,J1772,http://www.chargepoint.com/, , ,GPS
-13622625.0586,6045326.1841,243,1834,SEATTLE HQ 2006-2007,260975,ELEC, ,24 hours daily,E,Public, , , ,2023/08/07 00:00:00+00,2023/08/07 00:00:00+00,2023/05/18 00:00:00+00,, ,Helix Way,Seattle,98119,WA,US,47.628831,-122.374123, , ,888-758-4389, ,USCPIL393721,ChargePoint Network,0,2,0,2, ,J1772,http://www.chargepoint.com/, , ,GPS
-13622617.2663,6045323.70639999,244,1835,SEATTLE HQ 2249-2250,260976,ELEC, ,24 hours daily,E,Public, , , ,2023/08/07 00:00:00+00,2023/08/07 00:00:00+00,2023/05/18 00:00:00+00,, ,Helix Way,Seattle,98119,WA,US,47.628816,-122.374053, , ,888-758-4389, ,USCPIL393741,ChargePoint Network,0,2,0,2, ,J1772,http://www.chargepoint.com/, , ,GPS
-13622604.0192,6045319.4117,245,1836,SEATTLE HQ 2251-2252,260977,ELEC, ,24 hours daily,E,Public, , , ,2023/08/07 00:00:00+00,2023/08/07 00:00:00+00,2023/05/18 00:00:00+00,, ,Helix Way,Seattle,98119,WA,US,47.62879,-122.373934, , ,888-758-4389, ,USCPIL393801,ChargePoint Network,0,2,0,2, ,J1772,http://www.chargepoint.com/, , ,GPS
-13622603.0174,6045317.92509999,246,1837,SEATTLE HQ 2253-2254,260978,ELEC, ,24 hours daily,E,Public, , , ,2023/08/07 00:00:00+00,2023/08/07 00:00:00+00,2023/05/18 00:00:00+00,, ,Helix Way,Seattle,98119,WA,US,47.628781,-122.373925, , ,888-758-4389, ,USCPIL393941,ChargePoint Network,0,2,0,2, ,J1772,http://www.chargepoint.com/, , ,GPS
-13622648.9923,6045350.30030001,247,1838,SEATTLE HQ 2016-2017,260979,ELEC, ,24 hours daily,E,Public, , , ,2023/08/07 00:00:00+00,2023/08/07 00:00:00+00,2023/05/18 00:00:00+00,, ,Helix Way,Seattle,98119,WA,US,47.628977,-122.374338, , ,888-758-4389, ,USCPIL393971,ChargePoint Network,0,2,0,2, ,J1772,http://www.chargepoint.com/, , ,GPS
-13622633.8529,6045327.5055,248,1839,SEATTLE HQ 2010-2011,260980,ELEC, ,24 hours daily,E,Public, , , ,2023/08/07 00:00:00+00,2023/08/07 00:00:00+00,2023/05/18 00:00:00+00,, ,Helix Way,Seattle,98119,WA,US,47.628839,-122.374202, , ,888-758-4389, ,USCPIL393981,ChargePoint Network,0,2,0,2, ,J1772,http://www.chargepoint.com/, , ,GPS
-13622981.615,6045658.86190001,249,1840,SEATTLE HQ STATION 1,260981,ELEC, ,24 hours daily,E,Public, , , ,2023/08/07 00:00:00+00,2023/08/07 00:00:00+00,2023/05/18 00:00:00+00,, ,1280 16th Ave W,Seattle,98119,WA,US,47.630845,-122.377326, , ,888-758-4389, ,USCPIL1761171,ChargePoint Network,0,2,0,2, ,J1772,http://www.chargepoint.com/, , ,GPS
-13622959.685,6045581.8856,250,1841,SEATTLE HQ STATION 3,260985,ELEC, ,24 hours daily,E,Public, , , ,2023/08/07 00:00:00+00,2023/08/07 00:00:00+00,2023/05/18 00:00:00+00,, ,1280 16th Ave W,Seattle,98119,WA,US,47.630379,-122.377129, , ,888-758-4389, ,USCPIL1961811,ChargePoint Network,0,2,0,2, ,J1772,http://www.chargepoint.com/, , ,GPS
-13622978.6093,6045640.03069999,251,1842,SEATTLE HQ STATION 2,260986,ELEC, ,24 hours daily,E,Public, , , ,2023/08/07 00:00:00+00,2023/08/07 00:00:00+00,2023/05/18 00:00:00+00,, ,1280 16th Ave W,Seattle,98119,WA,US,47.630731,-122.377299, , ,888-758-4389, ,USCPIL1961831,ChargePoint Network,0,2,0,2, ,J1772,http://www.chargepoint.com/, , ,GPS
-13622983.6187,6045658.69669999,252,1843,SEATTLE HQ STATION 4,260987,ELEC, ,24 hours daily,E,Public, , , ,2023/08/07 00:00:00+00,2023/08/07 00:00:00+00,2023/05/18 00:00:00+00,, ,1280 16th Ave W,Seattle,98119,WA,US,47.630844,-122.377344, , ,888-758-4389, ,USCPIL1961851,ChargePoint Network,0,2,0,2, ,J1772,http://www.chargepoint.com/, , ,GPS
-13619442.5457,5980264.7816,253,1844,Port Landing at Fife Apartments,261104,ELEC, , ,E,Public, , , ,2023/06/21 00:00:00+00,2023/06/21 00:00:00+00,2022/09/01 00:00:00+00,, ,2715 62nd Ave E,Fife,98424,WA,US,47.233463,-122.345534, , ,800-663-5633, ,7328,SemaCharge Network,0,1,0,1, ,J1772,https://semaconnect.com/, , ,GPS
-13418504.8536,5885500.0523,254,1845,CANYON CLIFFS STATION 2,261280,ELEC, ,24 hours daily,E,Public, , , ,2023/08/07 00:00:00+00,2023/08/07 00:00:00+00,2023/05/24 00:00:00+00,, ,200 Canyon Pkwy,Selah,98942,WA,US,46.652275,-120.54048, , ,888-758-4389, ,USCPIL13685391,ChargePoint Network,0,2,0,2, ,J1772,http://www.chargepoint.com/, , ,GPS
-13418497.0612,5885481.40240001,255,1846,CANYON CLIFFS STATION 1,261281,ELEC, ,24 hours daily,E,Public, , , ,2023/08/07 00:00:00+00,2023/08/07 00:00:00+00,2023/05/24 00:00:00+00,, ,200 Canyon Pkwy,Selah,98942,WA,US,46.65216,-120.54041, , ,888-758-4389, ,USCPIL13689991,ChargePoint Network,0,2,0,2, ,J1772,http://www.chargepoint.com/, , ,GPS
-13613711.707,5960865.56939999,256,1847,"WA Puyallup South, Puyallup WA",261310,ELEC, ,"Mon 5:00am - 10:59pm; Tue 5:00am - 10:59pm; Wed 5:00am - 10:59pm; Thu 5:00am - 10:59pm; Fri 5:00am - 10:59pm; Sat 5:00am - 10:59pm; Sun 5:00am - 10:59pm",E,Public, , , ,2023/08/07 00:00:00+00,2023/08/07 00:00:00+00,2023/05/24 00:00:00+00,, ,15518 Meridian Ave E,Puyallup,98375,WA,US,47.115002,-122.294053, , ,888-264-2208, ,67733f3f-1372-4075-ad79-c41c2e45d2db,Volta,0,2,0,2, ,J1772,https://voltacharging.com/, , ,GPS
-13418445.8542,5885498.26839999,257,1848,CANYON CLIFFS STATION 7,261357,ELEC, ,24 hours daily,E,Public, , , ,2023/08/07 00:00:00+00,2023/08/07 00:00:00+00,2023/05/25 00:00:00+00,, ,200 Canyon Pkwy,Selah,98942,WA,US,46.652264,-120.53995, , ,888-758-4389, ,USCPIL13721711,ChargePoint Network,0,2,0,2, ,J1772,http://www.chargepoint.com/, , ,GPS
-13418467.6729,5885491.13279999,258,1849,CANYON CLIFFS STATION 6,261358,ELEC, ,24 hours daily,E,Public, , , ,2023/08/07 00:00:00+00,2023/08/07 00:00:00+00,2023/05/25 00:00:00+00,, ,200 Canyon Pkwy,Selah,98942,WA,US,46.65222,-120.540146, , ,888-758-4389, ,USCPIL13721811,ChargePoint Network,0,2,0,2, ,J1772,http://www.chargepoint.com/, , ,GPS
-13418449.1938,5885514.3235,259,1850,CANYON CLIFFS STATION 5,261359,ELEC, ,24 hours daily,E,Public, , , ,2023/08/07 00:00:00+00,2023/08/07 00:00:00+00,2023/05/25 00:00:00+00,, ,200 Canyon Pkwy,Selah,98942,WA,US,46.652363,-120.53998, , ,888-758-4389, ,USCPIL13721851,ChargePoint Network,0,2,0,2, ,J1772,http://www.chargepoint.com/, , ,GPS
-13418435.3902001,5885629.3051,260,1851,CANYON CLIFFS STATION 3,261360,ELEC, ,24 hours daily,E,Public, , , ,2023/08/07 00:00:00+00,2023/08/07 00:00:00+00,2023/05/25 00:00:00+00,, ,200 Canyon Pkwy,Selah,98942,WA,US,46.653072,-120.539856, , ,888-758-4389, ,USCPIL13722211,ChargePoint Network,0,2,0,2, ,J1772,http://www.chargepoint.com/, , ,GPS
-13606041.6828,6014695.81090001,261,1852,IKEA - Tesla Supercharger,261466,ELEC,PARKING_LOT,24 hours daily,E,Public, ,False,"American Express, Discover, Debit, MasterCard, Visa",2023/07/01 00:00:00+00,2023/07/14 00:00:00+00,2023/05/25 00:00:00+00,, ,601 SW 41st St,Renton,98057,WA,US,47.443065,-122.225152, , ,877-798-3752,P,21091,Tesla,0,0,16,16, ,Tesla,https://www.tesla.com/supercharger,"$0.28 per kWh; $0.26 per minute above 60 kW and $0.13 per minute at or below 60 kW", ,GPS
-13618433.9911,6044695.38689999,262,1853,Helm,261677,ELEC, , ,E,Public, , , ,2023/06/20 00:00:00+00,2023/06/20 00:00:00+00,2019/10/14 00:00:00+00,, ,602 Terry Avenue North,Seattle,98109,WA,US,47.625012,-122.336474, , ,800-663-5633, ,4307,SemaCharge Network,0,6,0,6, ,J1772,https://semaconnect.com/, , ,GPS
-13618328.3489,6044762.2799,263,1854,Mera,261678,ELEC, , ,T,Public, , , ,2023/06/20 00:00:00+00,2023/06/20 00:00:00+00,2019/05/31 00:00:00+00,2023/05/31 00:00:00+00, ,630 Boren Avenue North,Seattle,98109,WA,US,47.625417,-122.335525, , ,800-663-5633, ,4309,SemaCharge Network,0,6,0,6, ,J1772,https://semaconnect.com/, , ,GPS
-13600888.7035,6044276.86289999,264,1855,NORAM BLOCK 7 #10,261763,ELEC, ,24 hours daily,E,Public, , , ,2023/08/07 00:00:00+00,2023/08/07 00:00:00+00,2023/06/02 00:00:00+00,, ,1525 121st Ave NE,Bellevue,98005,WA,US,47.622478,-122.178862, , ,888-758-4389, ,USCPIL12752831,ChargePoint Network,0,2,0,2, ,J1772,http://www.chargepoint.com/, , ,GPS
-13600744.2108,6044278.1842,265,1856,NORAM BLOCK 20 #4,261776,ELEC, ,24 hours daily,E,Public, , , ,2023/08/07 00:00:00+00,2023/08/07 00:00:00+00,2023/06/02 00:00:00+00,, ,1550 121st Ave NE,Bellevue,98005,WA,US,47.622486,-122.177564, , ,888-758-4389, ,USCPIL13365121,ChargePoint Network,0,2,0,2, ,J1772,http://www.chargepoint.com/, , ,GPS
-13600739.0901,6044279.83580001,266,1857,NORAM BLOCK 20 #5,261777,ELEC, ,24 hours daily,E,Public, , , ,2023/08/07 00:00:00+00,2023/08/07 00:00:00+00,2023/06/02 00:00:00+00,, ,1550 121st Ave NE,Bellevue,98005,WA,US,47.622496,-122.177518, , ,888-758-4389, ,USCPIL13365151,ChargePoint Network,0,2,0,2, ,J1772,http://www.chargepoint.com/, , ,GPS
-13600743.7656,6044281.15709999,267,1858,NORAM BLOCK 20 #6,261778,ELEC, ,24 hours daily,E,Public, , , ,2023/08/07 00:00:00+00,2023/08/07 00:00:00+00,2023/06/02 00:00:00+00,, ,1550 121st Ave NE,Bellevue,98005,WA,US,47.622504,-122.17756, , ,888-758-4389, ,USCPIL13365181,ChargePoint Network,0,2,0,2, ,J1772,http://www.chargepoint.com/, , ,GPS
-13600739.3128,6044277.8539,268,1859,NORAM BLOCK 20 #9,261779,ELEC, ,24 hours daily,E,Public, , , ,2023/08/07 00:00:00+00,2023/08/07 00:00:00+00,2023/06/02 00:00:00+00,, ,1550 121st Ave NE,Bellevue,98005,WA,US,47.622484,-122.17752, , ,888-758-4389, ,USCPIL13365271,ChargePoint Network,0,2,0,2, ,J1772,http://www.chargepoint.com/, , ,GPS
-13600741.9845,6044279.6707,269,1860,NORAM BLOCK 20 #10,261780,ELEC, ,24 hours daily,E,Public, , , ,2023/08/07 00:00:00+00,2023/08/07 00:00:00+00,2023/06/02 00:00:00+00,, ,1550 121st Ave NE,Bellevue,98005,WA,US,47.622495,-122.177544, , ,888-758-4389, ,USCPIL13365281,ChargePoint Network,0,2,0,2, ,J1772,http://www.chargepoint.com/, , ,GPS
-13600888.2583,6044274.38560001,270,1861,NORAM BLOCK 7 #7,261781,ELEC, ,24 hours daily,E,Public, , , ,2023/08/07 00:00:00+00,2023/08/07 00:00:00+00,2023/06/02 00:00:00+00,, ,1525 121st Ave NE,Bellevue,98005,WA,US,47.622463,-122.178858, , ,888-758-4389, ,USCPIL13410681,ChargePoint Network,0,2,0,2, ,J1772,http://www.chargepoint.com/, , ,GPS
-13617983.8151,6073765.54469999,271,1862,WinCo Foods - Edmonds #136,261824,ELEC, ,24 hours daily,E,Public, , , ,2023/08/06 00:00:00+00,2023/08/06 00:00:00+00,2023/06/02 00:00:00+00,, ,21900 Highway 99,Edmonds,98026,WA,US,47.80072,-122.33243, , ,877-455-3833, ,53833,eVgo Network,0,0,4,4, ,"CHAdeMO, CCS",https://www.evgo.com/, , ,GPS
-13632438.651,5972392.0268,272,1863,Tacoma South,261825,ELEC, ,24 hours daily,E,Public, , , ,2023/08/06 00:00:00+00,2023/08/06 00:00:00+00,2023/06/02 00:00:00+00,, ,7921 S Hosmer St,Tacoma,98408,WA,US,47.18542,-122.46228, , ,877-455-3833, ,54701,eVgo Network,0,0,6,6, ,CCS,https://www.evgo.com/, , ,GPS
-13617712.5295,6044946.2798,273,1864,Fred Hutchinson - Cancer Center,261886,ELEC, , ,E,Public, , , ,2023/06/20 00:00:00+00,2023/06/20 00:00:00+00,2023/06/03 00:00:00+00,, ,825 Eastlake Ave E,Seattle,98109,WA,US,47.626531,-122.329993, , ,888-998-2546, ,465ba1dd-d734-8158-93cc-330000711888,Blink Network,0,1,0,1, ,J1772,http://www.blinkcharging.com/, , ,GPS
-13600890.4847,6044269.7611,274,1865,NORAM BLOCK 7 #11,262268,ELEC, ,24 hours daily,E,Public, , , ,2023/08/07 00:00:00+00,2023/08/07 00:00:00+00,2023/06/07 00:00:00+00,, ,1525 121st Ave NE,Bellevue,98005,WA,US,47.622435,-122.178878, , ,888-758-4389, ,USCPIL12725671,ChargePoint Network,0,2,0,2, ,J1772,http://www.chargepoint.com/, , ,GPS
-13600893.7129,6044270.58690001,275,1866,NORAM BLOCK 7 #9,262269,ELEC, ,24 hours daily,E,Public, , , ,2023/08/07 00:00:00+00,2023/08/07 00:00:00+00,2023/06/07 00:00:00+00,, ,1525 121st Ave NE,Bellevue,98005,WA,US,47.62244,-122.178907, , ,888-758-4389, ,USCPIL12728301,ChargePoint Network,0,2,0,2, ,J1772,http://www.chargepoint.com/, , ,GPS
-13600891.9318,6044275.0462,276,1867,NORAM BLOCK 7 #14,262277,ELEC, ,24 hours daily,E,Public, , , ,2023/08/07 00:00:00+00,2023/08/07 00:00:00+00,2023/06/07 00:00:00+00,, ,1525 121st Ave NE,Bellevue,98005,WA,US,47.622467,-122.178891, , ,888-758-4389, ,USCPIL13410711,ChargePoint Network,0,2,0,2, ,J1772,http://www.chargepoint.com/, , ,GPS
-13656996.0646,5751191.7951,277,1868,Junction Park & Ride - Tesla Supercharger,262358,ELEC,PARKING_LOT,24 hours daily,E,Public, ,False,"American Express, Discover, Debit, MasterCard, Visa",2023/07/01 00:00:00+00,2023/07/14 00:00:00+00,2023/06/01 00:00:00+00,, ,125 N 65th Ave,Ridgefield,98642,WA,US,45.817752,-122.682883, , ,877-798-3752,P,19220,Tesla,0,0,12,12, ,Tesla,https://www.tesla.com/supercharger,"$0.28 per kWh; $0.26 per minute above 60 kW and $0.13 per minute at or below 60 kW", ,GPS
-13685819.909,5797534.33219999,278,1869,PORT OFFICE ADMINREARSOUTH,262551,ELEC, ,24 hours daily,E,Public, , , ,2023/08/07 00:00:00+00,2023/08/07 00:00:00+00,2023/06/11 00:00:00+00,, ,10 International Way,Longview,98632,WA,US,46.107135,-122.941812, , ,888-758-4389, ,USCPIL13153051,ChargePoint Network,0,2,0,2, ,J1772,http://www.chargepoint.com/, , ,GPS
-13387661.0057,6007272.4543,279,1870,SUTTON PLACE STATION 1,262727,ELEC, ,24 hours daily,E,Public, , , ,2023/08/07 00:00:00+00,2023/08/07 00:00:00+00,2023/06/15 00:00:00+00,, ,407 S Kansas Loop,East Wenatchee,98802,WA,US,47.397945,-120.263405, , ,888-758-4389, ,USCPIL13065611,ChargePoint Network,0,1,0,1, ,J1772,http://www.chargepoint.com/, , ,GPS
-13387682.2677,6007303.8651,280,1871,SUTTON PLACE STATION 2,262728,ELEC, ,24 hours daily,E,Public, , , ,2023/08/07 00:00:00+00,2023/08/07 00:00:00+00,2023/06/15 00:00:00+00,, ,407 S Kansas Loop,East Wenatchee,98802,WA,US,47.398136,-120.263596, , ,888-758-4389, ,USCPIL13065631,ChargePoint Network,0,1,0,1, ,J1772,http://www.chargepoint.com/, , ,GPS
-13387674.9206,6007308.96320001,281,1872,SUTTON PLACE STATION 3,262737,ELEC, ,24 hours daily,E,Public, , , ,2023/08/07 00:00:00+00,2023/08/07 00:00:00+00,2023/06/15 00:00:00+00,, ,407 S. Kansas loop,East Wenatchee,98802,WA,US,47.398167,-120.26353, , ,888-758-4389, ,USCPIL13705301,ChargePoint Network,0,1,0,1, ,J1772,http://www.chargepoint.com/, , ,GPS
-13613742.9878,6028091.8835,282,1873,SKY SERVICE BFI 8555,262832,ELEC, ,24 hours daily,E,Public, , , ,2023/08/07 00:00:00+00,2023/08/07 00:00:00+00,2023/06/17 00:00:00+00,, ,8555 Perimeter Rd S,Seattle,98108,WA,US,47.52439,-122.294334, , ,888-758-4389, ,USCPIL13706591,ChargePoint Network,0,2,0,2, ,J1772,http://www.chargepoint.com/, , ,GPS
-13618397.2557,6044542.7736,283,1874,AMZ SEA25.26-5,262914,ELEC, ,24 hours daily,E,Public, , , ,2023/08/07 00:00:00+00,2023/08/07 00:00:00+00,2023/06/20 00:00:00+00,, ,551 Boren Ave N,Seattle,98109,WA,US,47.624088,-122.336144, , ,888-758-4389, ,USCPIL13750581,ChargePoint Network,0,2,0,2, ,J1772,http://www.chargepoint.com/, , ,GPS
-13618399.5934,6044547.5634,284,1875,AMZ SEA25.26-6,262915,ELEC, ,24 hours daily,E,Public, , , ,2023/08/07 00:00:00+00,2023/08/07 00:00:00+00,2023/06/20 00:00:00+00,, ,551 Boren Ave N,Seattle,98109,WA,US,47.624117,-122.336165, , ,888-758-4389, ,USCPIL13750591,ChargePoint Network,0,2,0,2, ,J1772,http://www.chargepoint.com/, , ,GPS
-13618393.4708,6044546.0769,285,1876,AMZ SEA25.26-7,262916,ELEC, ,24 hours daily,E,Public, , , ,2023/08/07 00:00:00+00,2023/08/07 00:00:00+00,2023/06/20 00:00:00+00,, ,551 Boren Ave N,Seattle,98109,WA,US,47.624108,-122.33611, , ,888-758-4389, ,USCPIL13750621,ChargePoint Network,0,2,0,2, ,J1772,http://www.chargepoint.com/, , ,GPS
-13618400.8179,6044542.7736,286,1877,AMZ SEA25.26-8,262917,ELEC, ,24 hours daily,E,Public, , , ,2023/08/07 00:00:00+00,2023/08/07 00:00:00+00,2023/06/20 00:00:00+00,, ,551 Boren Ave N,Seattle,98109,WA,US,47.624088,-122.336176, , ,888-758-4389, ,USCPIL13750631,ChargePoint Network,0,2,0,2, ,J1772,http://www.chargepoint.com/, , ,GPS
-13618398.2576,6044550.86669999,287,1878,AMZ SEA25.26-9,262918,ELEC, ,24 hours daily,E,Public, , , ,2023/08/07 00:00:00+00,2023/08/07 00:00:00+00,2023/06/20 00:00:00+00,, ,551 Boren Ave N,Seattle,98109,WA,US,47.624137,-122.336153, , ,888-758-4389, ,USCPIL13750641,ChargePoint Network,0,2,0,2, ,J1772,http://www.chargepoint.com/, , ,GPS
-13618386.2351,6044534.0199,288,1879,AMZ SEA25.26-10,262919,ELEC, ,24 hours daily,E,Public, , , ,2023/08/07 00:00:00+00,2023/08/07 00:00:00+00,2023/06/20 00:00:00+00,, ,551 Boren Ave N,Seattle,98109,WA,US,47.624035,-122.336045, , ,888-758-4389, ,USCPIL13750651,ChargePoint Network,0,2,0,2, ,J1772,http://www.chargepoint.com/, , ,GPS
-13783673.6376,5937690.93829999,289,1880,WADOC ABERDEEN FO 2,263014,ELEC, ,24 hours daily,E,Public, , , ,2023/08/07 00:00:00+00,2023/08/07 00:00:00+00,2023/06/21 00:00:00+00,, ,304 W Wishkah St,Aberdeen,98520,WA,US,46.97314,-123.820847, , ,888-758-4389, ,USCPIL13790341,ChargePoint Network,0,2,0,2, ,J1772,http://www.chargepoint.com/, , ,GPS
-13783679.6489,5937684.90200001,290,1881,WADOC ABERDEEN FO 1,263015,ELEC, ,24 hours daily,E,Public, , , ,2023/08/07 00:00:00+00,2023/08/07 00:00:00+00,2023/06/21 00:00:00+00,, ,304 W Wishkah St,Aberdeen,98520,WA,US,46.973103,-123.820901, , ,888-758-4389, ,USCPIL13790941,ChargePoint Network,0,2,0,2, ,J1772,http://www.chargepoint.com/, , ,GPS
-13414424.9942,5876508.76269999,291,1882,GM - Lee Peterson Motors,263038,ELEC, , ,E,Public, , , ,2023/08/07 00:00:00+00,2023/08/07 00:00:00+00,2023/06/21 00:00:00+00,, ,410 South 1st Street,Yakima,98901,WA,US,46.596804,-120.50383, , ,866-816-7584, ,921140e2-dca8-4360-a48d-86b5a7ae04f9,EV Connect,0,0,1,1, ,CCS,http://evconnect.com/, , ,GPS
-13637337.5991001,6238605.8089,292,1883,Northwest Chevrolet Of Bellingham,296785,ELEC, , ,E,Public, , , ,2023/08/07 00:00:00+00,2023/08/07 00:00:00+00,2023/06/24 00:00:00+00,, ,3891 NORTHWEST AVE,BELLINGHAM,98226,WA,US,48.78587,-122.506288, , ,866-816-7584, ,b19b171c-5098-4873-8af7-e97b4f93736f,EV Connect,0,0,1,1, ,CCS,http://evconnect.com/, , ,GPS
-13347547.5838,5821517.03529999,293,1884,Grandview,297309,ELEC, ,24 hours daily,E,Public, , , ,2023/08/07 00:00:00+00,2023/08/07 00:00:00+00,2023/06/27 00:00:00+00,, ,115 W. Wine Country Rd,Grandview,98930,WA,US,46.2563,-119.90306, , ,888-356-8911, ,Post: AUI-10605,FLO,0,2,1,3, ,"CHAdeMO, J1772, CCS",https://flo.ca/, , ,GPS
-13523653.9050001,5736886.7924,294,1885,White Salmon Fire Hall - Forth - Public,297318,ELEC, , ,E,Public, , , ,2023/08/07 00:00:00+00,2023/08/07 00:00:00+00,2023/06/27 00:00:00+00,, ,119 NE Church Ave.,White Salmon,98672,WA,US,45.72812,-121.48505, , ,855-885-9571, ,441,OpConnect,0,1,0,1, ,J1772,http://www.opconnect.com/, , ,GPS
-13614064.2558,6040606.481,295,1886,Central District MLK Jr Way S,298590,ELEC, ,24 hours daily,E,Public, , , ,2023/08/07 00:00:00+00,2023/08/07 00:00:00+00,2023/06/28 00:00:00+00,, ,241 Martin Luther King Jr Way South,Seattle,98144,WA,US,47.60025,-122.29722, , ,855-900-7584, ,4336,SHELL_RECHARGE,0,2,0,2, ,J1772,https://shellrecharge.com/en-us/solutions, , ,GPS
-13618411.3933,6044530.5514,296,1887,AMZ SEA25.26- 11,300469,ELEC, ,24 hours daily,E,Public, , , ,2023/08/07 00:00:00+00,2023/08/07 00:00:00+00,2023/06/29 00:00:00+00,, ,551 Boren Ave N,Seattle,98109,WA,US,47.624014,-122.336271, , ,888-758-4389, ,USCPIL13772441,ChargePoint Network,0,1,0,1, ,J1772,http://www.chargepoint.com/, , ,GPS
-13618316.5490999,6044551.19699999,297,1888,AMZ SEA24 03,300489,ELEC, ,24 hours daily,E,Public, , , ,2023/08/07 00:00:00+00,2023/08/07 00:00:00+00,2023/06/29 00:00:00+00,, ,510 Boren Ave N,Seattle,98109,WA,US,47.624139,-122.335419, , ,888-758-4389, ,USCPIL13784631,ChargePoint Network,0,1,0,1, ,J1772,http://www.chargepoint.com/, , ,GPS
-13618315.8811,6044519.4854,298,1889,AMZ SEA24 07,300490,ELEC, ,24 hours daily,E,Public, , , ,2023/08/07 00:00:00+00,2023/08/07 00:00:00+00,2023/06/29 00:00:00+00,, ,510 Boren Ave N,Seattle,98109,WA,US,47.623947,-122.335413, , ,888-758-4389, ,USCPIL13784641,ChargePoint Network,0,2,0,2, ,J1772,http://www.chargepoint.com/, , ,GPS
-13618333.4696,6044528.2391,299,1890,AMZ SEA24 06,300491,ELEC, ,24 hours daily,E,Public, , , ,2023/08/07 00:00:00+00,2023/08/07 00:00:00+00,2023/06/29 00:00:00+00,, ,500 Boren Ave N,Seattle,98109,WA,US,47.624,-122.335571, , ,888-758-4389, ,USCPIL13784651,ChargePoint Network,0,2,0,2, ,J1772,http://www.chargepoint.com/, , ,GPS
-13618333.4696,6044524.60549999,300,1891,AMZ SEA24 08,300492,ELEC, ,24 hours daily,E,Public, , , ,2023/08/07 00:00:00+00,2023/08/07 00:00:00+00,2023/06/29 00:00:00+00,, ,500 Boren Ave N,Seattle,98109,WA,US,47.623978,-122.335571, , ,888-758-4389, ,USCPIL13784661,ChargePoint Network,0,2,0,2, ,J1772,http://www.chargepoint.com/, , ,GPS
-13618343.5997,6044505.7768,301,1892,AMZ SEA24 05,300493,ELEC, ,24 hours daily,E,Public, , , ,2023/08/07 00:00:00+00,2023/08/07 00:00:00+00,2023/06/29 00:00:00+00,, ,512 Boren Ave N,Seattle,98109,WA,US,47.623864,-122.335662, , ,888-758-4389, ,USCPIL13784671,ChargePoint Network,0,2,0,2, ,J1772,http://www.chargepoint.com/, , ,GPS
-13618359.9637,6044524.9359,302,1893,AMZ SEA24 04,301693,ELEC, ,24 hours daily,E,Public, , , ,2023/08/07 00:00:00+00,2023/08/07 00:00:00+00,2023/06/30 00:00:00+00,, ,526 Boren Ave N,Seattle,98109,WA,US,47.62398,-122.335809, , ,888-758-4389, ,USCPIL13784621,ChargePoint Network,0,2,0,2, ,J1772,http://www.chargepoint.com/, , ,GPS
-13641036.1892,5745113.7648,303,1894,BG CITY HALL CITY HALL 2,301824,ELEC, ,24 hours daily,E,Public, , , ,2023/08/07 00:00:00+00,2023/08/07 00:00:00+00,2023/07/01 00:00:00+00,, ,109 SW 1st St,Battle Ground,98604,WA,US,45.779686,-122.539513, , ,888-758-4389, ,USCPIL13711281,ChargePoint Network,0,2,0,2, ,J1772,http://www.chargepoint.com/, , ,GPS
-13641036.6345,5745132.2804,304,1895,BG CITY HALL CITY HALL 1,301825,ELEC, ,24 hours daily,E,Public, , , ,2023/08/07 00:00:00+00,2023/08/07 00:00:00+00,2023/07/01 00:00:00+00,, ,109 SW 1st St,Battle Ground,98604,WA,US,45.779802,-122.539517, , ,888-758-4389, ,USCPIL13711411,ChargePoint Network,0,2,0,2, ,J1772,http://www.chargepoint.com/, , ,GPS
-13608400.9213,6018862.93410001,305,1896,Tabor 100 Public,301865,ELEC, , ,E,Public, , , ,2023/08/07 00:00:00+00,2023/08/07 00:00:00+00,2023/07/01 00:00:00+00,, ,7100 Fort Dent Way,Tukwila,98188,WA,US,47.4683763,-122.2463454, , ,855-885-9571, ,488,OpConnect,0,2,0,2, ,J1772,http://www.opconnect.com/, , ,GPS
-13608400.9213,6018862.93410001,306,1897,Tabor 100: Zev Car Sharing,301866,ELEC, , ,E,Public, , , ,2023/08/07 00:00:00+00,2023/08/07 00:00:00+00,2023/07/01 00:00:00+00,, ,7100 Fort Dent Way,Tukwila,98188,WA,US,47.4683763,-122.2463454, , ,855-885-9571, ,489,OpConnect,0,2,0,2, ,J1772,http://www.opconnect.com/, , ,GPS
-13618409.3895001,6043947.21119999,307,1898,AMZ SEA29 - 7,302036,ELEC, ,24 hours daily,E,Public, , , ,2023/08/07 00:00:00+00,2023/08/07 00:00:00+00,2023/07/06 00:00:00+00,, ,207 Boren Ave,Seattle,98109,WA,US,47.620482,-122.336253, , ,888-758-4389, ,USCPIL13835141,ChargePoint Network,0,2,0,2, ,J1772,http://www.chargepoint.com/, , ,GPS
-13618400.7066,6043940.2747,308,1899,AMZ SEA29 - 9,302037,ELEC, ,24 hours daily,E,Public, , , ,2023/08/07 00:00:00+00,2023/08/07 00:00:00+00,2023/07/06 00:00:00+00,, ,207 Boren Ave,Seattle,98109,WA,US,47.62044,-122.336175, , ,888-758-4389, ,USCPIL13835151,ChargePoint Network,0,1,0,1, ,J1772,http://www.chargepoint.com/, , ,GPS
-13618402.1538001,6044113.02640001,309,1900,AMZ SEA29 - 8,302038,ELEC, ,24 hours daily,E,Public, , , ,2023/08/07 00:00:00+00,2023/08/07 00:00:00+00,2023/07/06 00:00:00+00,, ,333 Boren Ave N,Seattle,98109,WA,US,47.621486,-122.336188, , ,888-758-4389, ,USCPIL13835161,ChargePoint Network,0,2,0,2, ,J1772,http://www.chargepoint.com/, , ,GPS
-13618564.0123,6044494.87600001,310,1901,AMZ SEA23 - 3,302039,ELEC, ,24 hours daily,E,Public, , , ,2023/08/07 00:00:00+00,2023/08/07 00:00:00+00,2023/07/06 00:00:00+00,, ,535 Terry Ave N,Seattle,98109,WA,US,47.623798,-122.337642, , ,888-758-4389, ,USCPIL13835211,ChargePoint Network,0,1,0,1, ,J1772,http://www.chargepoint.com/, , ,GPS
-13618569.8009,6044513.5395,311,1902,AMZ SEA23-2,302040,ELEC, ,24 hours daily,E,Public, , , ,2023/08/07 00:00:00+00,2023/08/07 00:00:00+00,2023/07/06 00:00:00+00,, ,535 Terry Ave N,Seattle,98109,WA,US,47.623911,-122.337694, , ,888-758-4389, ,USCPIL13835221,ChargePoint Network,0,2,0,2, ,J1772,http://www.chargepoint.com/, , ,GPS
-13642584.3094,5729999.6011,312,1903,CPU OPS 1,302249,ELEC, ,24 hours daily,E,Public, , , ,2023/08/07 00:00:00+00,2023/08/07 00:00:00+00,2023/07/08 00:00:00+00,, ,8600 NE 117th Ave,Vancouver,98662,WA,US,45.684915,-122.55342, , ,888-758-4389, ,USCPIL13846051,ChargePoint Network,0,2,0,2, ,J1772,http://www.chargepoint.com/, , ,GPS
-13642578.6321,5730005.8155,313,1904,CPU OPS 2,302250,ELEC, ,24 hours daily,E,Public, , , ,2023/08/07 00:00:00+00,2023/08/07 00:00:00+00,2023/07/08 00:00:00+00,, ,"8600 NE 117TH AVE,",Vancouver,98662,WA,US,45.684954,-122.553369, , ,888-758-4389, ,USCPIL13846061,ChargePoint Network,0,2,0,2, ,J1772,http://www.chargepoint.com/, , ,GPS
-13622884.934,6055328.4222,314,1905,Safeway Seattle #1143 - 8340 15th Ave Nw,302370,ELEC, ,24 hours daily,E,Public, , , ,2023/08/06 00:00:00+00,2023/08/06 00:00:00+00,2023/07/12 00:00:00+00,, ,8340 15th Ave NW,Seattle,98117,WA,US,47.6893497,-122.3764575, , ,877-455-3833, ,56503,eVgo Network,0,0,4,4, ,"CHAdeMO, CCS",https://www.evgo.com/, , ,GPS
-13618805.5756,6182265.682,315,1906,Burlington Crossings - Tesla Supercharger,302535,ELEC, ,24 hours daily,E,Public, , , ,2023/07/01 00:00:00+00,2023/07/14 00:00:00+00,,, ,1829 Marketplace Dr,Burlington,98233,WA,US,48.451297,-122.339812, , ,877-798-3752,P,27087,Tesla,0,0,16,16, ,Tesla,https://www.tesla.com/supercharger,"$0.28 per kWh; $0.26 per minute above 60 kW and $0.13 per minute at or below 60 kW", ,GPS
-13636543.6565,5979391.9283,316,1907,City of Tacoma - Solid Waste Management,302681,ELEC, ,8am-5pm daily,E,Public, ,False, ,,2023/07/17 00:00:00+00,2023/04/01 00:00:00+00,, ,3510 S Mullen St,Tacoma,98409,WA,US,47.2281386122671,-122.499155892, , , ,LG, ,Non-Networked,0,6,0,6, ,J1772, ,$0.21 per kWh, ,200-9
-13628925.4079001,5982586.0352,317,1908,City of Tacoma - Center for Urban Waters,302682,ELEC,MUNI_GOV,24 hours daily,E,Public, ,False,Account Balance,,2023/07/17 00:00:00+00,2023/04/11 00:00:00+00,, ,326 E D St,Tacoma,98421,WA,US,47.24762,-122.43072,S Lot, , ,LG, ,Non-Networked,0,4,0,4, ,J1772, ,$0.21 per kWh, ,200-6
-13084238.1375,6044891.4428,318,1909,SIA E OUTSIDE LOT2A,302892,ELEC, ,24 hours daily,E,Public, , , ,2023/08/07 00:00:00+00,2023/08/07 00:00:00+00,2023/07/20 00:00:00+00,, ,8967 W Airport Dr,Spokane,99224,WA,US,47.626199,-117.537711, , ,888-758-4389, ,USCPIL13877971,ChargePoint Network,0,2,0,2, ,J1772,http://www.chargepoint.com/, , ,GPS
-13084231.2357,6044897.0586,319,1910,SIA E OUTSIDE LOT 1,302893,ELEC, ,24 hours daily,E,Public, , , ,2023/08/07 00:00:00+00,2023/08/07 00:00:00+00,2023/07/20 00:00:00+00,, ,8967 W Airport Dr,Spokane,99224,WA,US,47.626233,-117.537649, , ,888-758-4389, ,USCPIL13877981,ChargePoint Network,0,2,0,2, ,J1772,http://www.chargepoint.com/, , ,GPS
-13084243.4809,6044884.0101,320,1911,SIA E OUTSIDE LOT2B,302894,ELEC, ,24 hours daily,E,Public, , , ,2023/08/07 00:00:00+00,2023/08/07 00:00:00+00,2023/07/20 00:00:00+00,, ,8967 W Airport Dr,Spokane,99224,WA,US,47.626154,-117.537759, , ,888-758-4389, ,USCPIL13878021,ChargePoint Network,0,2,0,2, ,J1772,http://www.chargepoint.com/, , ,GPS
-13681895.2291,5949371.3443,321,1912,Olympia Yacht Club,302923,ELEC, ,24 hours daily,E,Public, , , ,2023/08/07 00:00:00+00,2023/08/07 00:00:00+00,2023/07/20 00:00:00+00,, ,201 Simmons St NW,Olympia,98501,WA,US,47.044688,-122.906556, , ,855-900-7584, ,4369,SHELL_RECHARGE,0,2,4,6, ,"CHAdeMO, J1772, CCS",https://shellrecharge.com/en-us/solutions, , ,GPS
-13634967.4958999,5866314.5647,322,1913,COLUMBIA GEN ST MOSSYROCK DCFC,303140,ELEC, ,24 hours daily,E,Public, , , ,2023/08/07 00:00:00+00,2023/08/07 00:00:00+00,2023/07/25 00:00:00+00,, ,748 Williams St,Mossyrock,98564,WA,US,46.533843,-122.484997, , ,888-758-4389, ,USCPIL13822031,ChargePoint Network,0,0,1,1, ,"CHAdeMO, CCS",http://www.chargepoint.com/, , ,GPS
-13651095.1297,5865912.93909999,323,1914,COLUMBIA GEN ST SALKUM DCFC,303489,ELEC, ,24 hours daily,E,Public, , , ,2023/08/07 00:00:00+00,2023/08/07 00:00:00+00,2023/07/26 00:00:00+00,, ,2480 US-12,Salkum,98582,WA,US,46.531361,-122.629874, , ,888-758-4389, ,USCPIL13821451,ChargePoint Network,0,0,1,1, ,"CHAdeMO, CCS",http://www.chargepoint.com/, , ,GPS
-13612154.0134,5869821.8821,324,1915,COLUMBIA GEN ST MORTON L2,303666,ELEC, ,24 hours daily,E,Public, , , ,2023/08/07 00:00:00+00,2023/08/07 00:00:00+00,2023/07/28 00:00:00+00,, ,521 Adams Ave,Morton,98356,WA,US,46.555513,-122.28006, , ,888-758-4389, ,USCPIL13899701,ChargePoint Network,0,1,0,1, ,J1772,http://www.chargepoint.com/, , ,GPS
-13612148.7814,5869821.72019999,325,1916,COLUMBIA GEN ST MORTON DCFC,303667,ELEC, ,24 hours daily,T,Public, , , ,2023/08/07 00:00:00+00,2023/08/07 00:00:00+00,2023/07/28 00:00:00+00,2023/07/30 00:00:00+00, ,521 Adams Ave,Morton,98356,WA,US,46.555512,-122.280013, , ,888-758-4389, ,USCPIL13899981,ChargePoint Network,0,0,1,1, ,"CHAdeMO, CCS",http://www.chargepoint.com/, , ,GPS
-13602688.851,5903936.92969999,326,1917,COLUMBIA GEN ST ELBE L2,303671,ELEC, ,24 hours daily,T,Public, , , ,2023/08/07 00:00:00+00,2023/08/07 00:00:00+00,2023/07/28 00:00:00+00,2023/08/04 00:00:00+00, ,54106 Mountain Hwy E,Elbe,98330,WA,US,46.765842,-122.195033, , ,888-758-4389, ,USCPIL13901011,ChargePoint Network,0,1,0,1, ,J1772,http://www.chargepoint.com/, , ,GPS
-13618762.161,6045387.96140001,327,1918,AGC OF WA STATION 1,306319,ELEC, ,24 hours daily,E,Public, , , ,2023/08/07 00:00:00+00,2023/08/07 00:00:00+00,2023/08/04 00:00:00+00,, ,1200 Westlake Ave N,Seattle,98109,WA,US,47.629205,-122.339422, , ,888-758-4389, ,USCPIL12614751,ChargePoint Network,0,2,0,2, ,J1772,http://www.chargepoint.com/, , ,GPS
-13618763.4968,6045396.0553,328,1919,AGC OF WA STATION 2,306320,ELEC, ,24 hours daily,E,Public, , , ,2023/08/07 00:00:00+00,2023/08/07 00:00:00+00,2023/08/04 00:00:00+00,, ,1200 Westlake Ave N,Seattle,98109,WA,US,47.629254,-122.339434, , ,888-758-4389, ,USCPIL12614901,ChargePoint Network,0,2,0,2, ,J1772,http://www.chargepoint.com/, , ,GPS
-13618765.1666,6045403.6536,329,1920,AGC OF WA STATION 3,306321,ELEC, ,24 hours daily,E,Public, , , ,2023/08/07 00:00:00+00,2023/08/07 00:00:00+00,2023/08/04 00:00:00+00,, ,1200 Westlake Ave N,Seattle,98109,WA,US,47.6293,-122.339449, , ,888-758-4389, ,USCPIL12614981,ChargePoint Network,0,2,0,2, ,J1772,http://www.chargepoint.com/, , ,GPS
-13513266.572,5883078.9814,330,1921,COLUMBIA GEN ST WHITEPASS L2,306355,ELEC, ,24 hours daily,E,Public, , , ,2023/08/07 00:00:00+00,2023/08/07 00:00:00+00,2023/08/04 00:00:00+00,, ,48935 US-12,Naches,98937,WA,US,46.637344,-121.391739, , ,888-758-4389, ,USCPIL13901081,ChargePoint Network,0,1,0,1, ,J1772,http://www.chargepoint.com/, , ,GPS
-13693864.746,6196379.60159999,331,1922,Port of Friday Harbor,306400,ELEC,OTHER,24 hours daily,E,Public, ,False, ,,2023/08/04 00:00:00+00,2022/08/01 00:00:00+00,, ,200 Front St,Friday Harbor,98250,WA,US,48.53532,-123.01408, , ,360-378-2688,P, ,Non-Networked,2,0,0,0, ,NEMA 14-50, ,"Free; parking fee", ,200-8
-13694360.4649,6196284.77550001,332,1923,Key Bank,306401,ELEC,BANK,Call store for business hours,E,Public, ,False, ,,2023/08/04 00:00:00+00,2021/11/01 00:00:00+00,, ,95 2nd St,Friday Harbor,98250,WA,US,48.5347559457767,-123.018533119, , ,360-378-2111,T, ,Non-Networked,0,2,0,2, ,J1772, , , ,GPS
-13676752.7139,6181229.0111,333,1924,Southend General Store and Restaurant,306402,ELEC,RESTAURANT,Store business hours,E,Public, ,False, ,,2023/08/04 00:00:00+00,2017/11/01 00:00:00+00,, ,3024 Mud Bay Rd,Lopez Island,98261,WA,US,48.44512,-122.86036, , ,360-468-2315, , ,Non-Networked,0,1,0,1, ,J1772, , , ,200-8
-13682183.4274,6224878.0625,334,1925,Orcas Island Airport,306403,ELEC,AIRPORT,"24 hours daily; 4 hour parking limit",E,Public, ,False, ,,2023/08/04 00:00:00+00,2022/04/01 00:00:00+00,, ,107 Schoen Ln,Eastsound,98245,WA,US,48.7045527759972,-122.90914493, , ,360-376-5285, , ,Non-Networked,0,1,0,1, ,J1772, , , ,GPS
-13681669.6958,6223315.7545,335,1926,Orcas Island Market,306404,ELEC,GROCERY,24 hours daily,E,Public, ,False, ,,2023/08/04 00:00:00+00,,, ,469 Market St,Eastsound,98245,WA,US,48.69529,-122.90453, , ,360-376-6000, , ,Non-Networked,0,2,0,2, ,J1772, , , ,200-8
-13681629.6208,6223128.55540001,336,1927,Orcas Island Community Foundation,306405,ELEC,OTHER,24 hours daily,E,Public, ,False, ,,2023/08/04 00:00:00+00,2022/07/01 00:00:00+00,, ,18 Urner St,Eastsound,98245,WA,US,48.69418,-122.90417, , ,360-376-6423, , ,Non-Networked,0,1,0,1, ,J1772, , , ,200-8
-13682575.3204,6194843.6028,337,1928,Lopez Village Market,306406,ELEC,SHOPPING_CENTER,24 hours daily,E,Public, ,False, ,,2023/08/04 00:00:00+00,2017/11/01 00:00:00+00,, ,162 Weeks Rd,Lopez Island,98261,WA,US,48.5261826416076,-122.912665364, , ,360-468-2266, , ,Non-Networked,0,1,0,1, ,J1772, , , ,GPS
-13617825.6301,6040325.8339,338,801,KING COUNTY DES KSC STATION #2,172661,ELEC, ,24 hours daily,E,Public, , , ,2023/08/07 00:00:00+00,2023/08/07 00:00:00+00,2021/01/27 00:00:00+00,, ,201 S Jackson St,Seattle,98104,WA,US,47.59855,-122.331009, , ,888-758-4389, ,USCPIL160345,ChargePoint Network,0,1,0,1, ,J1772,http://www.chargepoint.com/, , ,GPS
-13617818.0604,6040344.8186,339,802,KING COUNTY DES KSC STATION #4,172662,ELEC, ,24 hours daily,E,Public, , , ,2023/08/07 00:00:00+00,2023/08/07 00:00:00+00,2021/01/27 00:00:00+00,, ,201 S Jackson St,Seattle,98104,WA,US,47.598665,-122.330941, , ,888-758-4389, ,USCPIL160337,ChargePoint Network,0,1,0,1, ,J1772,http://www.chargepoint.com/, , ,GPS
-13620346.2373,6044084.4544,340,1209,CPA STATION 3,198142,ELEC, ,24 hours daily,E,Public, , , ,2023/08/07 00:00:00+00,2023/08/07 00:00:00+00,2021/10/23 00:00:00+00,, ,305 Thomas St,Seattle,98109,WA,US,47.621313,-122.353652, , ,888-758-4389, ,USCPIL10226961,ChargePoint Network,0,2,0,2, ,J1772,http://www.chargepoint.com/, , ,GPS
-13613999.5792,6013574.16679999,341,803,DC CORRIDOR WALLYPARKDC2,172882,ELEC, ,24 hours daily,E,Public, , , ,2023/08/07 00:00:00+00,2023/08/07 00:00:00+00,2021/01/27 00:00:00+00,, ,18613 International Blvd,SeaTac,98188,WA,US,47.43625,-122.296639, , ,888-758-4389, ,USCPIL158801,ChargePoint Network,0,0,1,1, ,"CHAdeMO, CCS",http://www.chargepoint.com/, , ,GPS
-13620344.6789,6044100.97,342,1210,CPA STATION 12,198143,ELEC, ,24 hours daily,E,Public, , , ,2023/08/07 00:00:00+00,2023/08/07 00:00:00+00,2021/10/23 00:00:00+00,, ,305 Thomas St,Seattle,98109,WA,US,47.621413,-122.353638, , ,888-758-4389, ,USCPIL10226981,ChargePoint Network,0,2,0,2, ,J1772,http://www.chargepoint.com/, , ,GPS
-13608988.9776,6017014.77509999,343,402,Hotel Interurban - Tesla Destination,122582,ELEC, , ,E,Public, , , ,2022/10/06 00:00:00+00,2023/01/18 00:00:00+00,2018/10/04 00:00:00+00,, ,223 Andover Park E,Tukwila,98188,WA,US,47.457152,-122.251628, , ,"206-278-7800, 877-798-3752",P,509708,Tesla Destination,0,4,0,4, ,Tesla,https://www.tesla.com/destination-charging,Free, ,200-9
-13594938.1202,6136855.83900001,344,804,PARK77 PARK77 M,172886,ELEC, ,24 hours daily,T,Public, , , ,2023/08/07 00:00:00+00,2023/08/07 00:00:00+00,2021/01/27 00:00:00+00,2022/09/09 00:00:00+00, ,20227 77th Ave NE,Arlington,98223,WA,US,48.180018,-122.125407, , ,888-758-4389, ,USCPIL237121,ChargePoint Network,0,2,0,2, ,J1772,http://www.chargepoint.com/, , ,GPS
-13620345.7921,6044094.85930001,345,1211,CPA STATION 8,198144,ELEC, ,24 hours daily,E,Public, , , ,2023/08/07 00:00:00+00,2023/08/07 00:00:00+00,2021/10/23 00:00:00+00,, ,305 Thomas St,Seattle,98109,WA,US,47.621376,-122.353648, , ,888-758-4389, ,USCPIL10226991,ChargePoint Network,0,2,0,2, ,J1772,http://www.chargepoint.com/, , ,GPS
-13595030.8493,6136822.4496,346,805,PARK77 PARK77 LEASING,172887,ELEC, ,24 hours daily,T,Public, , , ,2023/08/07 00:00:00+00,2023/08/07 00:00:00+00,2021/01/27 00:00:00+00,2023/02/19 00:00:00+00, ,20227 77th Ave NE,Arlington,98223,WA,US,48.179818,-122.12624, , ,888-758-4389, ,USCPIL234521,ChargePoint Network,0,2,0,2, ,J1772,http://www.chargepoint.com/, , ,GPS
-13620348.9089999,6044100.6397,347,1212,CPA STATION 11,198145,ELEC, ,24 hours daily,E,Public, , , ,2023/08/07 00:00:00+00,2023/08/07 00:00:00+00,2021/10/23 00:00:00+00,, ,305 Thomas St,Seattle,98109,WA,US,47.621411,-122.353676, , ,888-758-4389, ,USCPIL10227001,ChargePoint Network,0,2,0,2, ,J1772,http://www.chargepoint.com/, , ,GPS
-13597811.2762,6068586.36680001,348,403,Patterson Cellars - Tesla Destination,122583,ELEC, , ,E,Public, , , ,2022/10/06 00:00:00+00,2023/01/18 00:00:00+00,2017/07/13 00:00:00+00,, ,19501 144th Ave NE Suite D500,Woodinville,98072,WA,US,47.769459,-122.151217, , ,"425-483-8600, 877-798-3752",P,505581,Tesla Destination,0,2,0,2, ,Tesla,https://www.tesla.com/destination-charging,Free, ,200-8
-13594936.8956,6136857.0077,349,806,PARK77 PARK77 P,172888,ELEC, ,24 hours daily,T,Public, , , ,2023/08/07 00:00:00+00,2023/08/07 00:00:00+00,2021/01/27 00:00:00+00,2022/09/09 00:00:00+00, ,20227 77th Ave NE,Arlington,98223,WA,US,48.180025,-122.125396, , ,888-758-4389, ,USCPIL234011,ChargePoint Network,0,2,0,2, ,J1772,http://www.chargepoint.com/, , ,GPS
-13620351.9146,6044083.959,350,1213,CPA STATION 1,198146,ELEC, ,24 hours daily,T,Public, , , ,2023/08/07 00:00:00+00,2023/08/07 00:00:00+00,2021/10/23 00:00:00+00,2022/09/09 00:00:00+00, ,305 Thomas St,Seattle,98109,WA,US,47.62131,-122.353703, , ,888-758-4389, ,USCPIL10227441,ChargePoint Network,0,2,0,2, ,J1772,http://www.chargepoint.com/, , ,GPS
-13603356.3227,6043255.5779,351,404,LINCOLN SQUARE LS NORTH DUAL 4,122765,ELEC, ,24 hours daily,E,Public, , , ,2023/08/07 00:00:00+00,2023/08/07 00:00:00+00,2019/05/15 00:00:00+00,, ,110 Bellevue Way NE,Bellevue,98004,WA,US,47.616294,-122.201029, , ,888-758-4389, ,USCPIL1754701,ChargePoint Network,0,2,0,2, ,J1772,http://www.chargepoint.com/, , ,GPS
-13585019.3309,6040823.41089999,352,807,SAMMAMISH CITY HALL LOT 1,172912,ELEC, ,24 hours daily,E,Public, , , ,2023/08/07 00:00:00+00,2023/08/07 00:00:00+00,2021/01/27 00:00:00+00,, ,801 228th Ave SE,Sammamish,98075,WA,US,47.601564,-122.036305, , ,888-758-4389, ,USCPIL205637,ChargePoint Network,0,2,0,2, ,J1772,http://www.chargepoint.com/, , ,GPS
-13620339.2242,6044084.2893,353,1214,CPA STATION 5,198147,ELEC, ,24 hours daily,E,Public, , , ,2023/08/07 00:00:00+00,2023/08/07 00:00:00+00,2021/10/23 00:00:00+00,, ,305 Thomas St,Seattle,98109,WA,US,47.621312,-122.353589, , ,888-758-4389, ,USCPIL10227451,ChargePoint Network,0,2,0,2, ,J1772,http://www.chargepoint.com/, , ,GPS
-13617250.7763,6046380.4236,354,405,188 BLAINE ATRIUM4,122773,ELEC, ,24 hours daily,E,Public, , , ,2023/08/07 00:00:00+00,2023/08/07 00:00:00+00,2019/05/15 00:00:00+00,, ,1818 Fairview Ave East,Seattle,98102,WA,US,47.635213,-122.325845, , ,888-758-4389, ,USCPIL798021,ChargePoint Network,0,2,0,2, ,J1772,http://www.chargepoint.com/, , ,GPS
-13617253.1139999,6046364.89479999,355,406,188 BLAINE ATRIUM3,122774,ELEC, ,24 hours daily,E,Public, , , ,2023/08/07 00:00:00+00,2023/08/07 00:00:00+00,2019/05/15 00:00:00+00,, ,1823 Eastlake Ave E,Seattle,98102,WA,US,47.635119,-122.325866, , ,888-758-4389, ,USCPIL798011,ChargePoint Network,0,2,0,2, ,J1772,http://www.chargepoint.com/, , ,GPS
-13603385.3771,6043606.83739999,356,407,BELLEVUE PLACE BELL PLACE #2,122781,ELEC, ,24 hours daily,E,Public, , , ,2023/08/07 00:00:00+00,2023/08/07 00:00:00+00,2019/05/16 00:00:00+00,, ,575 Bellevue Way NE,Bellevue,98004,WA,US,47.618421,-122.20129, , ,888-758-4389, ,USCPIL1758921,ChargePoint Network,0,2,0,2, ,J1772,http://www.chargepoint.com/, , ,GPS
-13087339.8325,6038935.7751,357,408,STA West Plains,122833,ELEC, ,24 hours daily,E,Public, , , ,2023/08/07 00:00:00+00,2023/08/07 00:00:00+00,2019/05/17 00:00:00+00,, ,10810 W. Westbow Road,Spokane,99201,WA,US,47.590129,-117.565574, , ,855-900-7584, ,1138,SHELL_RECHARGE,0,0,1,1, ,"CHAdeMO, CCS",https://shellrecharge.com/en-us/solutions, , ,GPS
-13035519.2737,6052575.1533,358,409,STCU,122836,ELEC, ,24 hours daily,E,Public, , , ,2023/08/07 00:00:00+00,2023/08/07 00:00:00+00,2019/05/17 00:00:00+00,, ,1620 N Signal Dr,Liberty Lake,99019,WA,US,47.672698,-117.100062, , ,855-900-7584, ,1649,SHELL_RECHARGE,0,2,0,2, ,J1772,https://shellrecharge.com/en-us/solutions, , ,200-9
-13603857.5943999,6043197.614,359,410,BELLEVUE SQUARE BELL SQ WEST #4,122957,ELEC, ,24 hours daily,E,Public, , , ,2023/08/07 00:00:00+00,2023/08/07 00:00:00+00,2019/05/22 00:00:00+00,, ,600 100th Ave NE,Bellevue,98004,WA,US,47.615943,-122.205532, , ,888-758-4389, ,USCPIL1770621,ChargePoint Network,0,2,0,2, ,J1772,http://www.chargepoint.com/, , ,GPS
-13603857.7057,6043205.54070001,360,411,BELLEVUE SQUARE BELL SQ WEST #3,122993,ELEC, ,24 hours daily,E,Public, , , ,2023/08/07 00:00:00+00,2023/08/07 00:00:00+00,2019/05/23 00:00:00+00,, ,2086 Bellevue Square,Bellevue,98004,WA,US,47.615991,-122.205533, , ,888-758-4389, ,USCPIL1770601,ChargePoint Network,0,2,0,2, ,J1772,http://www.chargepoint.com/, , ,GPS
-13619356.3844,6180661.8072,361,412,"Walmart 2596 - Mount Vernon, WA",123004,ELEC, ,24 hours daily,E,Public, , , ,2023/08/07 00:00:00+00,2023/08/07 00:00:00+00,2019/05/23 00:00:00+00,, ,2301 Freeway Dr.,Mount Vernon,98273,WA,US,48.44174,-122.34476, , ,833-632-2778, ,100616,Electrify America,0,0,4,4, ,"CHAdeMO, CCS",https://www.electrifyamerica.com/, , ,GPS
-13787000.7546,6018398.35029999,362,413,Lake Quinault Lodge,123007,ELEC,HOTEL,24 hours daily,E,Public, ,True, ,2022/08/10 00:00:00+00,2023/03/10 00:00:00+00,2018/05/01 00:00:00+00,, ,345 S Shore Rd,Quinault,98575,WA,US,47.465555,-123.850735, , ,360-288-2900,P, ,Non-Networked,0,2,0,2, ,J1772, , , ,200-8
-13603163.8513,6023625.5942,363,414,"Target T2290 - Renton, WA",123050,ELEC, ,24 hours daily,E,Public, , , ,2023/08/07 00:00:00+00,2023/08/07 00:00:00+00,2019/05/28 00:00:00+00,, ,1215 N Landing Way,Renton,98057,WA,US,47.49729,-122.1993, , ,833-632-2778, ,200206,Electrify America,0,1,3,4, ,"CHAdeMO, J1772, CCS",https://www.electrifyamerica.com/, , ,GPS
-13601125.4801,6068973.2768,364,415,Main Office,123157,ELEC, , ,E,Public, , , ,2023/08/07 00:00:00+00,2023/08/07 00:00:00+00,2019/04/01 00:00:00+00,, ,19910 North Creek Parkway,Bothell,98011,WA,US,47.771795,-122.180989, , ,866-816-7584, ,f438afa9-61ab-414f-84dc-3dd4caacf5dd,EV Connect,0,2,0,2, ,J1772,http://evconnect.com/, , ,GPS
-13644206.5683,5961000.8493,365,416,CM80 STATION 1,123473,ELEC, ,24 hours daily,E,Public, , , ,2023/08/07 00:00:00+00,2023/08/07 00:00:00+00,2019/06/01 00:00:00+00,, ,Pierce County Readiness Center,Camp Murray,98433,WA,US,47.115829,-122.567993, , ,888-758-4389, ,USCPIL137593,ChargePoint Network,0,2,0,2, ,J1772,http://www.chargepoint.com/, , ,GPS
-13604663.3247999,6014954.394,366,417,VALLEY MED CTR NE GARAGE #4,123545,ELEC, ,24 hours daily,E,Public, , , ,2023/08/07 00:00:00+00,2023/08/07 00:00:00+00,2019/06/05 00:00:00+00,, ,3917 Talbot Rd S,Renton,98055,WA,US,47.444636,-122.21277, , ,888-758-4389, ,USCPIL1785991,ChargePoint Network,0,2,0,2, ,J1772,http://www.chargepoint.com/, , ,GPS
-13604664.5493,6014994.72110001,367,418,VALLEY MED CTR NE GARAGE #2,123546,ELEC, ,24 hours daily,E,Public, , , ,2023/08/07 00:00:00+00,2023/08/07 00:00:00+00,2019/06/05 00:00:00+00,, ,3921 Talbot Rd S,Renton,98055,WA,US,47.444881,-122.212781, , ,888-758-4389, ,USCPIL1785941,ChargePoint Network,0,2,0,2, ,J1772,http://www.chargepoint.com/, , ,GPS
-13601783.4896,6122750.69609999,368,419,Seattle Premium Outlets,124683,ELEC, ,24 hours daily,E,Public, , , ,2023/08/07 00:00:00+00,2023/08/07 00:00:00+00,2019/06/25 00:00:00+00,, ,10600 Quil Ceda Blvd.,Tulalip,98271,WA,US,48.09546,-122.1869, , ,833-632-2778, ,200215,Electrify America,0,0,4,4, ,"CHAdeMO, CCS",https://www.electrifyamerica.com/, , ,GPS
-13681305.6811,5802793.4934,369,420,Three Rivers Mall,124684,ELEC, ,24 hours daily,E,Public, , , ,2023/08/07 00:00:00+00,2023/08/07 00:00:00+00,2019/06/25 00:00:00+00,, ,351 Three Rivers Dr.,Kelso,98626,WA,US,46.13988,-122.90126, , ,833-632-2778, ,100062,Electrify America,0,0,4,4, ,"CHAdeMO, CCS",https://www.electrifyamerica.com/, , ,GPS
-13634439.0622,5981249.644,370,421,"Walmart 4137 - Tacoma, WA",135872,ELEC, ,24 hours daily,E,Public, , , ,2023/08/07 00:00:00+00,2023/08/07 00:00:00+00,2019/07/30 00:00:00+00,, ,1965 S Union Ave.,Tacoma,98405,WA,US,47.23947,-122.48025, , ,833-632-2778, ,200214,Electrify America,0,1,3,4, ,"CHAdeMO, J1772, CCS",https://www.electrifyamerica.com/, , ,GPS
-13411687.648,5877434.843,371,422,"Walmart 2269 - Yakima, WA",136697,ELEC, ,24 hours daily,E,Public, , , ,2023/08/07 00:00:00+00,2023/08/07 00:00:00+00,2019/08/01 00:00:00+00,, ,1600 East Chestnut Ave.,Yakima,98901,WA,US,46.60252,-120.47924, , ,833-632-2778, ,100063,Electrify America,0,0,4,4, ,"CHAdeMO, CCS",https://www.electrifyamerica.com/, , ,GPS
-13646076.5688,5725613.9726,372,423,Vancouver Mall Ulta,137161,ELEC, ,"Mon 5:00am - 10:59pm; Tue 5:00am - 10:59pm; Wed 5:00am - 10:59pm; Thu 5:00am - 10:59pm; Fri 5:00am - 10:59pm; Sat 5:00am - 10:59pm; Sun 5:00am - 10:59pm",E,Public, ,False, ,2023/08/07 00:00:00+00,2023/08/07 00:00:00+00,2019/07/19 00:00:00+00,, ,8700 Ne Vancouver Mall Dr,Vancouver,98662,WA,US,45.6573855,-122.5847915, , ,888-264-2208, ,5a0e05c9-f0e9-4ee5-998a-b0065f8ada73,Volta,0,2,0,2, ,J1772,https://voltacharging.com/, , ,GPS
-13645932.8553,5725848.6561,373,424,Vancouver Mall North Entrance,137162,ELEC, ,"Mon 5:00am - 10:59pm; Tue 5:00am - 10:59pm; Wed 5:00am - 10:59pm; Thu 5:00am - 10:59pm; Fri 5:00am - 10:59pm; Sat 5:00am - 10:59pm; Sun 5:00am - 10:59pm",E,Public, ,False, ,2023/08/07 00:00:00+00,2023/08/07 00:00:00+00,2019/07/19 00:00:00+00,, ,8700 Ne Vancouver Mall Dr,Vancouver,98662,WA,US,45.658859,-122.5835005, , ,888-264-2208, ,eb393b40-08a0-476e-8e45-d9e360a2cd62,Volta,0,2,0,2, ,J1772,https://voltacharging.com/, , ,GPS
-13625146.1111,5981816.97020001,374,425,DESTINATION DCFAST HOG,143215,ELEC, ,24 hours daily,E,Public, , , ,2023/08/07 00:00:00+00,2023/08/07 00:00:00+00,2019/08/15 00:00:00+00,, ,2302 Pacific Hwy E,Fife,98424,WA,US,47.24293,-122.39677, , ,888-758-4389, ,USCPIL1853821,ChargePoint Network,0,0,1,1, ,CCS,http://www.chargepoint.com/, , ,GPS
-13612219.6919,5967469.2591,375,426,PERMANENTE KP PUYALLUP #4,143334,ELEC, ,24 hours daily,E,Public, , , ,2023/08/07 00:00:00+00,2023/08/07 00:00:00+00,2019/08/15 00:00:00+00,, ,1009 39th Ave SE,Puyallup,98374,WA,US,47.155357,-122.28065, , ,888-758-4389, ,USCPIL1829411,ChargePoint Network,0,2,0,2, ,J1772,http://www.chargepoint.com/, , ,GPS
-13612220.8051,5967476.78939999,376,427,PERMANENTE KPP #3,143335,ELEC, ,24 hours daily,E,Public, , , ,2023/08/07 00:00:00+00,2023/08/07 00:00:00+00,2019/08/15 00:00:00+00,, ,1007 39th Ave SE,Puyallup,98374,WA,US,47.155403,-122.28066, , ,888-758-4389, ,USCPIL1829401,ChargePoint Network,0,2,0,2, ,J1772,http://www.chargepoint.com/, , ,GPS
-13637085.4605001,5967115.9973,377,428,LAKEVIEW L&P 1 LLP 1,143416,ELEC, ,24 hours daily,E,Public, , , ,2023/08/07 00:00:00+00,2023/08/07 00:00:00+00,2019/08/15 00:00:00+00,, ,11509 Bridgeport Way SW,Lakewood,98499,WA,US,47.153199,-122.504023, , ,888-758-4389, ,USCPIL1812891,ChargePoint Network,0,2,0,2, ,J1772,http://www.chargepoint.com/, , ,GPS
-13636691.5008,5717959.1268,378,429,BWP VANCOUVER FISHERS LANDING,143454,ELEC, ,24 hours daily,T,Public, , , ,2023/08/07 00:00:00+00,2023/08/07 00:00:00+00,2019/08/15 00:00:00+00,2023/05/15 00:00:00+00, ,1500 SE 167th Ave,Vancouver,98683,WA,US,45.609302,-122.500484, , ,888-758-4389, ,USCPIL1806591,ChargePoint Network,0,2,0,2, ,J1772,http://www.chargepoint.com/, , ,GPS
-13615117.6722,5993916.39800001,379,430,CENTER PLAZA FEDERAL WAY 3,143504,ELEC, ,24 hours daily,T,Public, , , ,2023/08/07 00:00:00+00,2023/08/07 00:00:00+00,2019/08/15 00:00:00+00,2022/09/09 00:00:00+00, ,2016 S 320th St,Federal Way,98003,WA,US,47.316668,-122.306683, , ,888-758-4389, ,USCPIL1794111,ChargePoint Network,0,2,0,2, ,J1772,http://www.chargepoint.com/, , ,GPS
-13615945.4439,6053460.80849999,380,431,VIDA APARTMENTS VIDA 1,143575,ELEC, ,24 hours daily,E,Public, , , ,2023/08/07 00:00:00+00,2023/08/07 00:00:00+00,2019/08/15 00:00:00+00,, ,1205 NE 66th ST,Seattle,98115,WA,US,47.678055,-122.314119, , ,888-758-4389, ,USCPIL821851,ChargePoint Network,0,2,0,2, ,J1772,http://www.chargepoint.com/, , ,GPS
-13069609.5319001,6051806.95369999,381,432,COLLEGE HALL MUSIC HALL,143885,ELEC, ,24 hours daily,E,Public, , , ,2023/08/07 00:00:00+00,2023/08/07 00:00:00+00,2019/08/20 00:00:00+00,, ,302 E Boone Ave,Spokane,99202,WA,US,47.668051,-117.4063, , ,888-758-4389, ,USCPIL205585,ChargePoint Network,0,2,0,2, ,J1772,http://www.chargepoint.com/, , ,GPS
-13068962.7657,6050989.4013,382,433,Gonzaga Fast,143939,ELEC, ,24 hours daily,E,Public, , , ,2023/08/07 00:00:00+00,2023/08/07 00:00:00+00,2019/08/21 00:00:00+00,, ,721 N Cincinnati,SPOKANE,99201,WA,US,47.663105,-117.40049, , ,855-900-7584, ,1852,SHELL_RECHARGE,0,0,1,1, ,"CHAdeMO, CCS",https://shellrecharge.com/en-us/solutions, , ,GPS
-13176076.6061,5961598.1019,383,434,Cow Creek Mercantile,143971,ELEC, ,24 hours daily,E,Public, , , ,2023/08/07 00:00:00+00,2023/08/07 00:00:00+00,2019/08/22 00:00:00+00,, ,1611 Smittys Blvd.,Ritzville,99169,WA,US,47.11948,-118.36271, , ,833-632-2778, ,100551,Electrify America,0,0,4,4, ,"CHAdeMO, CCS",https://www.electrifyamerica.com/, , ,GPS
-13634204.1781,5719305.15620001,384,435,"Walmart 5462 - Vancouver, WA",144090,ELEC, ,24 hours daily,E,Public, , , ,2023/08/07 00:00:00+00,2023/08/07 00:00:00+00,2019/08/27 00:00:00+00,, ,430 SE 192nd Ave.,Vancouver,98683,WA,US,45.61776,-122.47814, , ,833-632-2778, ,200126,Electrify America,0,1,3,4, ,"CHAdeMO, J1772, CCS",https://www.electrifyamerica.com/, , ,GPS
-13606946.1536,6038218.301,385,436,UDR ISLAND SQ APT 1,144104,ELEC, ,24 hours daily,E,Public, , , ,2023/08/07 00:00:00+00,2023/08/07 00:00:00+00,2019/08/28 00:00:00+00,, ,2758 78th Ave se,Mercer Island,98040,WA,US,47.585782,-122.233277, , ,888-758-4389, ,USCPIL1886791,ChargePoint Network,0,2,0,2, ,J1772,http://www.chargepoint.com/, , ,GPS
-13619972.2038,6051380.3159,386,437,DC CORRIDOR WOODLAND ZOO DC,145151,ELEC, ,24 hours daily,T,Public, , , ,2023/08/07 00:00:00+00,2023/08/07 00:00:00+00,2019/09/12 00:00:00+00,2023/04/27 00:00:00+00, ,750 N 50th St,Seattle,98103,WA,US,47.66547,-122.350292, , ,888-758-4389, ,USCPIL160165,ChargePoint Network,0,0,1,1, ,"CHAdeMO, CCS",http://www.chargepoint.com/, , ,GPS
-13685427.0626,5948935.7501,387,438,Capital Mall REI,145252,ELEC, ,"Mon 5:00am - 10:59pm; Tue 5:00am - 10:59pm; Wed 5:00am - 10:59pm; Thu 5:00am - 10:59pm; Fri 5:00am - 10:59pm; Sat 5:00am - 10:59pm; Sun 5:00am - 10:59pm",E,Public, ,False, ,2023/08/07 00:00:00+00,2023/08/07 00:00:00+00,2019/09/01 00:00:00+00,, ,625 Black Lake Blvd,Olympia,98502,WA,US,47.0420215,-122.938283, , ,888-264-2208, ,02b23be7-d12c-4071-a904-428c2050b2a5,Volta,0,2,0,2, ,J1772,https://voltacharging.com/, , ,GPS
-13685014.5125,5949066.3525,388,439,Capital Mall Best Buy,145253,ELEC, ,"Mon 5:00am - 10:59pm; Tue 5:00am - 10:59pm; Wed 5:00am - 10:59pm; Thu 5:00am - 10:59pm; Fri 5:00am - 10:59pm; Sat 5:00am - 10:59pm; Sun 5:00am - 10:59pm",E,Public, ,False, ,2023/08/07 00:00:00+00,2023/08/07 00:00:00+00,2019/09/01 00:00:00+00,, ,625 Black Lake Blvd,Olympia,98502,WA,US,47.042821,-122.934577, , ,888-264-2208, ,b7ef143a-a574-4fda-b7f7-fde917032574,Volta,0,2,0,2, ,J1772,https://voltacharging.com/, , ,GPS
-13685224.4054,5949023.88,389,440,Capital Mall North Entrance,145254,ELEC, ,"Mon 5:00am - 10:59pm; Tue 5:00am - 10:59pm; Wed 5:00am - 10:59pm; Thu 5:00am - 10:59pm; Fri 5:00am - 10:59pm; Sat 5:00am - 10:59pm; Sun 5:00am - 10:59pm",E,Public, ,False, ,2023/08/07 00:00:00+00,2023/08/07 00:00:00+00,2019/09/01 00:00:00+00,, ,625 Black Lake Blvd,Olympia,98502,WA,US,47.042561,-122.9364625, , ,888-264-2208, ,e3ddde34-20f8-42d5-b0c8-5712dc9ebb7c,Volta,0,2,0,2, ,J1772,https://voltacharging.com/, , ,GPS
-13609851.9263,6017487.46769999,390,441,Westfield Southcenter 04,145255,ELEC, ,"Mon 5:00am - 10:59pm; Tue 5:00am - 10:59pm; Wed 5:00am - 10:59pm; Thu 5:00am - 10:59pm; Fri 5:00am - 10:59pm; Sat 5:00am - 10:59pm; Sun 5:00am - 10:59pm",E,Public, ,False, ,2023/08/07 00:00:00+00,2023/08/07 00:00:00+00,2019/09/01 00:00:00+00,, ,500 Southcenter Mall,Tukwila,98188,WA,US,47.460023,-122.25938, , ,888-264-2208, ,5f71938e-072c-4c3c-9ce0-d6f8188dd4ce,Volta,0,1,0,1, ,J1772,https://voltacharging.com/, , ,GPS
-13599951.5604001,6037043.1884,391,442,AMC Factoria 8,145256,ELEC, ,"Mon 5:00am - 10:59pm; Tue 5:00am - 10:59pm; Wed 5:00am - 10:59pm; Thu 5:00am - 10:59pm; Fri 5:00am - 10:59pm; Sat 5:00am - 10:59pm; Sun 5:00am - 10:59pm",E,Public, ,False, ,2023/08/07 00:00:00+00,2023/08/07 00:00:00+00,2019/09/01 00:00:00+00,, ,3505 Factoria Blvd Se,Bellevue,98006,WA,US,47.5786615,-122.1704435, , ,888-264-2208, ,2f6468f5-18ef-4078-bfd3-25260b607b8c,Volta,0,2,0,2, ,J1772,https://voltacharging.com/, , ,GPS
-13616756.7404,6044283.30420001,392,443,Broadway Market,145257,ELEC, ,"Mon 5:00am - 10:59pm; Tue 5:00am - 10:59pm; Wed 5:00am - 10:59pm; Thu 5:00am - 10:59pm; Fri 5:00am - 10:59pm; Sat 5:00am - 10:59pm; Sun 5:00am - 10:59pm",E,Public, ,False, ,2023/08/07 00:00:00+00,2023/08/07 00:00:00+00,2019/09/01 00:00:00+00,, ,401 Broadway E,Seattle,98102,WA,US,47.622517,-122.321407, , ,888-264-2208, ,b3a7abd0-028f-4d90-8789-5e5753373fc0,Volta,0,2,0,2, ,J1772,https://voltacharging.com/, , ,GPS
-13622134.418,6050857.5026,393,444,The Terminal at Ballard,145258,ELEC, ,"Mon 5:00am - 10:59pm; Tue 5:00am - 10:59pm; Wed 5:00am - 10:59pm; Thu 5:00am - 10:59pm; Fri 5:00am - 10:59pm; Sat 5:00am - 10:59pm; Sun 5:00am - 10:59pm",E,Public, ,False, ,2023/08/07 00:00:00+00,2023/08/07 00:00:00+00,2019/09/01 00:00:00+00,, ,907 Nw Ballard Way,Seattle,98107,WA,US,47.662307,-122.3697155, , ,888-264-2208, ,391603c7-5982-49b6-a005-42ceba8a3d6a,Volta,0,2,0,2, ,J1772,https://voltacharging.com/, , ,GPS
-13616284.5231,6054209.06550001,394,445,Safeway 7300 Roosevelt Way Ne,145259,ELEC, ,"Mon 5:00am - 10:59pm; Tue 5:00am - 10:59pm; Wed 5:00am - 10:59pm; Thu 5:00am - 10:59pm; Fri 5:00am - 10:59pm; Sat 5:00am - 10:59pm; Sun 5:00am - 10:59pm",E,Public, ,False, ,2023/08/07 00:00:00+00,2023/08/07 00:00:00+00,2019/09/01 00:00:00+00,, ,7300 Roosevelt Way Ne,Seattle,98115,WA,US,47.6825805,-122.317165, , ,888-264-2208, ,531e4ebd-a029-487a-9739-1476bc2c163b,Volta,0,2,0,2, ,J1772,https://voltacharging.com/, , ,GPS
-13619168.7554,6057400.2406,395,446,AMC Loews Oak Tree 6,145260,ELEC, ,"Mon 5:00am - 10:59pm; Tue 5:00am - 10:59pm; Wed 5:00am - 10:59pm; Thu 5:00am - 10:59pm; Fri 5:00am - 10:59pm; Sat 5:00am - 10:59pm; Sun 5:00am - 10:59pm",E,Public, ,False, ,2023/08/07 00:00:00+00,2023/08/07 00:00:00+00,2019/09/01 00:00:00+00,, ,10006 Aurora Ave N,Seattle,98133,WA,US,47.7018765,-122.3430745, , ,888-264-2208, ,d97b83b5-b09a-409f-bdee-a6274d21d6fa,Volta,0,2,0,2, ,J1772,https://voltacharging.com/, , ,GPS
-13584779.0478,6042893.6816,396,447,Sammamish Highlands,145261,ELEC, ,"Mon 5:00am - 10:59pm; Tue 5:00am - 10:59pm; Wed 5:00am - 10:59pm; Thu 5:00am - 10:59pm; Fri 5:00am - 10:59pm; Sat 5:00am - 10:59pm; Sun 5:00am - 10:59pm",E,Public, ,False, ,2023/08/07 00:00:00+00,2023/08/07 00:00:00+00,2019/09/01 00:00:00+00,, ,510 228Th Ave Ne,Sammamish,98074,WA,US,47.6141025,-122.0341465, , ,888-264-2208, ,7ce6f7bc-8dde-457e-8966-4b21495333af,Volta,0,2,0,2, ,J1772,https://voltacharging.com/, , ,GPS
-13584749.3811,6037778.2236,397,448,Pine Lake Village,145262,ELEC, ,"Mon 5:00am - 10:59pm; Tue 5:00am - 10:59pm; Wed 5:00am - 10:59pm; Thu 5:00am - 10:59pm; Fri 5:00am - 10:59pm; Sat 5:00am - 10:59pm; Sun 5:00am - 10:59pm",E,Public, ,False, ,2023/08/07 00:00:00+00,2023/08/07 00:00:00+00,2019/09/01 00:00:00+00,, ,3016 Issaquah-Pine Lake Rd Se,Sammamish,98075,WA,US,47.5831155,-122.03388, , ,888-264-2208, ,2b9f539c-0b5e-4692-8184-c162415e74d0,Volta,0,2,0,2, ,J1772,https://voltacharging.com/, , ,GPS
-13582896.9135,6031291.5601,398,449,Grand Ridge Plaza Regal Theater,145263,ELEC, ,"Mon 5:00am - 10:59pm; Tue 5:00am - 10:59pm; Wed 5:00am - 10:59pm; Thu 5:00am - 10:59pm; Fri 5:00am - 10:59pm; Sat 5:00am - 10:59pm; Sun 5:00am - 10:59pm",E,Public, ,False, ,2023/08/07 00:00:00+00,2023/08/07 00:00:00+00,2019/09/01 00:00:00+00,, ,1451 Highlands Dr Ne,Issaquah,98029,WA,US,47.543796,-122.017239, , ,888-264-2208, ,dde509b4-4033-4d0f-8c55-f3c19b732956,Volta,0,2,0,2, ,J1772,https://voltacharging.com/, , ,GPS
-13658025.2133,6049977.15519999,399,450,Kitsap Mall Dick's Sporting Goods,145264,ELEC, ,"Mon 5:00am - 10:59pm; Tue 5:00am - 10:59pm; Wed 5:00am - 10:59pm; Thu 5:00am - 10:59pm; Fri 5:00am - 10:59pm; Sat 5:00am - 10:59pm; Sun 5:00am - 10:59pm",E,Public, ,False, ,2023/08/07 00:00:00+00,2023/08/07 00:00:00+00,2019/09/01 00:00:00+00,, ,10315 Silverdale Way Nw,Silverdale,98383,WA,US,47.6569805,-122.692128, , ,888-264-2208, ,78916995-58b8-4177-ad32-1df0563c4466,Volta,0,2,0,2, ,J1772,https://voltacharging.com/, , ,GPS
-13657653.5732,6050282.4941,400,451,Kitsap Mall Kohl's,145265,ELEC, ,"Mon 7:00am - 9:00pm; Tue 7:00am - 9:00pm; Wed 7:00am - 9:00pm; Thu 7:00am - 9:00pm; Fri 7:00am - 9:00pm; Sat 7:00am - 9:00pm; Sun 7:00am - 9:00pm",E,Public, ,False, ,2023/08/07 00:00:00+00,2023/08/07 00:00:00+00,2019/09/01 00:00:00+00,, ,10315 Silverdale Way Nw,Silverdale,98383,WA,US,47.658828,-122.6887895, , ,888-264-2208, ,f068914e-3381-4b91-8dac-2844ee5d6fd4,Volta,0,2,0,2, ,J1772,https://voltacharging.com/, , ,GPS
-13618167.4923,6043374.8097,401,452,SCH CURE P1 #5,145390,ELEC, ,24 hours daily,E,Public, , , ,2023/08/07 00:00:00+00,2023/08/07 00:00:00+00,2019/09/20 00:00:00+00,, ,1920 Terry Ave,Seattle,98101,WA,US,47.617016,-122.33408, , ,888-758-4389, ,USCPIL1912261,ChargePoint Network,0,2,0,2, ,J1772,http://www.chargepoint.com/, , ,GPS
-13592181.0703,6106560.37500001,402,453,"Target T1331 - Lake Stevens, WA",145684,ELEC, ,24 hours daily,E,Public, , , ,2023/08/07 00:00:00+00,2023/08/07 00:00:00+00,2019/10/01 00:00:00+00,, ,9601 Market Place,Lake Stevens,98258,WA,US,47.99823,-122.10064, , ,833-632-2778, ,200205,Electrify America,0,1,3,4, ,"CHAdeMO, J1772, CCS",https://www.electrifyamerica.com/, , ,GPS
-13617144.4661,6058489.29100001,403,454,Simon Northgate Mall,146948,ELEC, ,24 hours daily,E,Public, , , ,2023/08/07 00:00:00+00,2023/08/07 00:00:00+00,2019/10/12 00:00:00+00,, ,401 NE Northgate Way,Seattle,98125,WA,US,47.70846,-122.32489, , ,833-632-2778, ,200202,Electrify America,0,1,3,4, ,"CHAdeMO, J1772, CCS",https://www.electrifyamerica.com/, , ,GPS
-13602704.1017999,6004419.149,404,455,KENT YMCA KENT YMCA #2,147069,ELEC, ,24 hours daily,T,Public, , , ,2023/08/07 00:00:00+00,2023/08/07 00:00:00+00,2019/10/19 00:00:00+00,2022/10/01 00:00:00+00, ,10920 SE 248th St,Kent,98030,WA,US,47.380592,-122.19517, , ,888-758-4389, ,USCPIL1924691,ChargePoint Network,0,2,0,2, ,J1772,http://www.chargepoint.com/, , ,GPS
-13602900.0241,6004441.8362,405,456,KENT YMCA KENT YMCA #3,147070,ELEC, ,24 hours daily,T,Public, , , ,2023/08/07 00:00:00+00,2023/08/07 00:00:00+00,2019/10/19 00:00:00+00,2022/10/03 00:00:00+00, ,10822 SE 248th St,Kent,98030,WA,US,47.38073,-122.19693, , ,888-758-4389, ,USCPIL1921371,ChargePoint Network,0,2,0,2, ,J1772,http://www.chargepoint.com/, , ,GPS
-13602808.2968,6004344.0184,406,457,KENT YMCA KENT YMCA #1,147072,ELEC, ,24 hours daily,T,Public, , , ,2023/08/07 00:00:00+00,2023/08/07 00:00:00+00,2019/10/19 00:00:00+00,2022/10/01 00:00:00+00, ,10828 SE 248th St,Kent,98030,WA,US,47.380135,-122.196106, , ,888-758-4389, ,USCPIL1917641,ChargePoint Network,0,2,0,2, ,J1772,http://www.chargepoint.com/, , ,GPS
-13609629.2873,6016777.3684,407,458,"Target T0627 - Tukwila, WA",147131,ELEC, ,24 hours daily,E,Public, , , ,2023/08/07 00:00:00+00,2023/08/07 00:00:00+00,2019/10/22 00:00:00+00,, ,301 Strander Blvd.,Tukwila,98188,WA,US,47.45571,-122.25738, , ,833-632-2778, ,200201,Electrify America,0,0,5,5, ,"CHAdeMO, CCS",https://www.electrifyamerica.com/, , ,GPS
-13631422.9719,5982794.3011,408,459,COMMUNITY HOUSE COMMUNITY #2,147146,ELEC, ,24 hours daily,E,Public, , , ,2023/08/07 00:00:00+00,2023/08/07 00:00:00+00,2019/10/23 00:00:00+00,, ,1314 S L St,Tacoma,98405,WA,US,47.24889,-122.453156, , ,888-758-4389, ,USCPIL1970051,ChargePoint Network,0,1,0,1, ,J1772,http://www.chargepoint.com/, , ,GPS
-13586769.8299,6030973.9468,409,460,"Target T0996 - Issaquah, WA",147227,ELEC, ,24 hours daily,E,Public, , , ,2023/08/07 00:00:00+00,2023/08/07 00:00:00+00,2019/10/25 00:00:00+00,, ,755 NW Gillman Blvd.,Issaquah,98027,WA,US,47.54187,-122.05203, , ,833-632-2778, ,200207,Electrify America,0,1,3,4, ,"CHAdeMO, J1772, CCS",https://www.electrifyamerica.com/, , ,GPS
-13602327.508,6043652.2529,410,461,UDR CHARGER 4,147301,ELEC, ,24 hours daily,E,Public, , , ,2023/08/07 00:00:00+00,2023/08/07 00:00:00+00,2019/10/26 00:00:00+00,, ,958 111th Ave NE,Bellevue,98004,WA,US,47.618696,-122.191787, , ,888-758-4389, ,USCPIL1972231,ChargePoint Network,0,2,0,2, ,J1772,http://www.chargepoint.com/, , ,GPS
-13618323.4509,6044292.8834,411,462,KW RADIUS RADIUS 1,147397,ELEC, ,24 hours daily,E,Public, , , ,2023/08/07 00:00:00+00,2023/08/07 00:00:00+00,2019/10/31 00:00:00+00,, ,400 Boren Ave N,Seattle,98109,WA,US,47.622575,-122.335481, , ,888-758-4389, ,USCPIL1952391,ChargePoint Network,0,2,0,2, ,J1772,http://www.chargepoint.com/, , ,GPS
-13606941.7008999,6038222.7572,412,463,UDR ISLAND SQ APT 2,147432,ELEC, ,24 hours daily,E,Public, , , ,2023/08/07 00:00:00+00,2023/08/07 00:00:00+00,2019/11/01 00:00:00+00,, ,2758 78th Ave se,Mercer Island,98040,WA,US,47.585809,-122.233237, , ,888-758-4389, ,USCPIL1886781,ChargePoint Network,0,2,0,2, ,J1772,http://www.chargepoint.com/, , ,GPS
-13600807.663,6042515.94829999,413,464,Ridgewood Corporate Square Building F,147519,ELEC, , ,E,Public, , , ,2023/06/21 00:00:00+00,2023/06/21 00:00:00+00,2019/11/06 00:00:00+00,, ,150 120th Ave NE,Bellevue,98005,WA,US,47.611815,-122.178134,For tenants and visitors only.||, ,888-998-2546, ,465ba1dd-d734-8158-93cc-330000468067,Blink Network,0,2,0,2, ,J1772,http://www.blinkcharging.com/,Free, ,GPS
-13600871.1150999,6042684.21299999,414,465,Ridgewood Corporate Square Building C,147537,ELEC, , ,E,Public, , , ,2023/06/21 00:00:00+00,2023/06/21 00:00:00+00,2019/11/07 00:00:00+00,, ,330 120th Ave NE,Bellevue,98005,WA,US,47.612834,-122.178704,"Chargers are in Parking Garage Chargers are available to employees and visitors only
Chargers are in Parking Garage. ||Chargers are available to employees and ||visitors only.||", ,888-998-2546, ,465ba1dd-d734-8158-93cc-330000474033,Blink Network,0,4,0,4, ,J1772,http://www.blinkcharging.com/,Free, ,GPS
-13044050.3542,6052276.7591,415,466,Bella Tess Apartments,147574,ELEC, , ,E,Public, , , ,2023/08/07 00:00:00+00,2023/08/07 00:00:00+00,2019/11/07 00:00:00+00,, ,17016 E Indiana Pkwy.,Spokane Valley,99016,WA,US,47.670893,-117.176698, , ,866-816-7584, ,936349d8-5322-4bec-928e-bc86172d28e3,EV Connect,0,2,0,2, ,J1772,http://evconnect.com/, , ,GPS
-13084036.8719,6045456.34649999,416,467,Wingate By Wyndham Spokane,147575,ELEC, , ,E,Public, , , ,2023/08/07 00:00:00+00,2023/08/07 00:00:00+00,2019/11/07 00:00:00+00,, ,2726 S Flint Rd,Spokane,99224,WA,US,47.629619,-117.535903, , ,866-816-7584, ,96a737e9-f77c-4fb8-92c3-39eb500d4ff9,EV Connect,0,2,0,2, ,J1772,http://evconnect.com/, , ,GPS
-13577992.288,6084451.508,417,468,"Walmart 5628 - Monroe, WA",147648,ELEC, ,24 hours daily,E,Public, , , ,2023/08/07 00:00:00+00,2023/08/07 00:00:00+00,2019/11/09 00:00:00+00,, ,19191 N Kelsey Street,Monroe,98272,WA,US,47.86516,-121.97318, , ,833-632-2778, ,200209,Electrify America,0,1,3,4, ,"CHAdeMO, J1772, CCS",https://www.electrifyamerica.com/, , ,GPS
-13633990.3334,6232088.3835,418,469,CFC Holly ST Lot,147667,ELEC, , ,T,Public, , , ,2023/06/20 00:00:00+00,2023/06/20 00:00:00+00,2016/04/08 00:00:00+00,2023/02/27 00:00:00+00, ,1220 North Forest Street,Bellingham,98225,WA,US,48.74728,-122.476219, , ,800-663-5633, ,1590,SemaCharge Network,0,2,0,2, ,J1772,https://semaconnect.com/,FREE, ,GPS
-13649087.8167,6191813.78299999,419,470,"Walgreens - Anacortes, WA #7131",147673,ELEC, , ,E,Public, , , ,2023/06/21 00:00:00+00,2023/06/21 00:00:00+00,2011/11/23 00:00:00+00,, ,909 17th Street,Anacortes,98221,WA,US,48.508154,-122.611842, , ,800-663-5633, ,296,SemaCharge Network,0,1,0,1, ,J1772,https://semaconnect.com/,$2.00/Hr Parking Fee, ,GPS
-13649545.7851,6190554.18519999,420,471,Island Hospital Behind M.O.B. Building,147675,ELEC, , ,E,Public, , , ,2023/06/21 00:00:00+00,2023/06/21 00:00:00+00,2014/12/26 00:00:00+00,, ,1211 24th Street,Anacortes,98221,WA,US,48.500657,-122.615956, , ,800-663-5633, ,1100,SemaCharge Network,0,1,0,1, ,J1772,https://semaconnect.com/,$1.70/Hr Parking Fee, ,GPS
-13594397.2188001,6074402.78170001,421,472,Valley Supply - Woodinville,147685,ELEC, ,24 hours daily,E,Public, , , ,2023/06/20 00:00:00+00,2023/06/20 00:00:00+00,2012/02/24 00:00:00+00,, ,8310 Maltby Road,Woodinville,98072,WA,US,47.804565,-122.120548, , ,800-663-5633, ,600,SemaCharge Network,0,1,0,1, ,J1772,https://semaconnect.com/,FREE, ,GPS
-13608379.5034,6081720.2175,422,473,"Walgreens - Lynnwood, WA #6302",147686,ELEC, , ,E,Public, , , ,2023/06/21 00:00:00+00,2023/06/21 00:00:00+00,2012/03/01 00:00:00+00,, ,16423 Larch Way,Lynnwood,98037,WA,US,47.848697,-122.246153, , ,800-663-5633, ,291,SemaCharge Network,0,1,0,1, ,J1772,https://semaconnect.com/,$2.00/Hr Parking Fee, ,GPS
-13601186.2605,6069799.1626,423,474,Monte Villa,147690,ELEC, , ,E,Public, , , ,2023/06/20 00:00:00+00,2023/06/20 00:00:00+00,2012/01/05 00:00:00+00,, ,3830 Monte Villa Parkway,Bothell,98021,WA,US,47.776781,-122.181535, , ,800-663-5633, ,613,SemaCharge Network,0,2,0,2, ,J1772,https://semaconnect.com/,$1.75/Hr Parking Fee, ,GPS
-13622814.4131,6075710.2181,424,475,Public Safety #3,147692,ELEC, , ,E,Public, , , ,2023/06/21 00:00:00+00,2023/06/21 00:00:00+00,2019/04/11 00:00:00+00,, ,205 5th Avenue North,Edmonds,98020,WA,US,47.812453,-122.375824, , ,800-663-5633, ,3384,SemaCharge Network,0,1,0,1, ,J1772,https://semaconnect.com/,$1.50/Hr Parking Fee, ,GPS
-13623433.3495,6074493.1091,425,476,City Park #1,147698,ELEC, , ,E,Public, , , ,2023/06/21 00:00:00+00,2023/06/21 00:00:00+00,2019/04/11 00:00:00+00,, ,600 3rd Avenue South,Edmonds,98020,WA,US,47.80511,-122.381384, , ,800-663-5633, ,3382,SemaCharge Network,0,1,0,1, ,J1772,https://semaconnect.com/,$1.50/Hr Parking Fee, ,GPS
-13604450.5933,6057873.9073,426,477,"Walgreens - Kirkland, WA #6258",147702,ELEC, , ,E,Public, , , ,2023/06/21 00:00:00+00,2023/06/21 00:00:00+00,2012/03/15 00:00:00+00,, ,11607 98th Ave NE,Kirkland,98034,WA,US,47.70474,-122.210859, , ,800-663-5633, ,290,SemaCharge Network,0,1,0,1, ,J1772,https://semaconnect.com/,$2.00/Hr Parking Fee, ,GPS
-13172506.0334,5791666.7772,427,478,Whitman College,147706,ELEC, , ,E,Public, , , ,2023/06/21 00:00:00+00,2023/06/21 00:00:00+00,2018/08/30 00:00:00+00,, ,147 South Park Street,Walla Walla,99362,WA,US,46.070579,-118.330635, , ,800-663-5633, ,2401,SemaCharge Network,0,2,0,2, ,J1772,https://semaconnect.com/,$0.35/Hr Parking Fee, ,GPS
-13598087.7938,6043298.8446,428,479,"Walgreens - Bellevue, WA #3662",147710,ELEC, , ,E,Public, , , ,2023/06/21 00:00:00+00,2023/06/21 00:00:00+00,2011/11/22 00:00:00+00,, ,647 140th Ave NE,Bellevue,98005,WA,US,47.616556,-122.153701, , ,800-663-5633, ,278,SemaCharge Network,0,1,0,1, ,J1772,https://semaconnect.com/,$2.00/Hr Parking Fee, ,GPS
-13620589.3590999,6057650.42800001,429,480,South Building,147711,ELEC, , ,E,Public, , , ,2023/06/20 00:00:00+00,2023/06/20 00:00:00+00,2012/02/08 00:00:00+00,, ,10215 Greenwood Ave. North,Seattle,98133,WA,US,47.703389,-122.355836, , ,800-663-5633, ,631,SemaCharge Network,0,1,0,1, ,J1772,https://semaconnect.com/,FREE, ,GPS
-13602751.5239,6043204.3847,430,481,Bellevue Corporate Plaza,147716,ELEC, ,24 hours daily,T,Public, , , ,2023/06/20 00:00:00+00,2023/06/20 00:00:00+00,2015/07/14 00:00:00+00,2022/09/09 00:00:00+00, ,"600 108th Avenue, NE
Suite 116",Bellevue,98004,WA,US,47.615984,-122.195596, , ,800-663-5633, ,1763,SemaCharge Network,0,2,0,2, ,J1772,https://semaconnect.com/,FREE, ,GPS
-13583432.8055,6030045.0855,431,482,Swedish Medical Center Issaquah Campus,147717,ELEC, ,24 hours daily,E,Public, , , ,2023/06/21 00:00:00+00,2023/06/21 00:00:00+00,2014/01/25 00:00:00+00,, ,751 N.E. Blakely Drive,Issaquah,98027,WA,US,47.536237,-122.022053, , ,800-663-5633, ,583,SemaCharge Network,0,3,0,3, ,J1772,https://semaconnect.com/,$1.50/Hr Parking Fee, ,GPS
-13603170.7531,6042906.31419999,432,483,531607 : Centre 425 / Everest,147719,ELEC, , ,E,Public, , , ,2023/06/20 00:00:00+00,2023/06/20 00:00:00+00,2018/12/26 00:00:00+00,, ,425 106th Avenue Northeast,Bellevue,98004,WA,US,47.614179,-122.199362, , ,800-663-5633, ,2966,SemaCharge Network,0,6,0,6, ,J1772,https://semaconnect.com/,FREE, ,GPS
-13603099.5086,6041707.69600001,433,484,Legacy Partners Commercial,147722,ELEC, , ,E,Public, , , ,2023/06/20 00:00:00+00,2023/06/20 00:00:00+00,2012/01/05 00:00:00+00,, ,"7525 SE 4th Street, Suite 180",Mercer Island,98040,WA,US,47.60692,-122.198722, , ,800-663-5633, ,624,SemaCharge Network,0,2,0,2, ,J1772,https://semaconnect.com/,FREE, ,GPS
-13598394.1451,6037368.8637,434,485,531614 :Sunset Corporate Campus,147724,ELEC, ,24 hours daily,E,Public, , , ,2023/06/21 00:00:00+00,2023/06/21 00:00:00+00,2018/12/27 00:00:00+00,, ,13810 Southeast Eastgate Way,Bellevue,98005,WA,US,47.580635,-122.156453,Parking lot fees will apply, ,800-663-5633, ,2636,SemaCharge Network,0,6,0,6, ,J1772,https://semaconnect.com/,FREE, ,GPS
-13623807.8282,6052123.01979999,435,486,The Commons at Ballard,147727,ELEC, , ,E,Public, , , ,2023/06/21 00:00:00+00,2023/06/21 00:00:00+00,2015/10/27 00:00:00+00,, ,"5621 22nd Avenue, NW",Seattle,98107,WA,US,47.669963,-122.384748, , ,800-663-5633, ,1650,SemaCharge Network,0,8,0,8, ,J1772,https://semaconnect.com/,"$0.00-$1.50/Hr Variable Parking Fee, $0.15/kWh Energy Fee", ,GPS
-13277053.737,5834099.62989999,436,487,WSU Wine Science,147728,ELEC, , ,T,Public, , , ,2023/06/20 00:00:00+00,2023/06/20 00:00:00+00,2014/09/04 00:00:00+00,2023/02/27 00:00:00+00, ,359 University Drive,Richland,99354,WA,US,46.334398,-119.269803, , ,800-663-5633, ,1000,SemaCharge Network,0,1,0,1, ,J1772,https://semaconnect.com/,FREE, ,GPS
-13615598.9063,6043122.64140001,437,488,Central Co-op,147731,ELEC, ,24 hours daily,T,Public, , , ,2023/06/20 00:00:00+00,2023/06/20 00:00:00+00,2012/02/24 00:00:00+00,2023/02/27 00:00:00+00, ,1600 East Madison Street,Seattle,98122,WA,US,47.615489,-122.311006, , ,800-663-5633, ,595,SemaCharge Network,0,4,0,4, ,J1772,https://semaconnect.com/,FREE, ,GPS
-13619041.6842,6044972.377,438,489,Juxt,147733,ELEC, , ,T,Public, , , ,2023/06/20 00:00:00+00,2023/06/20 00:00:00+00,2013/09/03 00:00:00+00,2022/11/21 00:00:00+00, ,"810 Dexter Ave., North",Seattle,98109,WA,US,47.626689,-122.341933, , ,800-663-5633, ,1668,SemaCharge Network,0,4,0,4, ,J1772,https://semaconnect.com/,FREE, ,GPS
-13618234.7292,6044419.727,439,490,531620 : Centre 425/Everest,147734,ELEC, ,24 hours daily,E,Public, , , ,2023/06/21 00:00:00+00,2023/06/21 00:00:00+00,2018/07/27 00:00:00+00,, ,501 Fairview Avenue North,Seattle,98109,WA,US,47.623343,-122.334684,Additional garage fees will apply, ,800-663-5633, ,2589,SemaCharge Network,0,6,0,6, ,J1772,https://semaconnect.com/,$0.00-$2.00/Hr Variable Parking Fee, ,GPS
-13618320,6044060.3417,440,491,Troy Block,147737,ELEC, , ,E,Public, , , ,2023/06/21 00:00:00+00,2023/06/21 00:00:00+00,2016/05/27 00:00:00+00,, ,300 Boren Avenue North,Seattle,98109,WA,US,47.621167,-122.33545, , ,800-663-5633, ,1829,SemaCharge Network,0,9,0,9, ,J1772,https://semaconnect.com/,$0.00-$5.00/Hr Variable Parking Fee, ,GPS
-13617960.2154,6043376.1308,441,492,Tilt49 Realty LLC,147742,ELEC, , ,E,Public, , , ,2023/06/21 00:00:00+00,2023/06/21 00:00:00+00,2016/12/12 00:00:00+00,, ,1812 Boren Avenue,Seattle,98101,WA,US,47.617024,-122.332218, , ,800-663-5633, ,2071,SemaCharge Network,0,4,0,4, ,J1772,https://semaconnect.com/,$0.00-$5.00/Hr Variable Parking Fee, ,GPS
-13618706.2786,6043552.1741,442,493,531628 : 2201 Westlake,147745,ELEC, , ,E,Public, , , ,2023/06/21 00:00:00+00,2023/06/21 00:00:00+00,2018/09/14 00:00:00+00,, ,2201 Westlake Avenue,Seattle,98109,WA,US,47.61809,-122.33892, , ,800-663-5633, ,2748,SemaCharge Network,0,6,0,6, ,J1772,https://semaconnect.com/,FREE, ,GPS
-13618276.0288,6043148.40279999,443,494,818 Stewart Street Holdco LLC,147747,ELEC, , ,E,Public, , , ,2023/06/21 00:00:00+00,2023/06/21 00:00:00+00,2017/08/28 00:00:00+00,, ,818 Stewart Street,Seattle,98101,WA,US,47.615645,-122.335055, , ,800-663-5633, ,2767,SemaCharge Network,0,5,0,5, ,J1772,https://semaconnect.com/,$0.00-$3.00/Hr Variable Parking Fee, ,GPS
-13616561.8199,6041864.387,444,495,531604 : 600 Broadway,147750,ELEC, ,24 hours daily,E,Public, , , ,2023/06/21 00:00:00+00,2023/06/21 00:00:00+00,2016/08/18 00:00:00+00,, ,600 Broadway,Seattle,98122,WA,US,47.607869,-122.319656,Additional garage rates will apply., ,800-663-5633, ,2574,SemaCharge Network,0,6,0,6, ,J1772,https://semaconnect.com/,$1.00-$5.00/Hr Variable Parking Fee, ,GPS
-13619886.8218,6043311.72559999,445,496,Dimension Seattle,147755,ELEC, ,24 hours daily,E,Public, , , ,2023/06/20 00:00:00+00,2023/06/20 00:00:00+00,2012/02/07 00:00:00+00,, ,225 Cedar Street,Seattle,98121,WA,US,47.616634,-122.349525, , ,800-663-5633, ,739,SemaCharge Network,0,2,0,2, ,J1772,https://semaconnect.com/,FREE, ,GPS
-13621005.36,6043714.84390001,446,497,101 Elliott,147757,ELEC, ,24 hours daily,E,Public, , , ,2023/06/21 00:00:00+00,2023/06/21 00:00:00+00,2012/02/24 00:00:00+00,, ,101 Elliott Avenue West,Seattle,98121,WA,US,47.619075,-122.359573,"This station is located in a garage that is only available to the public M-F from 7am - 7pm. There is a parking garage fee which is separate from the fee to use the electric vehicle charging station. 

There is a $40 fee to get your car out of the garage", ,800-663-5633, ,552,SemaCharge Network,0,1,0,1, ,J1772,https://semaconnect.com/,$1.00/Hr Parking Fee, ,GPS
-13618971.3303,6042185.20790001,447,498,Inn At The Market,147760,ELEC, ,24 hours daily,T,Public, , , ,2023/06/20 00:00:00+00,2023/06/20 00:00:00+00,2014/11/18 00:00:00+00,2022/09/09 00:00:00+00, ,86 Pine Street,Seattle,98101,WA,US,47.609812,-122.341301, , ,800-663-5633, ,952,SemaCharge Network,0,1,0,1, ,J1772,https://semaconnect.com/,FREE, ,GPS
-13619031.7768,6042077.22049999,448,499,Pike Place Market,147762,ELEC, ,24 hours daily,E,Public, , , ,2023/06/21 00:00:00+00,2023/06/21 00:00:00+00,2017/05/17 00:00:00+00,, ,1901 Western Avenue,Seattle,98101,WA,US,47.609158,-122.341844,Garage parking fees apply., ,800-663-5633, ,1824,SemaCharge Network,0,7,0,7, ,J1772,https://semaconnect.com/,$1.00/Hr Parking Fee, ,GPS
-13618139.4398,6041366.91519999,449,500,Level A,147764,ELEC, , ,E,Public, , , ,2023/06/20 00:00:00+00,2023/06/20 00:00:00+00,2014/01/03 00:00:00+00,, ,"999 Third Avenue, Level A",Seattle,98104,WA,US,47.604856,-122.333828, , ,800-663-5633, ,656,SemaCharge Network,0,2,0,2, ,J1772,https://semaconnect.com/,FREE, ,GPS
-13618460.9304,6041556.78649999,450,501,Second and Seneca Tower,147765,ELEC, , ,E,Public, , , ,2023/06/21 00:00:00+00,2023/06/21 00:00:00+00,2018/10/26 00:00:00+00,, ,1191 2nd Avenue,Seattle,98101,WA,US,47.606006,-122.336716, , ,800-663-5633, ,2659,SemaCharge Network,0,4,0,4, ,J1772,https://semaconnect.com/,$0.20/kWh Energy Fee, ,GPS
-13618148.568,6041133.29659999,451,502,Millennium Tower,147767,ELEC, , ,E,Public, , , ,2023/06/21 00:00:00+00,2023/06/21 00:00:00+00,2014/12/26 00:00:00+00,, ,719 Second Ave,Seattle,98104,WA,US,47.603441,-122.33391,Station moved to TRPF Millennium Tower LLC, ,800-663-5633, ,1049,SemaCharge Network,0,2,0,2, ,J1772,https://semaconnect.com/,"$0.00-$10.00/Hr Variable Parking Fee, $0.12/kWh Energy Fee", ,GPS
-13617556.9049,6040153.6532,452,503,Union Station Parking Garage (#USPG),147769,ELEC, , ,E,Public, , , ,2023/06/21 00:00:00+00,2023/06/21 00:00:00+00,2019/05/14 00:00:00+00,, ,550 4th Avenue South,Seattle,98134,WA,US,47.597507,-122.328595, , ,800-663-5633, ,3239,SemaCharge Network,0,4,0,4, ,J1772,https://semaconnect.com/,$0.00-$5.00/Hr Variable Parking Fee, ,GPS
-13617821.2886,6040250.0608,453,504,Avalara Hawk Tower,147770,ELEC, , ,E,Public, , , ,2023/06/21 00:00:00+00,2023/06/21 00:00:00+00,2016/08/29 00:00:00+00,, ,255 S. King Street,Seattle,98104,WA,US,47.598091,-122.33097, , ,800-663-5633, ,2840,SemaCharge Network,0,8,0,8, ,J1772,https://semaconnect.com/,FREE, ,GPS
-13618360.1863,6038790.19580001,454,505,531610: Stadium Innovation Center,147773,ELEC, ,24 hours daily,E,Public, , , ,2023/06/21 00:00:00+00,2023/06/21 00:00:00+00,2011/12/01 00:00:00+00,, ,1531 Utah Avenue South,Seattle,98134,WA,US,47.589247,-122.335811,Parking garage location - all fees assessed will be paid with the parking garage, ,800-663-5633, ,2517,SemaCharge Network,0,6,0,6, ,J1772,https://semaconnect.com/,FREE, ,GPS
-13600795.0838,6024484.8873,455,506,"Walgreens - Renton, WA #7355",147774,ELEC, , ,T,Public, , , ,2023/06/20 00:00:00+00,2023/06/20 00:00:00+00,2011/11/24 00:00:00+00,2022/12/05 00:00:00+00, ,3011 NE Sunset Blvd,Renton,98056,WA,US,47.502505,-122.178021, , ,800-663-5633, ,299,SemaCharge Network,0,1,0,1, ,J1772,https://semaconnect.com/,$2.00/Hr Parking Fee, ,GPS
-13613852.1922,6006812.8167,456,507,"Walgreens - Des Moines, WA #9423",147785,ELEC, ,24 hours daily,T,Public, , , ,2023/06/20 00:00:00+00,2023/06/20 00:00:00+00,2011/12/05 00:00:00+00,2022/09/21 00:00:00+00, ,23003 Pacific Highway South,Des Moines,98198,WA,US,47.39515,-122.295315, , ,800-663-5633, ,1131,SemaCharge Network,0,1,0,1, ,J1772,https://semaconnect.com/,$2.00/Hr Parking Fee, ,GPS
-13608343.6585,5990271.56949999,457,508,Auburn Corporate Center I,147788,ELEC, ,24 hours daily,T,Public, , , ,2023/06/20 00:00:00+00,2023/06/20 00:00:00+00,2017/07/10 00:00:00+00,2023/02/27 00:00:00+00, ,1102 15th Street Southwest,Auburn,98001,WA,US,47.294466,-122.245831, , ,800-663-5633, ,1994,SemaCharge Network,0,2,0,2, ,J1772,https://semaconnect.com/,$1.00/Hr Parking Fee, ,GPS
-13630047.2857,5983237.4159,458,509,531617 : Court C Parking Level - Charging Stations,147796,ELEC, , ,E,Public, , , ,2023/06/21 00:00:00+00,2023/06/21 00:00:00+00,2018/07/24 00:00:00+00,, ,1149 Market Street,Tacoma,98402,WA,US,47.251592,-122.440798, , ,800-663-5633, ,2647,SemaCharge Network,0,4,0,4, ,J1772,https://semaconnect.com/,$0.85-$5.00/Hr Variable Parking Fee, ,GPS
-13650670.7798,5957421.3009,459,510,DuPont Grocery Inc.,147809,ELEC, , ,E,Public, , , ,2023/06/21 00:00:00+00,2023/06/21 00:00:00+00,2018/05/22 00:00:00+00,, ,100 Barksdale Avenue,DuPont,98327,WA,US,47.093942,-122.626062, , ,800-663-5633, ,2262,SemaCharge Network,0,2,0,2, ,J1772,https://semaconnect.com/,$1.00-$5.00/Hr Variable Parking Fee, ,GPS
-13652469.9254,5957115.0461,460,511,Dupont Family Dentistry,147810,ELEC, , ,E,Public, , , ,2023/06/20 00:00:00+00,2023/06/20 00:00:00+00,2014/06/27 00:00:00+00,, ,975 Ross Avenue,DuPont,98327,WA,US,47.092069,-122.642224, , ,800-663-5633, ,1711,SemaCharge Network,0,1,0,1, ,J1772,https://semaconnect.com/,FREE, ,GPS
-13655371.134,5942121.24470001,461,512,Nisqually Red Wind Casino,147813,ELEC, , ,E,Public, , , ,2023/06/21 00:00:00+00,2023/06/21 00:00:00+00,2015/06/22 00:00:00+00,, ,12819 Yelm Hwy SE,Olympia,98513,WA,US,47.000289,-122.668286, , ,800-663-5633, ,1099,SemaCharge Network,0,4,0,4, ,J1772,https://semaconnect.com/,FREE, ,GPS
-13810363.7101,5835904.43800001,462,513,Adrift Hotel,147832,ELEC, , ,E,Public, , , ,2023/06/21 00:00:00+00,2023/06/21 00:00:00+00,2016/02/12 00:00:00+00,, ,409 Sid Snyder Dr.,Long Beach,98631,WA,US,46.345591,-124.060608, , ,800-663-5633, ,1320,SemaCharge Network,0,7,0,7, ,J1772,https://semaconnect.com/,$1.00-$3.00/Hr Variable Parking Fee, ,GPS
-13634549.2685,6228751.7248,463,514,SEHOME HS SEHOME HIGH #1,149119,ELEC, ,24 hours daily,E,Public, , , ,2023/08/07 00:00:00+00,2023/08/07 00:00:00+00,2019/11/13 00:00:00+00,, ,2700 Bill McDonald Pkwy,Bellingham,98225,WA,US,48.727512,-122.48124, , ,888-758-4389, ,USCPIL1958271,ChargePoint Network,0,2,0,2, ,J1772,http://www.chargepoint.com/, , ,GPS
-13043202.9902,5898124.73759999,464,515,TRANS SERVICES DANA WEST,149208,ELEC, ,24 hours daily,E,Public, , , ,2023/08/07 00:00:00+00,2023/08/07 00:00:00+00,2019/11/16 00:00:00+00,, ,305 NE Spokane Street,Pullman,99163,WA,US,46.730066,-117.169086, , ,888-758-4389, ,USCPIL1994881,ChargePoint Network,0,2,0,2, ,J1772,http://www.chargepoint.com/, , ,GPS
-13603910.8051,6074877.63260001,465,516,"Fred Meyer 457 - Bothell, WA",149281,ELEC, ,24 hours daily,E,Public, , , ,2023/08/07 00:00:00+00,2023/08/07 00:00:00+00,2019/11/20 00:00:00+00,, ,21045 Bothell Everett Hwy.,Bothell,98021,WA,US,47.80743,-122.20601, , ,833-632-2778, ,200203,Electrify America,0,1,3,4, ,"CHAdeMO, J1772, CCS",https://www.electrifyamerica.com/, , ,GPS
-13617944.6305999,6042220.2133,466,517,Union Square - Tesla Supercharger,149358,ELEC, ,6am-12am daily,E,Public, , , ,2023/07/01 00:00:00+00,2023/07/14 00:00:00+00,2019/09/30 00:00:00+00,, ,601 Union Street,Seattle,98101,WA,US,47.610024,-122.332078, , ,877-798-3752,P,6732,Tesla,0,0,10,10, ,Tesla,https://www.tesla.com/supercharger,"$0.28 per kWh; $0.26 per minute above 60 kW and $0.13 per minute at or below 60 kW", ,200-9
-13630869.8254,5983540.98390001,467,518,Yakima Garage,149439,ELEC, , ,E,Public, , , ,2023/06/21 00:00:00+00,2023/06/21 00:00:00+00,2018/11/14 00:00:00+00,, ,910 N Yakima Ave,Tacoma,98403,WA,US,47.253443,-122.448187, , ,800-663-5633, ,3155,SemaCharge Network,0,4,0,4, ,J1772,https://semaconnect.com/,FREE, ,GPS
-13602901.2486,6043684.6218,468,519,Hilton Garden Inn Bellevue,149501,ELEC, , ,E,Public, , , ,2023/06/21 00:00:00+00,2023/06/21 00:00:00+00,2016/06/16 00:00:00+00,, ,10777 Northeast 10th Street,Bellevue,98004,WA,US,47.618892,-122.196941, , ,800-663-5633, ,3974,SemaCharge Network,0,4,0,4, ,J1772,https://semaconnect.com/,FREE, ,GPS
-13617535.6428,6035833.91599999,469,520,Seattle City Light S Service,149609,ELEC, ,24 hours daily,E,Public, , , ,2023/08/07 00:00:00+00,2023/08/07 00:00:00+00,2019/11/27 00:00:00+00,, ,409 South Spokane Street,Seattle,98134,WA,US,47.571333,-122.328404, , ,855-900-7584, ,2161,SHELL_RECHARGE,0,2,2,4, ,"CHAdeMO, J1772, CCS",https://shellrecharge.com/en-us/solutions, , ,200-8
-13614400.9972999,6051121.1367,470,521,DUAL EV STATION 5,149757,ELEC, ,24 hours daily,T,Public, , , ,2023/08/07 00:00:00+00,2023/08/07 00:00:00+00,2019/12/06 00:00:00+00,2023/04/22 00:00:00+00, ,2520 NE University Village St,Seattle,98105,WA,US,47.663902,-122.300245, , ,888-758-4389, ,USCPIL2008921,ChargePoint Network,0,2,0,2, ,J1772,http://www.chargepoint.com/, , ,GPS
-13276588.1989,5811728.7869,471,522,Ridgeline Dr - Kennewick WA,149893,ELEC, ,24 hours daily,E,Public, , , ,2023/08/07 00:00:00+00,2023/08/07 00:00:00+00,2019/12/11 00:00:00+00,, ,10799 Ridgeline Dr.,Kennewick,99338,WA,US,46.195469,-119.265621, , ,855-900-7584, ,2194,SHELL_RECHARGE,0,0,2,2, ,"CHAdeMO, CCS",https://shellrecharge.com/en-us/solutions, , ,200-9
-13616413.6536999,6042819.1244,472,523,P1 Parking Level 1,149915,ELEC, , ,T,Public, , , ,2023/06/20 00:00:00+00,2023/06/20 00:00:00+00,2016/05/19 00:00:00+00,2022/09/09 00:00:00+00, ,1427 11th Avenue,Seattle,98122,WA,US,47.613651,-122.318325,On 10th Ave between Union and Pike Street next to 1420 10th Ave Seattle WA 98122, ,800-663-5633, ,2865,SemaCharge Network,0,4,0,4, ,J1772,https://semaconnect.com/,FREE, ,GPS
-13608644.3325001,5990849.99070001,473,524,The Outlet Collection - Tesla Supercharger,150184,ELEC,SHOPPING_MALL,24 hours daily,E,Public, , , ,2023/07/01 00:00:00+00,2023/07/14 00:00:00+00,2019/10/19 00:00:00+00,, ,1101 Outlet Collection Way,Auburn,98001,WA,US,47.29799,-122.248532, , ,877-798-3752,P,5455,Tesla,0,0,12,12, ,Tesla,https://www.tesla.com/supercharger,"$0.28 per kWh; $0.26 per minute above 60 kW and $0.13 per minute at or below 60 kW", ,GPS
-13549412.3446,6018806.4015,474,525,TA Petro - Tesla Supercharger,150235,ELEC,REST_STOP,24 hours daily,E,Public, , , ,2023/07/01 00:00:00+00,2023/07/14 00:00:00+00,2019/12/19 00:00:00+00,, ,46600 SE North Bend Way,North Bend,98045,WA,US,47.468033,-121.716442, , ,877-798-3752,P,11650,Tesla,0,0,8,8, ,Tesla,https://www.tesla.com/supercharger,"$0.28 per kWh; $0.26 per minute above 60 kW and $0.13 per minute at or below 60 kW", ,GPS
-13682623.8151,5946796.484,475,526,THURSTON COUNTY COURTHOUSE 1,150293,ELEC, ,24 hours daily,E,Public, , , ,2023/08/07 00:00:00+00,2023/08/07 00:00:00+00,2019/12/18 00:00:00+00,, ,County Courthouse,Olympia,98502,WA,US,47.028924,-122.913101, , ,888-758-4389, ,USCPIL2040101,ChargePoint Network,0,2,0,2, ,J1772,http://www.chargepoint.com/, , ,GPS
-13602745.624,6043007.2112,476,527,CCB CCB 1,150466,ELEC, ,24 hours daily,E,Public, , , ,2023/08/07 00:00:00+00,2023/08/07 00:00:00+00,2019/12/21 00:00:00+00,, ,500 108th Ave NE,Bellevue,98004,WA,US,47.61479,-122.195543, , ,888-758-4389, ,USCPIL2042281,ChargePoint Network,0,2,0,2, ,J1772,http://www.chargepoint.com/, , ,GPS
-13631683.9048,6146949.7755,477,528,Windermere Camano Island - Tesla Destination,150547,ELEC, , ,E,Public, , , ,2022/10/06 00:00:00+00,2023/01/18 00:00:00+00,2019/06/18 00:00:00+00,, ,818 N Sunrise Blvd,Camano,98282,WA,US,48.240444,-122.4555, , ,"360-387-4663, 877-798-3752",P,514432,Tesla Destination,0,4,0,4, ,"J1772, Tesla",https://www.tesla.com/destination-charging,Free, ,200-9
-13617923.3686,6042239.69749999,478,529,"Seattle, WA - Union Street (Wall Connector) - Tesla Destination",150555,ELEC, , ,E,Public, , , ,2022/10/06 00:00:00+00,2023/01/18 00:00:00+00,2019/07/25 00:00:00+00,, ,601 Union St,Seattle,98101,WA,US,47.610142,-122.331887, , ,"206-447-5664, 877-798-3752",P,514329,Tesla Destination,0,10,0,10, ,"J1772, Tesla",https://www.tesla.com/destination-charging,Free, ,200-9
-13405163.5688,5860056.50169999,479,530,Freehand Cellars - Tesla Destination,150557,ELEC, , ,E,Public, , , ,2022/10/06 00:00:00+00,2023/01/18 00:00:00+00,2019/07/29 00:00:00+00,, ,420 Windy Point Dr,Wapato,98951,WA,US,46.495156,-120.4206332, , ,"509-866-4664, 877-798-3752",P,514312,Tesla Destination,0,1,0,1, ,Tesla,https://www.tesla.com/destination-charging,Free, ,200-9
-13170227.3235,5782612.7298,480,531,Doubleback Winery - Tesla Destination,150664,ELEC, , ,E,Public, , , ,2022/10/06 00:00:00+00,2023/01/18 00:00:00+00,2019/06/12 00:00:00+00,, ,3853 Powerline Rd,Walla Walla,99362,WA,US,46.014123,-118.310165, , ,"509-525-3334, 877-798-3752",P,508128,Tesla Destination,0,1,0,1, ,Tesla,https://www.tesla.com/destination-charging,Free, ,200-9
-13649122.1031,6193559.08000001,481,532,Majestic Inn & Spa - Tesla Destination,150675,ELEC, , ,E,Public, , , ,2022/10/06 00:00:00+00,2023/01/18 00:00:00+00,2019/07/01 00:00:00+00,, ,419 Commercial Ave,Anacortes,98221,WA,US,48.51854,-122.61215, , ,"877-370-0100, 877-798-3752",P,512629,Tesla Destination,0,2,0,2, ,Tesla,https://www.tesla.com/destination-charging,Free, ,200-9
-13172468.4409,5791321.94900001,482,533,Whitman College - Tesla Destination,150681,ELEC, , ,E,Public, , , ,2022/10/06 00:00:00+00,2023/01/18 00:00:00+00,2019/05/03 00:00:00+00,, ,345 Boyer Ave,Walla Walla,99362,WA,US,46.0684299,-118.3302973, , ,"509-527-5111, 877-798-3752",P,512926,Tesla Destination,0,1,0,1, ,Tesla,https://www.tesla.com/destination-charging,Free, ,200-8
-13181411.9267,5783914.5537,483,534,A Room With a View - Tesla Destination,150709,ELEC, , ,E,Public, , , ,2022/10/06 00:00:00+00,2023/01/18 00:00:00+00,2019/07/17 00:00:00+00,, ,28 Roland Ct,Walla Walla,99362,WA,US,46.022244,-118.410638, , ,"509-529-1194, 877-798-3752",P,506930,Tesla Destination,0,1,0,1, ,Tesla,https://www.tesla.com/destination-charging,Free, ,200-9
-13605496.7739,5994557.54510001,484,535,"Walgreens at 1416 Harvey Rd, Auburn",151834,ELEC, ,"Mon 7:00am - 9:00pm; Tue 7:00am - 9:00pm; Wed 7:00am - 9:00pm; Thu 7:00am - 9:00pm; Fri 7:00am - 9:00pm; Sat 7:00am - 9:00pm; Sun 7:00am - 9:00pm",E,Public, ,False, ,2023/08/07 00:00:00+00,2023/08/07 00:00:00+00,2019/10/16 00:00:00+00,, ,1416 Harvey Rd,Auburn,98002,WA,US,47.3205725,-122.220257, , ,888-264-2208, ,b3cf86e7-41eb-416c-a6e8-8038446b103f,Volta,0,2,0,2, ,J1772,https://voltacharging.com/, , ,GPS
-13604681.8595,5990116.6301,485,536,"Walgreens at 1701 Auburn Way, Auburn",151835,ELEC, ,"Mon 7:00am - 10:59pm; Tue 7:00am - 10:59pm; Wed 7:00am - 10:59pm; Thu 7:00am - 10:59pm; Fri 7:00am - 10:59pm; Sat 7:00am - 10:59pm; Sun 7:00am - 10:59pm",E,Public, ,False, ,2023/08/07 00:00:00+00,2023/08/07 00:00:00+00,2019/10/16 00:00:00+00,, ,1701 Auburn Way S,Auburn,98002,WA,US,47.293522,-122.2129365, , ,888-264-2208, ,3ecdb2b6-f3a5-4e83-951f-d48e0b1c6123,Volta,0,2,0,2, ,J1772,https://voltacharging.com/, , ,GPS
-13610668.9,6078829.19300001,486,537,Kohl's Lynnwood,151836,ELEC, ,"Mon 7:00am - 9:00pm; Tue 7:00am - 9:00pm; Wed 7:00am - 9:00pm; Thu 7:00am - 9:00pm; Fri 7:00am - 9:00pm; Sat 7:00am - 9:00pm; Sun 7:00am - 9:00pm",E,Public, ,False, ,2023/08/07 00:00:00+00,2023/08/07 00:00:00+00,2017/11/27 00:00:00+00,, ,18405 Alderwood Mall Pkwy,Lynnwood,98037,WA,US,47.8312655,-122.266719, , ,888-264-2208, ,96054290-862a-4a0c-8356-4d1d7fa429fc,Volta,0,2,0,2, ,J1772,https://voltacharging.com/, , ,GPS
-13612582.6491,6077292.1536,487,538,Lynnwood Convention Center,151838,ELEC, ,"Mon 5:00am - 10:59pm; Tue 5:00am - 10:59pm; Wed 5:00am - 10:59pm; Thu 5:00am - 10:59pm; Fri 5:00am - 10:59pm; Sat 5:00am - 10:59pm; Sun 5:00am - 10:59pm",E,Public, ,False, ,2023/08/07 00:00:00+00,2023/08/07 00:00:00+00,2019/06/28 00:00:00+00,, ,3711 196Th St Sw,Lynnwood,98036,WA,US,47.8219955,-122.2839105, , ,888-264-2208, ,a2189f64-8931-4103-977e-70bb541a8dd6,Volta,0,4,0,4, ,J1772,https://voltacharging.com/, , ,GPS
-13619423.1761,6043726.0741,488,539,Walgreens #11856 Seattle WA,151839,ELEC, ,"Mon 6:00am - 9:00pm; Tue 6:00am - 9:00pm; Wed 6:00am - 9:00pm; Thu 6:00am - 9:00pm; Fri 6:00am - 9:00pm; Sat 6:00am - 9:00pm; Sun 6:00am - 9:00pm",E,Public, ,False, ,2023/08/07 00:00:00+00,2023/08/07 00:00:00+00,2019/10/31 00:00:00+00,, ,566 Denny Way,Seattle,98109,WA,US,47.619143,-122.34536, , ,888-264-2208, ,a4aa2afe-f93c-4d3d-9e48-1fc3e07dcc0a,Volta,0,1,0,1, ,J1772,https://voltacharging.com/, , ,GPS
-13613247.6935,6054218.49389999,489,540,Safeway 35th Ave NE,151840,ELEC, ,"Mon 5:00am - 10:59pm; Tue 5:00am - 10:59pm; Wed 5:00am - 10:59pm; Thu 5:00am - 10:59pm; Fri 5:00am - 10:59pm; Sat 5:00am - 10:59pm; Sun 5:00am - 10:59pm",E,Public, ,False, ,2023/08/07 00:00:00+00,2023/08/07 00:00:00+00,2019/10/31 00:00:00+00,, ,7340 35Th Ave Ne,Seattle,98115,WA,US,47.682637521,-122.289884696, , ,888-264-2208, ,cccbccf9-20af-4ad7-b911-cd67fff0f054,Volta,0,2,0,2, ,J1772,https://voltacharging.com/, , ,GPS
-13613675.9178,6091136.9825,490,541,"Walgreens at 10200 Mukilteo Speedway, Mukilteo",151858,ELEC, ,"Mon 7:00am - 9:00pm; Tue 7:00am - 9:00pm; Wed 7:00am - 9:00pm; Thu 7:00am - 9:00pm; Fri 7:00am - 9:00pm; Sat 7:00am - 9:00pm; Sun 7:00am - 9:00pm",E,Public, ,False, ,2023/08/07 00:00:00+00,2023/08/07 00:00:00+00,2019/11/01 00:00:00+00,, ,10200 Mukilteo Speedway,Mukilteo,98275,WA,US,47.905435,-122.2937315, , ,888-264-2208, ,f11917cd-4a11-4544-894f-757094ff9655,Volta,0,2,0,2, ,J1772,https://voltacharging.com/, , ,GPS
-13593444.7135,6000778.61480001,491,542,"Walgreens at 27130 172ND AVE SE, Covington",151860,ELEC, ,"Mon 7:00am - 9:00pm; Tue 7:00am - 9:00pm; Wed 7:00am - 9:00pm; Thu 7:00am - 9:00pm; Fri 7:00am - 9:00pm; Sat 7:00am - 9:00pm; Sun 7:00am - 9:00pm",E,Public, ,False, ,2023/08/07 00:00:00+00,2023/08/07 00:00:00+00,2019/11/01 00:00:00+00,, ,27130 172Nd Ave Se,Covington,98042,WA,US,47.358443,-122.1119915, , ,888-264-2208, ,76f6c071-10ed-47ee-a415-f1b300ff5288,Volta,0,2,0,2, ,J1772,https://voltacharging.com/, , ,GPS
-13619565.3868,6019221.55320001,492,543,"Walgreens at 14656 Ambaum Blvd, Burien",151861,ELEC, ,"Mon 5:00am - 10:59pm; Tue 5:00am - 10:59pm; Wed 5:00am - 10:59pm; Thu 5:00am - 10:59pm; Fri 5:00am - 10:59pm; Sat 5:00am - 10:59pm; Sun 5:00am - 10:59pm",E,Public, ,False, ,2023/08/07 00:00:00+00,2023/08/07 00:00:00+00,2019/11/01 00:00:00+00,, ,14656 Ambaum Blvd Sw,Burien,98166,WA,US,47.470554,-122.3466375, , ,888-264-2208, ,35879d1b-32c4-41c9-846f-20cc7499d038,Volta,0,1,0,1, ,J1772,https://voltacharging.com/, , ,GPS
-13614597.3649,5998272.1059,493,544,"Walgreens at 28817 Military Rd, Federal Way",151862,ELEC, ,"Mon 7:00am - 9:00pm; Tue 7:00am - 9:00pm; Wed 7:00am - 9:00pm; Thu 7:00am - 9:00pm; Fri 7:00am - 9:00pm; Sat 7:00am - 9:00pm; Sun 7:00am - 9:00pm",E,Public, ,False, ,2023/08/07 00:00:00+00,2023/08/07 00:00:00+00,2019/11/01 00:00:00+00,, ,28817 Military Rd,Federal Way,98003,WA,US,47.343188,-122.302009, , ,888-264-2208, ,fbc199b2-cb4b-419c-aa1a-b26875d6bd46,Volta,0,2,0,2, ,J1772,https://voltacharging.com/, , ,GPS
-13623463.6284,5990708.58250001,494,545,"Walgreens at 34008 Hoyt Rd, Federal Way",151863,ELEC, ,"Mon 7:00am - 11:01pm; Tue 7:00am - 11:00pm; Wed 7:00am - 11:00pm; Thu 7:00am - 11:00pm; Fri 7:00am - 11:00pm; Sat 7:00am - 11:00pm; Sun 7:00am - 11:00pm",E,Public, ,False, ,2023/08/07 00:00:00+00,2023/08/07 00:00:00+00,2019/11/01 00:00:00+00,, ,34008 Hoyt Rd Sw,Federal Way,98023,WA,US,47.2971285,-122.381656, , ,888-264-2208, ,227a3d8a-ee01-4c90-9a3c-882f5a4abf14,Volta,0,2,0,2, ,J1772,https://voltacharging.com/, , ,GPS
-13612778.3487,6019870.09269999,495,546,"Walgreens at 3716 S 144th St, Tukwila",151864,ELEC, ,"Mon 7:00am - 10:00pm; Tue 7:00am - 10:00pm; Wed 7:00am - 10:00pm; Thu 7:00am - 10:00pm; Fri 7:00am - 10:00pm; Sat 7:00am - 10:00pm; Sun 7:00am - 10:00pm",E,Public, ,False, ,2023/08/07 00:00:00+00,2023/08/07 00:00:00+00,2019/11/01 00:00:00+00,, ,3716 S 144Th St,Tukwila,98168,WA,US,47.474492,-122.2856685, , ,888-264-2208, ,34fa0b78-82dd-45f6-a99e-b9a79b0fea26,Volta,0,2,0,2, ,J1772,https://voltacharging.com/, , ,GPS
-13620803.4821,6044462.66920001,496,547,Safeway 516 1st Ave West,151877,ELEC, ,"Mon 5:00am - 10:59pm; Tue 5:00am - 10:59pm; Wed 5:00am - 10:59pm; Thu 5:00am - 10:59pm; Fri 5:00am - 10:59pm; Sat 5:00am - 10:59pm; Sun 5:00am - 10:59pm",E,Public, ,False, ,2023/08/07 00:00:00+00,2023/08/07 00:00:00+00,2019/11/01 00:00:00+00,, ,516 1St Ave,West Seattle,98119,WA,US,47.623603,-122.3577595, , ,888-264-2208, ,565e3b28-aa39-4465-b405-5086625074b0,Volta,0,2,0,2, ,J1772,https://voltacharging.com/, , ,GPS
-13086934.1843,6039079.54110001,497,548,TA Petro - Tesla Supercharger,151949,ELEC,SHOPPING_CENTER,24 hours daily,E,Public, , , ,2023/07/01 00:00:00+00,2023/07/14 00:00:00+00,2019/12/19 00:00:00+00,, ,10506 West Aero Road,Spokane,99224,WA,US,47.591,-117.56193, , ,877-798-3752,P,8017,Tesla,0,0,8,8, ,Tesla,https://www.tesla.com/supercharger,"$0.28 per kWh; $0.26 per minute above 60 kW and $0.13 per minute at or below 60 kW", ,GPS
-13602653.8967,6059046.1518,498,549,Emerson Apartments,152095,ELEC, , ,E,Public, , , ,2023/06/20 00:00:00+00,2023/06/20 00:00:00+00,2020/01/04 00:00:00+00,, ,11010 NE 124th Lane,Kirkland,98034,WA,US,47.711826,-122.194719,Tenants Only.||, ,888-998-2546, ,465ba1dd-d734-8158-93cc-330000478747,Blink Network,0,1,0,1, ,J1772,http://www.blinkcharging.com/,Free, ,GPS
-13632070.1835,6015510.2667,499,550,VASHON TWAY THRIFTWAY #1,152273,ELEC, ,24 hours daily,E,Public, , , ,2023/08/07 00:00:00+00,2023/08/07 00:00:00+00,2020/01/08 00:00:00+00,, ,9740 SW Bank Rd,Vashon,98070,WA,US,47.448013,-122.45897, , ,888-758-4389, ,USCPIL2060831,ChargePoint Network,0,2,0,2, ,J1772,http://www.chargepoint.com/, , ,GPS
-13597251.4505,6043328.7351,500,551,Highland Village Apartments,152374,ELEC, , ,E,Public, , , ,2023/06/21 00:00:00+00,2023/06/21 00:00:00+00,2020/01/11 00:00:00+00,, ,14526 NE 7th Place,Bellevue,98007,WA,US,47.616737,-122.146188, , ,888-998-2546, ,465ba1dd-d734-8158-93cc-330000465653,Blink Network,0,2,0,2, ,J1772,http://www.blinkcharging.com/,Free, ,GPS
-13617081.9046,6030986.3147,501,552,DC CORRIDOR SSC GEORGETOWN,152574,ELEC, ,24 hours daily,T,Public, , , ,2023/08/07 00:00:00+00,2023/08/07 00:00:00+00,2020/01/22 00:00:00+00,2023/05/06 00:00:00+00, ,6701 Corson Ave S,Seattle,98108,WA,US,47.541945,-122.324328, , ,888-758-4389, ,USCPIL158681,ChargePoint Network,0,0,1,1, ,"CHAdeMO, CCS",http://www.chargepoint.com/, , ,GPS
-13281551.601,5958986.58959999,502,553,Lep Re Kon Harvest Foods - Tesla Supercharger,152629,ELEC,SHOPPING_CENTER,24 hours daily,E,Public, , , ,2023/07/01 00:00:00+00,2023/07/14 00:00:00+00,2020/01/20 00:00:00+00,, ,2709 West Broadway Avenue,Moses Lake,98837,WA,US,47.103514,-119.310208, , ,877-798-3752,P,8760,Tesla,0,0,12,12, ,Tesla,https://www.tesla.com/supercharger,"$0.28 per kWh; $0.26 per minute above 60 kW and $0.13 per minute at or below 60 kW", ,GPS
-13609823.3543,6017478.13750001,503,554,Westfield Southcenter Mall,152712,ELEC, ,"Mon 5:00am - 10:59pm; Tue 5:00am - 10:59pm; Wed 5:00am - 10:59pm; Thu 5:00am - 10:59pm; Fri 5:00am - 10:59pm; Sat 5:00am - 10:59pm; Sun 5:00am - 10:59pm",E,Public, ,False, ,2023/08/07 00:00:00+00,2023/08/07 00:00:00+00,2020/01/20 00:00:00+00,, ,500 Southcenter Mall,Tukwila,98188,WA,US,47.459966333,-122.259123333, , ,888-264-2208, ,6fc18789-b010-459b-afb3-267c1f8d3db8,Volta,0,3,0,3, ,J1772,https://voltacharging.com/, , ,GPS
-13611161.8784,6078445.07320001,504,555,Alderwood Mall Macy's,152713,ELEC, ,"Mon 5:00am - 10:59pm; Tue 5:00am - 10:59pm; Wed 5:00am - 10:59pm; Thu 5:00am - 10:59pm; Fri 5:00am - 10:59pm; Sat 5:00am - 10:59pm; Sun 5:00am - 10:59pm",E,Public, ,False, ,2023/08/07 00:00:00+00,2023/08/07 00:00:00+00,2020/01/20 00:00:00+00,, ,3000 184Th St Sw,Lynnwood,98037,WA,US,47.828949,-122.2711475, , ,888-264-2208, ,09251464-e9c4-41e9-a631-d7091f9dd593,Volta,0,2,0,2, ,J1772,https://voltacharging.com/, , ,GPS
-13611038.5642,6078805.2731,505,556,Alderwood Mall PF Chang's,152714,ELEC, ,"Mon 5:00am - 10:59pm; Tue 5:00am - 10:59pm; Wed 5:00am - 10:59pm; Thu 5:00am - 10:59pm; Fri 5:00am - 10:59pm; Sat 5:00am - 10:59pm; Sun 5:00am - 10:59pm",E,Public, ,False, ,2023/08/07 00:00:00+00,2023/08/07 00:00:00+00,2020/01/20 00:00:00+00,, ,3000 184Th St Sw,Lynnwood,98037,WA,US,47.83112125,-122.27003975, , ,888-264-2208, ,59a06afa-9f6c-436d-a110-4670003c9fb0,Volta,0,4,0,4, ,J1772,https://voltacharging.com/, , ,GPS
-13611622.7967999,6078318.22540001,506,557,Alderwood Mall Jamba Juice DCFC,152715,ELEC, ,"Mon 5:00am - 10:59pm; Tue 5:00am - 10:59pm; Wed 5:00am - 10:59pm; Thu 5:00am - 10:59pm; Fri 5:00am - 10:59pm; Sat 5:00am - 10:59pm; Sun 5:00am - 10:59pm",E,Public, ,False, ,2023/08/07 00:00:00+00,2023/08/07 00:00:00+00,2020/01/20 00:00:00+00,, ,3000 184Th St Sw,Lynnwood,98037,WA,US,47.828184,-122.275288, , ,888-264-2208, ,8e09b321-5d56-4f3a-ad4e-a3a248d07fed,Volta,0,0,1,1, ,CCS,https://voltacharging.com/, , ,GPS
-13659072.0061,5750708.4791,507,558,Rosauers - Ridgefield,152745,ELEC, ,"Mon 5:00am - 10:59pm; Tue 5:00am - 10:59pm; Wed 5:00am - 10:59pm; Thu 5:00am - 10:59pm; Fri 5:00am - 10:59pm; Sat 5:00am - 10:59pm; Sun 5:00am - 10:59pm",E,Public, ,False, ,2023/08/07 00:00:00+00,2023/08/07 00:00:00+00,2019/12/30 00:00:00+00,, ,101 S. 47th Avenue,Ridgefield,98642,WA,US,45.814726,-122.7015315, , ,888-264-2208, ,f5252863-3f05-47ab-958a-1f181fb199c6,Volta,0,2,0,2, ,J1772,https://voltacharging.com/, , ,GPS
-13626046.7971,6053915.32699999,508,559,Port of Seattle - Shilshole Bay Marina North Lot,152996,ELEC, , ,E,Public, , , ,2023/06/21 00:00:00+00,2023/06/21 00:00:00+00,2019/04/03 00:00:00+00,, ,"7001 Seaview Ave, NW #100",Seattle,98117,WA,US,47.680804,-122.404861, , ,800-663-5633, ,4136,SemaCharge Network,0,4,0,4, ,J1772,https://semaconnect.com/,$1.25-$3.50/Hr Variable Parking Fee, ,GPS
-13604135.0025,6099327.9851,509,560,EVERETT YMCA EVERETT YMCA #3,153061,ELEC, ,24 hours daily,E,Public, , , ,2023/08/07 00:00:00+00,2023/08/07 00:00:00+00,2020/01/25 00:00:00+00,, ,4730 Colby Ave,Everett,98203,WA,US,47.954737,-122.208024, , ,888-758-4389, ,USCPIL2005421,ChargePoint Network,0,2,0,2, ,J1772,http://www.chargepoint.com/, , ,GPS
-13598167.6099,6057888.9605,510,561,OCULUS VR WILLOWS STN 1,153224,ELEC, ,24 hours daily,E,Public, , , ,2023/08/07 00:00:00+00,2023/08/07 00:00:00+00,2020/02/01 00:00:00+00,, ,11601 Willows Rd NE,Redmond,98052,WA,US,47.704831,-122.154418, , ,888-758-4389, ,USCPIL2086161,ChargePoint Network,0,2,0,2, ,J1772,http://www.chargepoint.com/, , ,GPS
-13655303.5631,6264321.564,511,562,Birch Bay Square - Tesla Supercharger,153456,ELEC, ,24 hours daily,E,Public, , , ,2023/07/01 00:00:00+00,2023/07/14 00:00:00+00,2020/01/31 00:00:00+00,, ,8115 Birch Bay Square,Blaine,98230,WA,US,48.937845,-122.667679, , ,877-798-3752,P,7062,Tesla,0,0,14,14, ,Tesla,https://www.tesla.com/supercharger,"$0.28 per kWh; $0.26 per minute above 60 kW and $0.13 per minute at or below 60 kW", ,GPS
-13680604.7022001,5947925.54599999,512,563,CAPITAL GATEWAY STATION 7,153586,ELEC, ,24 hours daily,E,Public, , , ,2023/08/07 00:00:00+00,2023/08/07 00:00:00+00,2020/02/11 00:00:00+00,, ,505 14th Ave SE,Olympia,98501,WA,US,47.035837,-122.894963, , ,888-758-4389, ,USCPIL2102611,ChargePoint Network,0,1,0,1, ,J1772,http://www.chargepoint.com/, , ,GPS
-13175421.9362,5787722.2154,513,564,Hampton Inn and Suites,153928,ELEC, , ,E,Public, , , ,2023/06/21 00:00:00+00,2023/06/21 00:00:00+00,2019/07/22 00:00:00+00,, ,1531 Kelly Place,Walla Walla,99362,WA,US,46.04599,-118.356829, , ,800-663-5633, ,4276,SemaCharge Network,0,2,0,2, ,J1772,https://semaconnect.com/,FREE, ,GPS
-13602509.2927,6043707.4123,514,565,BELLEVUE 110TH & 10TH,154094,ELEC, ,24 hours daily,E,Public, , , ,2023/08/07 00:00:00+00,2023/08/07 00:00:00+00,2020/02/27 00:00:00+00,, ,938 110th Ave NE,Bellevue,98004,WA,US,47.61903,-122.19342, , ,888-758-4389, ,USCPIL2115451,ChargePoint Network,0,1,0,1, ,J1772,http://www.chargepoint.com/, , ,GPS
-13594587.7977,6043392.97529999,515,566,BELLEVUE X-ROADS PARK 2,154096,ELEC, ,24 hours daily,E,Public, , , ,2023/08/07 00:00:00+00,2023/08/07 00:00:00+00,2020/02/27 00:00:00+00,, ,16256 NE 8th St,Bellevue,98008,WA,US,47.617126,-122.12226, , ,888-758-4389, ,USCPIL2110541,ChargePoint Network,0,2,0,2, ,J1772,http://www.chargepoint.com/, , ,GPS
-13654823.4421,5721167.4611,516,567,CPU EC 2,154099,ELEC, ,24 hours daily,E,Public, , , ,2023/08/07 00:00:00+00,2023/08/07 00:00:00+00,2020/02/27 00:00:00+00,, ,1200 Fort Vancouver Way Southside Public Park,Vancouver,98663,WA,US,45.62946,-122.663366, , ,888-758-4389, ,USCPIL1953271,ChargePoint Network,0,1,0,1, ,J1772,http://www.chargepoint.com/, , ,GPS
-13605749.8031,5996129.455,517,568,HINSHAWSHONDA SHOP 01,154101,ELEC, ,24 hours daily,E,Public, , , ,2023/08/07 00:00:00+00,2023/08/07 00:00:00+00,2020/02/27 00:00:00+00,, ,2605 Auburn Way N,Auburn,98002,WA,US,47.330144,-122.22253, , ,888-758-4389, ,USCPIL818361,ChargePoint Network,0,1,0,1, ,J1772,http://www.chargepoint.com/, , ,GPS
-13681443.9399,5950388.4963,518,569,PORT OF OLYMPIA EAST,154184,ELEC, ,24 hours daily,E,Public, , , ,2023/08/07 00:00:00+00,2023/08/07 00:00:00+00,2020/02/29 00:00:00+00,, ,700 Capitol Way N,Olympia,98501,WA,US,47.050914,-122.902502, , ,888-758-4389, ,USCPIL2110301,ChargePoint Network,0,2,0,2, ,J1772,http://www.chargepoint.com/, , ,GPS
-13680619.5077,5947925.87259999,519,570,CAPITAL GATEWAY STATION 5,154307,ELEC, ,24 hours daily,E,Public, , , ,2023/08/07 00:00:00+00,2023/08/07 00:00:00+00,2020/03/05 00:00:00+00,, ,1 14th Ave SE,Olympia,98501,WA,US,47.035839,-122.895096, , ,888-758-4389, ,USCPIL2102601,ChargePoint Network,0,1,0,1, ,J1772,http://www.chargepoint.com/, , ,GPS
-13642632.622,5719225.57920001,520,571,531009 : Vancouver Police Department Headquarters,154446,ELEC, , ,T,Public, , , ,2023/06/20 00:00:00+00,2023/06/20 00:00:00+00,2018/10/04 00:00:00+00,2023/02/27 00:00:00+00, ,521 Southeast Chkalov Drive,Vancouver,98683,WA,US,45.61726,-122.553854, , ,800-663-5633, ,2700,SemaCharge Network,0,8,0,8, ,J1772,https://semaconnect.com/,$0.25/kWh Energy Fee, ,GPS
-13654831.9024,5721259.1538,521,572,CPU EC 3 ADA,154485,ELEC, ,24 hours daily,E,Public, , , ,2023/08/07 00:00:00+00,2023/08/07 00:00:00+00,2020/03/14 00:00:00+00,, ,1200 Fort Vancouver Way Covered Walkway Parki,Vancouver,98663,WA,US,45.630036,-122.663442, , ,888-758-4389, ,USCPIL1969071,ChargePoint Network,0,1,0,1, ,J1772,http://www.chargepoint.com/, , ,GPS
-13640334.9320999,5719324.4935,522,573,"Walgreens 13503 SE MILL PLAIN,  VANCOUVER",154673,ELEC, ,"Mon 8:00am - 8:00pm; Tue 8:00am - 8:00pm; Wed 8:00am - 8:00pm; Thu 8:00am - 8:00pm; Fri 8:00am - 8:00pm; Sat 8:00am - 8:00pm; Sun 8:00am - 8:00pm",E,Public, ,False, ,2023/08/07 00:00:00+00,2023/08/07 00:00:00+00,2020/03/13 00:00:00+00,, ,13503 Se Mill Plain,Vancouver,98684,WA,US,45.6178815,-122.5332135, , ,888-264-2208, ,facfdd83-4f6f-4fe2-8bbd-fa235819fe41,Volta,0,2,0,2, ,J1772,https://voltacharging.com/, , ,GPS
-13685089.3192,5934395.73650001,523,574,Pilot Travel Center - Tesla Supercharger,154791,ELEC,TRUCK_STOP,24 hours daily,E,Public, , , ,2023/07/01 00:00:00+00,2023/07/14 00:00:00+00,2020/03/27 00:00:00+00,, ,2430 93rd Avenue Southwest,Tumwater,98512,WA,US,46.952938,-122.935249, , ,877-798-3752,P,6377,Tesla,0,0,8,8, ,Tesla,https://www.tesla.com/supercharger,"$0.28 per kWh; $0.26 per minute above 60 kW and $0.13 per minute at or below 60 kW", ,GPS
-13645936.8072,5725963.9694,524,575,Vancouver Mall - Tesla Supercharger,154794,ELEC,SHOPPING_MALL,24 hours daily,E,Public, , , ,2023/07/01 00:00:00+00,2023/07/14 00:00:00+00,2020/03/27 00:00:00+00,, ,8700 NE Vancouver Mall Drive,Vancouver,98662,WA,US,45.659583,-122.583536, , ,877-798-3752,P,9356,Tesla,0,0,8,8, ,Tesla,https://www.tesla.com/supercharger,"$0.28 per kWh; $0.26 per minute above 60 kW and $0.13 per minute at or below 60 kW", ,GPS
-13683457.3755,5946578.626,525,576,Office Park,155129,ELEC, , ,E,Public, , , ,2023/06/21 00:00:00+00,2023/06/21 00:00:00+00,2020/04/02 00:00:00+00,, ,2404 Heritage Court SW,Olympia,98502,WA,US,47.02759,-122.920589,.||, ,888-998-2546, ,465ba1dd-d734-8158-93cc-330000312616,Blink Network,0,3,0,3, ,J1772,http://www.blinkcharging.com/,Free, ,GPS
-13846501.1337,6097364.1708,526,577,Dew Drop Inn - Tesla Supercharger,155169,ELEC,INN,24 hours daily,E,Public, , , ,2023/07/01 00:00:00+00,2023/07/14 00:00:00+00,2020/04/03 00:00:00+00,, ,100 Fern Hill Road,Forks,98331,WA,US,47.942921,-124.385236, , ,877-798-3752,P,8550,Tesla,0,0,8,8, ,Tesla,https://www.tesla.com/supercharger,"$0.28 per kWh; $0.26 per minute above 60 kW and $0.13 per minute at or below 60 kW", ,GPS
-13607269.3141,6004864.356,527,578,"BOA 5-119 Kent, WA",155325,ELEC, ,24 hours daily,E,Public, , , ,2023/08/07 00:00:00+00,2023/08/07 00:00:00+00,2020/04/11 00:00:00+00,, ,"311 4th. Ave. N. Kent, Washington 98032",Kent,98032,WA,US,47.3833,-122.23618, , ,833-632-2778, ,200208,Electrify America,0,1,3,4, ,"CHAdeMO, J1772, CCS",https://www.electrifyamerica.com/, , ,GPS
-13618677.1129,6044559.1249,528,579,Bigness,155334,ELEC, , ,E,Public, , , ,2023/06/20 00:00:00+00,2023/06/20 00:00:00+00,2020/04/14 00:00:00+00,, ,515 Westlake Avenue North,Seattle,98109,WA,US,47.624187,-122.338658, , ,800-663-5633, ,4394,SemaCharge Network,0,3,0,3, ,J1772,https://semaconnect.com/,FREE, ,GPS
-13617058.1935,6041219.47879999,529,580,531619 : Apollo Eight LLC,155337,ELEC, , ,E,Public, , , ,2023/06/21 00:00:00+00,2023/06/21 00:00:00+00,2020/04/14 00:00:00+00,, ,325 9th Avenue,Seattle,98104,WA,US,47.603963,-122.324115, , ,800-663-5633, ,4391,SemaCharge Network,0,6,0,6, ,J1772,https://semaconnect.com/,FREE, ,GPS
-13086875.0736,6047589.4389,530,581,STCU Airway Heights,155375,ELEC, , ,E,Public, , , ,2023/08/07 00:00:00+00,2023/08/07 00:00:00+00,2020/04/10 00:00:00+00,, ,10811 W ST RT 2 HWY,Airway Heights,99001,WA,US,47.642531,-117.561399, , ,866-816-7584, ,d650e3ea-8962-43e8-882c-39f1c53f78e1,EV Connect,0,2,0,2, ,J1772,http://evconnect.com/, , ,GPS
-13100282.2818,6035879.9506,531,582,Sunwest Automotive Engine Inc,155376,ELEC, , ,E,Public, , , ,2023/08/07 00:00:00+00,2023/08/07 00:00:00+00,2020/04/10 00:00:00+00,, ,210 S Broad St,Medical Lake,99022,WA,US,47.571612,-117.681838, , ,866-816-7584, ,bb1439df-edb3-46fe-83d8-eba42b5f68b1,EV Connect,0,2,0,2, ,J1772,http://evconnect.com/, , ,GPS
-13619414.6045,6042571.9261,532,583,PA PA CHARGER,155465,ELEC, ,24 hours daily,E,Public, , , ,2023/08/07 00:00:00+00,2023/08/07 00:00:00+00,2020/04/21 00:00:00+00,, ,2125 1st Ave,Seattle,98121,WA,US,47.612154,-122.345283, , ,888-758-4389, ,USCPIL2090061,ChargePoint Network,0,2,0,2, ,J1772,http://www.chargepoint.com/, , ,GPS
-13595126.918,6043719.46809999,533,584,BELLEVUE X-ROADS CC,155534,ELEC, ,24 hours daily,E,Public, , , ,2023/08/07 00:00:00+00,2023/08/07 00:00:00+00,2020/04/23 00:00:00+00,, ,16000 NE 10th St,Bellevue,98008,WA,US,47.619103,-122.127103, , ,888-758-4389, ,USCPIL2111981,ChargePoint Network,0,2,0,2, ,J1772,http://www.chargepoint.com/, , ,GPS
-13594611.8427,6043573.643,534,585,BELLEVUE X-ROADS PARK 1,155535,ELEC, ,24 hours daily,E,Public, , , ,2023/08/07 00:00:00+00,2023/08/07 00:00:00+00,2020/04/23 00:00:00+00,, ,999 164th Ave NE,Bellevue,98008,WA,US,47.61822,-122.122476, , ,888-758-4389, ,USCPIL2110531,ChargePoint Network,0,2,0,2, ,J1772,http://www.chargepoint.com/, , ,GPS
-13613733.4143,6075325.1601,535,586,HUDSON NRTHVIEW STATION 3,156212,ELEC, ,24 hours daily,E,Public, , , ,2023/08/07 00:00:00+00,2023/08/07 00:00:00+00,2020/05/12 00:00:00+00,, ,20800 44th Ave W,Lynnwood,98036,WA,US,47.81013,-122.294248, , ,888-758-4389, ,USCPIL2938081,ChargePoint Network,0,2,0,2, ,J1772,http://www.chargepoint.com/, , ,GPS
-13613855.3091,6075419.64109999,536,587,HUDSON NRTHVIEW STATION 1,156213,ELEC, ,24 hours daily,E,Public, , , ,2023/08/07 00:00:00+00,2023/08/07 00:00:00+00,2020/05/12 00:00:00+00,, ,20816 44th Ave W,Lynnwood,98036,WA,US,47.8107,-122.295343, , ,888-758-4389, ,USCPIL2667681,ChargePoint Network,0,2,0,2, ,J1772,http://www.chargepoint.com/, , ,GPS
-13334907.2556,5815674.09420001,537,588,Prosser,156215,ELEC, ,24 hours daily,E,Public, , , ,2023/08/07 00:00:00+00,2023/08/07 00:00:00+00,2020/05/12 00:00:00+00,, ,40 Merlot Drive,Prosser,99350,WA,US,46.219996,-119.78951, , ,855-900-7584, ,2474,SHELL_RECHARGE,0,0,1,1, ,"CHAdeMO, CCS",https://shellrecharge.com/en-us/solutions, , ,GPS
-13278365.1919,5963077.09590001,538,589,EN Moses Lake,156236,ELEC, ,24 hours daily,E,Public, , , ,2023/08/07 00:00:00+00,2023/08/07 00:00:00+00,2020/05/13 00:00:00+00,, ,312 W Third Ave.,Moses Lake,98837,WA,US,47.12852,-119.281584, , ,855-900-7584, ,2284,SHELL_RECHARGE,0,0,1,1, ,"CHAdeMO, CCS",https://shellrecharge.com/en-us/solutions, , ,GPS
-13617732.1217,6043448.46339999,539,590,Metpark North Garage,156472,ELEC, , ,E,Public, , , ,2023/06/21 00:00:00+00,2023/06/21 00:00:00+00,2020/03/25 00:00:00+00,, ,1220 Howell Street,Seattle,98101,WA,US,47.617462,-122.330169, , ,800-663-5633, ,4492,SemaCharge Network,0,3,0,3, ,J1772,https://semaconnect.com/,$0.00-$5.00/Hr Variable Parking Fee, ,GPS
-13646074.398,5994142.6701,540,591,Best Western - Wesley Inn & Suites,158634,ELEC,HOTEL,"24 hours daily; for guest use only; see front desk for access",E,Public, ,True, ,2022/08/10 00:00:00+00,2023/02/14 00:00:00+00,2020/06/05 00:00:00+00,, ,6575 Kimball Dr,Gig Harbor,98335,WA,US,47.318046,-122.584772, , ,253-858-9690,P, ,Non-Networked,0,1,0,1, ,J1772, ,Free, ,GPS
-13650499.7931,6034604.7684,541,592,Kitsap Transit - Harborside Parking Garage,158635,ELEC,PARKING_GARAGE,24 hours daily,E,Public, ,False, ,2022/08/10 00:00:00+00,2023/02/14 00:00:00+00,2020/06/05 00:00:00+00,, ,100 Washinton Ave,Bremerton,98337,WA,US,47.563883,-122.624526, , ,360-377-2877,P, ,Non-Networked,0,4,0,4, ,J1772, ,Free, ,GPS
-13648965.4765,6193429.3383,542,593,Anacortes Public Parking,158636,ELEC,PARKING_GARAGE,24 hours daily,E,Public, ,False, ,2022/08/10 00:00:00+00,2023/02/14 00:00:00+00,2020/06/05 00:00:00+00,, ,559 Q Ave,Anacortes,98221,WA,US,48.517768,-122.610743, , ,360-293-1900,P, ,Non-Networked,0,1,0,1, ,J1772, ,"$0.10 per kWh; parking fee", ,GPS
-13681002.1128,5803336.69250001,543,594,Panera Bread - Tesla Supercharger,158651,ELEC,RESTAURANT,24 hours daily,E,Public, , , ,2023/07/01 00:00:00+00,2023/07/14 00:00:00+00,2020/06/11 00:00:00+00,, ,207 Three Rivers Drive,Kelso,98626,WA,US,46.143261,-122.898533, , ,877-798-3752,P,11117,Tesla,0,0,12,12, ,Tesla,https://www.tesla.com/supercharger,"$0.28 per kWh; $0.26 per minute above 60 kW and $0.13 per minute at or below 60 kW", ,GPS
-13602488.6986,6042456.6684,544,595,ATRIUM GARAGE ATRIUM GARAGE,162808,ELEC, ,24 hours daily,E,Public, , , ,2023/08/06 00:00:00+00,2023/08/06 00:00:00+00,2020/06/12 00:00:00+00,, ,110 110th Ave NE,Bellevue,98004,WA,US,47.611456,-122.193235, , ,888-758-4389, ,USCPIL94025,ChargePoint Network,0,2,0,2, ,J1772,http://www.chargepoint.com/, , ,GPS
-13601825.9023,6040525.09239999,545,596,BELLEFIELD MADRONA 1,162810,ELEC, ,24 hours daily,E,Public, , , ,2023/08/06 00:00:00+00,2023/08/06 00:00:00+00,2020/06/12 00:00:00+00,, ,1300 114th Ave SE,Bellevue,98004,WA,US,47.599757,-122.187281, , ,888-758-4389, ,USCPIL93717,ChargePoint Network,0,2,0,2, ,J1772,http://www.chargepoint.com/, , ,GPS
-13615747.8518,6066505.86410001,546,597,SWD STATION  1 NORTH CITY #1,162814,ELEC, ,24 hours daily,E,Public, , , ,2023/08/06 00:00:00+00,2023/08/06 00:00:00+00,2020/06/12 00:00:00+00,, ,1519 NE 177th St,Shoreline,98155,WA,US,47.756896,-122.312344, , ,888-758-4389, ,USCPIL91049,ChargePoint Network,0,2,0,2, ,J1772,http://www.chargepoint.com/, , ,GPS
-13618606.759,6043862.6532,547,598,202 WESTLAKE P1 STATION 01,162817,ELEC, ,24 hours daily,T,Public, , , ,2023/08/06 00:00:00+00,2023/08/06 00:00:00+00,2020/06/12 00:00:00+00,2022/09/09 00:00:00+00, ,200 Westlake Ave N,Seattle,98109,WA,US,47.61997,-122.338026, , ,888-758-4389, ,USCPIL86491,ChargePoint Network,0,2,0,2, ,J1772,http://www.chargepoint.com/, , ,GPS
-13633885.9157,5979192.9872,548,599,SWWA JATC TRAINING CTR #1,162836,ELEC, ,"24 hours daily; Drivers must bring their own J1772 cordset for Level 1 charging",T,Public, , , ,2023/08/06 00:00:00+00,2023/08/06 00:00:00+00,2020/06/12 00:00:00+00,2022/09/09 00:00:00+00, ,3001 S 36th St,Tacoma,98409,WA,US,47.226925,-122.475281, , ,888-758-4389, ,USCPIL9774,ChargePoint Network,1,1,0,1, ,"J1772, NEMA 5-15",http://www.chargepoint.com/, , ,GPS
-13618103.3722,6173516.7613,549,600,NW WA JATC CARPORT #1,162841,ELEC, ,"24 hours daily; Drivers must bring their own J1772 cordset for Level 1 charging",T,Public, , , ,2023/08/06 00:00:00+00,2023/08/06 00:00:00+00,2020/06/12 00:00:00+00,2022/09/09 00:00:00+00, ,306 Anderson Rd,Mt Vernon,98273,WA,US,48.399143,-122.333504, , ,888-758-4389, ,USCPIL7459,ChargePoint Network,1,1,0,1, ,"J1772, NEMA 5-15",http://www.chargepoint.com/, , ,GPS
-13647035.9758,5724425.0415,550,601,"Cafaro VANCOUVER PLAZA (Vancouver, WA)",163338,ELEC, ,24 hours daily,E,Public, , , ,2023/08/07 00:00:00+00,2023/08/07 00:00:00+00,2020/06/13 00:00:00+00,, ,7809 NE Vancouver Plaza Dr,Vancouver,98663,WA,US,45.64992,-122.59341, , ,833-632-2778, ,210214,Electrify America,0,0,4,4, ,"CHAdeMO, CCS",https://www.electrifyamerica.com/, , ,GPS
-13681297.5547,5947841.9188,551,602,MOTORPOOL VISITOR CTR 2,163519,ELEC, ,24 hours daily,T,Public, , , ,2023/08/07 00:00:00+00,2023/08/07 00:00:00+00,2020/06/20 00:00:00+00,2023/05/11 00:00:00+00, ,103 Sid Snyder Ave SW,Olympia,98501,WA,US,47.035325,-122.901187, , ,888-758-4389, ,USCPIL5351951,ChargePoint Network,0,2,0,2, ,J1772,http://www.chargepoint.com/, , ,GPS
-13125189.4612,6198089.8509,552,603,City of Colville,163521,ELEC, ,24 hours daily,E,Public, , , ,2023/08/07 00:00:00+00,2023/08/07 00:00:00+00,2020/06/20 00:00:00+00,, ,202 N Main,Colville,99114,WA,US,48.545492,-117.905583, , ,855-900-7584, ,1174,SHELL_RECHARGE,0,2,0,2, ,J1772,https://shellrecharge.com/en-us/solutions, , ,200-9
-13602608.9236,6021351.47449999,553,604,Best Western Plus Renton Inn,163536,ELEC, , ,E,Public, , , ,2023/06/20 00:00:00+00,2023/06/20 00:00:00+00,2020/06/23 00:00:00+00,, ,1850 Maple Valley Highway,Renton,98057,WA,US,47.483486,-122.194315,Parking Lot||, ,888-998-2546, ,465ba1dd-d734-8158-93cc-330000505976,Blink Network,0,1,0,1, ,J1772,http://www.blinkcharging.com/,Free, ,GPS
-13681079.5912,5948318.37560001,554,605,MOTORPOOL PRO ARTS 1,163684,ELEC, ,24 hours daily,E,Public, , , ,2023/08/07 00:00:00+00,2023/08/07 00:00:00+00,2020/06/28 00:00:00+00,, ,208 11th Ave SE,Olympia,98501,WA,US,47.038242,-122.899229, , ,888-758-4389, ,USCPIL5161031,ChargePoint Network,0,2,0,2, ,J1772,http://www.chargepoint.com/, , ,GPS
-13642033.0553,6041428.00379999,555,606,CIBO POINT WHITE DR,163737,ELEC, ,24 hours daily,E,Public, , , ,2023/08/07 00:00:00+00,2023/08/07 00:00:00+00,2020/07/01 00:00:00+00,, ,4569 Point White Dr. NE,Bainbridge Island,98110,WA,US,47.605226,-122.548468, , ,888-758-4389, ,USCPIL2357901,ChargePoint Network,0,2,0,2, ,J1772,http://www.chargepoint.com/, , ,GPS
-13650775.4201,6041059.1673,556,607,Bremerton DCYF,163967,ELEC, , ,E,Public, , , ,2023/08/07 00:00:00+00,2023/08/07 00:00:00+00,2020/06/26 00:00:00+00,, ,4210 Wheaton Way Suite 101,Bremerton,98335,WA,US,47.602992,-122.627002, , ,866-816-7584, ,bcbde4fb-d71e-4c49-ac68-eaec2bcba96c,EV Connect,0,2,0,2, ,J1772,http://evconnect.com/, , ,GPS
-13063771.6039,6071484.14230001,557,608,Mead Chevron,163972,ELEC, , ,E,Public, , , ,2023/08/07 00:00:00+00,2023/08/07 00:00:00+00,2020/06/26 00:00:00+00,, ,3812 E Highland Rd,Mead,99021,WA,US,47.786952,-117.353857, , ,866-816-7584, ,0c588e15-15e5-407a-b5bc-cc518fced4d9,EV Connect,0,2,0,2, ,J1772,http://evconnect.com/, , ,GPS
-13395056.1105,6007059.1472,558,609,Dry Gulch Trailhead,163989,ELEC,PARK,24 hours daily,E,Public,CREDIT_CARD_ALWAYS,False,"American Express, Discover, Debit, MasterCard, Visa",2022/08/10 00:00:00+00,2023/02/14 00:00:00+00,2020/07/02 00:00:00+00,, ,Dry Gulch Rd,Wenatchee,98801,WA,US,47.3966479236055,-120.329836357, , ,509-667-9708,P, ,Non-Networked,0,1,0,1, ,J1772, , , ,GPS
-13393079.2592,6012130.1507,559,610,Wenatchee Convention Center,163990,ELEC,CONVENTION_CENTER,6am-10pm daily,E,Public,CREDIT_CARD_ALWAYS,False,"American Express, Discover, Debit, MasterCard, Visa",2022/08/10 00:00:00+00,2023/02/14 00:00:00+00,2020/07/02 00:00:00+00,, ,121 N Wenatchee Ave,Wenatchee,98801,WA,US,47.427475,-120.312078, , ,509-662-4411,P, ,Non-Networked,0,2,0,2, ,J1772, ,Free, ,GPS
-13394295.87,6012865.70489999,560,611,Confluence Health - Stanley Building,163991,ELEC,HOSPITAL,24 hours daily,E,Public,CREDIT_CARD_ALWAYS,False,"American Express, Discover, Debit, MasterCard, Visa",2022/08/10 00:00:00+00,2023/02/14 00:00:00+00,2020/07/02 00:00:00+00,, ,730 N Emerson Ave,Wenatchee,98801,WA,US,47.431945,-120.323007, , ,509-663-8711,P, ,Non-Networked,0,2,0,2, ,J1772, ,Free, ,GPS
-13394290.9719,6013035.69749999,561,612,Confluence Health - Mares Building,163992,ELEC,HOSPITAL,24 hours daily,E,Public,CREDIT_CARD_ALWAYS,False,"American Express, Discover, Debit, MasterCard, Visa",2022/08/10 00:00:00+00,2023/02/14 00:00:00+00,2020/07/02 00:00:00+00,, ,820 N Chelan Ave,Wenatchee,98801,WA,US,47.432978,-120.322963, , ,509-663-8711,P, ,Non-Networked,0,2,0,2, ,J1772, ,Free, ,GPS
-13394247.8913,6008674.37589999,562,613,Confluence Health - Central Washington Hospital,163993,ELEC,HOSPITAL,24 hours daily,E,Public,CREDIT_CARD_ALWAYS,False,"American Express, Discover, Debit, MasterCard, Visa",2022/08/10 00:00:00+00,2023/02/14 00:00:00+00,2020/07/02 00:00:00+00,, ,933 Red Apple Rd,Wenatchee,98801,WA,US,47.406469,-120.322576, , ,509-663-8711,P, ,Non-Networked,0,2,0,2, ,J1772, , , ,GPS
-13394403.4046,6008868.46559999,563,614,Confluence Health - Central Washington Hospital Parking Garage,163994,ELEC,HOSPITAL,24 hours daily,E,Public,CREDIT_CARD_ALWAYS,False,"American Express, Discover, Debit, MasterCard, Visa",2022/08/10 00:00:00+00,2023/02/14 00:00:00+00,2020/07/02 00:00:00+00,, ,1201 S Miller St,Wenatchee,98801,WA,US,47.407649,-120.323973, , ,509-663-8711,P, ,Non-Networked,0,12,0,12, ,J1772, ,Free, ,GPS
-13616631.2833,6043207.1921,564,615,BROADWAY BLDG STATION 1,164082,ELEC, ,24 hours daily,E,Public, , , ,2023/08/07 00:00:00+00,2023/08/07 00:00:00+00,2020/07/09 00:00:00+00,, ,1641 Nagle Pl,Seattle,98122,WA,US,47.616001,-122.32028, , ,888-758-4389, ,USCPIL5372071,ChargePoint Network,0,2,0,2, ,J1772,http://www.chargepoint.com/, , ,GPS
-13175926.3248,5782117.2823,565,616,CAPRIO CELLARS STATION 1,164160,ELEC, ,24 hours daily,E,Public, , , ,2023/08/07 00:00:00+00,2023/08/07 00:00:00+00,2020/07/11 00:00:00+00,, ,1615 Whiteley Rd,Walla Walla,99362,WA,US,46.011032,-118.36136, , ,888-758-4389, ,USCPIL1978891,ChargePoint Network,0,2,0,2, ,J1772,http://www.chargepoint.com/, , ,GPS
-13685192.9576999,5949495.8272,566,617,"Cafaro TARGET PLACE PLAZA (OLYMPIA, WA)",164163,ELEC, ,24 hours daily,E,Public, , , ,2023/08/07 00:00:00+00,2023/08/07 00:00:00+00,2020/07/11 00:00:00+00,, ,2925 Harrison Ave NW,Olympia,98502,WA,US,47.04545,-122.93618, , ,833-632-2778, ,210228,Electrify America,0,0,4,4, ,"CHAdeMO, CCS",https://www.electrifyamerica.com/, , ,GPS
-13602293.5555,6068292.8833,567,618,Village at Beardslee Crossing - Tesla Supercharger,164168,ELEC,SHOPPING_MALL,24 hours daily,E,Public, , , ,2023/07/01 00:00:00+00,2023/07/14 00:00:00+00,2020/07/10 00:00:00+00,, ,19128 112th Avenue NE,Bothell,98011,WA,US,47.767687,-122.191482, , ,877-798-3752,P,10856,Tesla,0,0,10,10, ,Tesla,https://www.tesla.com/supercharger,"$0.28 per kWh; $0.26 per minute above 60 kW and $0.13 per minute at or below 60 kW", ,GPS
-13173805.6884999,5790386.11400001,568,619,Providence St. Mary Medical Center - Walla Walla,164193,ELEC,HOSPITAL,24 hours daily,E,Public, ,False, ,2022/08/10 00:00:00+00,2023/02/14 00:00:00+00,2020/07/10 00:00:00+00,, ,401 W Poplar St,Walla Walla,99362,WA,US,46.062597,-118.34231, , ,509-897-3320,P, ,Non-Networked,0,2,0,2, ,J1772, ,Free, ,GPS
-13593129.0671,6096598.27870001,569,620,KOZ WEAVER WEAVER RD RIGHT,164277,ELEC, ,24 hours daily,E,Public, , , ,2023/08/07 00:00:00+00,2023/08/07 00:00:00+00,2020/07/16 00:00:00+00,, ,1925 Weaver Rd,Snohomish,98290,WA,US,47.938312,-122.109156, , ,888-758-4389, ,USCPIL5360941,ChargePoint Network,0,2,0,2, ,J1772,http://www.chargepoint.com/, , ,GPS
-13664672.3227,6274056.30510001,570,621,BLAINE STATION 1,164278,ELEC, ,24 hours daily,E,Public, , , ,2023/08/07 00:00:00+00,2023/08/07 00:00:00+00,2020/07/16 00:00:00+00,, ,639-699 Peace Portal Dr,Blaine,98230,WA,US,48.995255,-122.75184, , ,888-758-4389, ,USCPIL5350981,ChargePoint Network,0,2,0,2, ,J1772,http://www.chargepoint.com/, , ,GPS
-13617126.989,6041537.3039,571,622,600NINTH 600NINTH,164339,ELEC, ,24 hours daily,E,Public, , , ,2023/08/07 00:00:00+00,2023/08/07 00:00:00+00,2020/07/17 00:00:00+00,, ,600 9th Ave,Seattle,98104,WA,US,47.605888,-122.324733, , ,888-758-4389, ,USCPIL5384321,ChargePoint Network,0,2,0,2, ,J1772,http://www.chargepoint.com/, , ,GPS
-13634489.2673,6232089.5653,572,623,GARAGE SOUTH LOT,164392,ELEC, ,24 hours daily,E,Public, , , ,2023/08/07 00:00:00+00,2023/08/07 00:00:00+00,2020/07/21 00:00:00+00,, ,1100 Railroad Ave,Bellingham,98225,WA,US,48.747287,-122.480701, , ,888-758-4389, ,USCPIL5355201,ChargePoint Network,0,2,0,2, ,J1772,http://www.chargepoint.com/, , ,GPS
-13603967.4667,6050067.97070001,573,624,P-3000 Garage at Carillon Point,164476,ELEC, , ,E,Public, , , ,2023/06/20 00:00:00+00,2023/06/20 00:00:00+00,2020/07/24 00:00:00+00,, ,3000 Carillon Point,Kirkland,98033,WA,US,47.65753,-122.206519,Unit here is currently under repair||, ,888-998-2546, ,465ba1dd-d734-8158-93cc-330000197383,Blink Network,0,2,0,2, ,J1772,http://www.blinkcharging.com/,Free, ,GPS
-13603967.4667,6050067.97070001,574,625,P-2000 Garage at Carillon Point,164477,ELEC, , ,E,Public, , , ,2023/06/21 00:00:00+00,2023/06/21 00:00:00+00,2020/07/24 00:00:00+00,, ,2000 Carillon Point,Kirkland,98033,WA,US,47.65753,-122.206519, , ,888-998-2546, ,465ba1dd-d734-8158-93cc-330000197382,Blink Network,0,2,0,2, ,J1772,http://www.blinkcharging.com/,Free, ,GPS
-13603826.6475,6049703.8881,575,626,P-4000 Garage at Carillon Point,164479,ELEC, , ,E,Public, , , ,2023/06/21 00:00:00+00,2023/06/21 00:00:00+00,2020/07/24 00:00:00+00,, ,4000 Carillon Point,Kirkland,98033,WA,US,47.655327,-122.205254,Unit here is under repairs||, ,888-998-2546, ,465ba1dd-d734-8158-93cc-330000197384,Blink Network,0,1,0,1, ,J1772,http://www.blinkcharging.com/,Free, ,GPS
-13613700.2411,6012831.3118,576,627,CI&S COUNTRY INN #1,164536,ELEC, ,24 hours daily,E,Public, , , ,2023/08/07 00:00:00+00,2023/08/07 00:00:00+00,2020/07/25 00:00:00+00,, ,3100 S 192nd St,SeaTac,98188,WA,US,47.431736,-122.29395, , ,888-758-4389, ,USCPIL3892851,ChargePoint Network,0,2,0,2, ,J1772,http://www.chargepoint.com/, , ,GPS
-13614639.6663,6048647.425,577,628,University of Washington - Husky Stadium,164565,ELEC,COLLEGE_CAMPUS,"24 hours daily; UW permit required 6am to 9pm M-F and 7am-12pm on Saturdays; 2 hour time limit",E,Public, ,True, ,2022/08/10 00:00:00+00,2023/02/14 00:00:00+00,2020/07/24 00:00:00+00,, ,3800 Montlake Blvd NE,Seattle,98195,WA,US,47.648934,-122.302389, , ,206-221-3701,P, ,Non-Networked,0,2,0,2, ,J1772, , , ,GPS
-13615581.7631001,6048835.4736,578,629,University of Washington - Parking Area S1,164566,ELEC,COLLEGE_CAMPUS,"24 hours daily; UW permit required; 2 hour time limit",E,Public, ,True, ,2022/08/10 00:00:00+00,2023/02/14 00:00:00+00,2020/07/24 00:00:00+00,, ,3500 Columbia Rd,Seattle,98195,WA,US,47.650072,-122.310852, , ,206-221-3701,P, ,Non-Networked,0,1,0,1, ,J1772, , , ,GPS
-13615922.7347,6049327.0962,579,630,University of Washington - Portage Bay Garage,164567,ELEC,COLLEGE_CAMPUS,"24 hours daily; UW permit required; 2 hour time limit",E,Public, ,True, ,2022/08/10 00:00:00+00,2023/02/14 00:00:00+00,2020/07/24 00:00:00+00,, ,3740 Brooklyn Ave NE,Seattle,98105,WA,US,47.653047,-122.313915, , ,206-221-3701,P, ,Non-Networked,0,4,0,4, ,J1772, ,Parking fee, ,GPS
-13615667.9244,6049952.6129,580,631,University of Washington - Central Plaza Garage,164568,ELEC,COLLEGE_CAMPUS,"24 hours daily; UW permit required; 2 hour time limit",E,Public, ,True, ,2022/08/10 00:00:00+00,2023/02/14 00:00:00+00,2020/07/24 00:00:00+00,, ,4100 15th Ave NE,Seattle,98105,WA,US,47.656832,-122.311626, , ,206-221-3701,P, ,Non-Networked,0,5,0,5, ,J1772, ,Parking fee, ,GPS
-13615399.4218,6050308.77269999,581,632,University of Washington - Parking Area N2,164569,ELEC,COLLEGE_CAMPUS,"24 hours daily; UW permit required; 2 hour time limit",E,Public, ,True, ,2022/08/10 00:00:00+00,2023/02/14 00:00:00+00,2020/07/24 00:00:00+00,, ,4224 Memorial Way NE,Seattle,98105,WA,US,47.658987,-122.309214, , ,206-221-3701,P, ,Non-Networked,0,1,0,1, ,J1772, , , ,GPS
-13615385.1729,6050527.5994,582,633,University of Washington - Parking Area N5,164570,ELEC,COLLEGE_CAMPUS,"24 hours daily; parking permit required; 2 hour time limit",E,Public, ,True, ,2023/01/10 00:00:00+00,2023/02/14 00:00:00+00,2020/07/24 00:00:00+00,, ,4324 Memorial Way NE,Seattle,98105,WA,US,47.660311,-122.309086, , ,206-221-3701,P, ,Non-Networked,0,1,0,1, ,J1772, ,"Free for UW permit holders; $4 per hour for non-permit holders", ,GPS
-13616109.7515,6050591.232,583,634,University of Washington - Parking Area W46,164571,ELEC,COLLEGE_CAMPUS,"24 hours daily; UW permit required; 2 hour time limit",E,Public, ,True, ,2022/08/10 00:00:00+00,2023/02/14 00:00:00+00,2020/07/24 00:00:00+00,, ,4317 12th Ave NE,Seattle,98105,WA,US,47.660696,-122.315595, , ,206-221-3701,P, ,Non-Networked,0,2,0,2, ,J1772, , , ,GPS
-13613628.9966,5972286.87120001,584,635,Gold Parking Lot,164721,ELEC, , ,E,Public, , , ,2023/06/21 00:00:00+00,2023/06/21 00:00:00+00,2020/08/01 00:00:00+00,, ,110 9th Ave SW,Puyallup,98371,WA,US,47.184778,-122.29331, , ,888-998-2546, ,465ba1dd-d734-8158-93cc-330000139022,Blink Network,0,1,0,1, ,J1772,http://www.blinkcharging.com/,Free, ,GPS
-13665902.4031,5953165.43909999,585,636,InterCityTransit,164740,ELEC, , ,E,Public, , , ,2023/06/20 00:00:00+00,2023/06/20 00:00:00+00,2020/08/01 00:00:00+00,, ,2548 Hogum Bay Rd NE,Olympia,98516,WA,US,47.067908,-122.76289, , ,888-998-2546, ,465ba1dd-d734-8158-93cc-330000486085,Blink Network,0,5,0,5, ,J1772,http://www.blinkcharging.com/,Free, ,GPS
-13617920.1404,6041519.47229999,586,637,VBG Seattle,164762,ELEC, , ,E,Public, , , ,2023/06/21 00:00:00+00,2023/06/21 00:00:00+00,2020/08/01 00:00:00+00,, ,901 Fifth Ave,Seattle,98164,WA,US,47.60578,-122.331858,Level F||, ,888-998-2546, ,465ba1dd-d734-8158-93cc-330000504267,Blink Network,0,2,0,2, ,J1772,http://www.blinkcharging.com/,Free, ,GPS
-13613813.3417,6015937.7714,587,638,MasterPark/Lot B,164766,ELEC, , ,E,Public, , , ,2023/06/21 00:00:00+00,2023/06/21 00:00:00+00,2020/08/01 00:00:00+00,, ,2907 South 170th Street,SeaTac,98188,WA,US,47.45061,-122.294966, , ,888-998-2546, ,465ba1dd-d734-8158-93cc-330000062761,Blink Network,0,2,0,2, ,J1772,http://www.blinkcharging.com/,Free, ,GPS
-13388475.4190999,5845500.6509,588,639,CITY OF ZILLAH P&R NORTH,165113,ELEC, ,24 hours daily,E,Public, , , ,2023/08/07 00:00:00+00,2023/08/07 00:00:00+00,2020/08/11 00:00:00+00,, ,113 1st Ave,Zillah,98953,WA,US,46.405066,-120.270721, , ,888-758-4389, ,USCPIL5402061,ChargePoint Network,0,2,0,2, ,J1772,http://www.chargepoint.com/, , ,GPS
-13071832.4708,6053050.1257,589,640,Spokane City Credit Union,165136,ELEC,BANK,24 hours daily,E,Public, ,False, ,2022/08/10 00:00:00+00,2023/02/14 00:00:00+00,2020/07/31 00:00:00+00,, ,1930 N Monroe St,Spokane,99205,WA,US,47.675571,-117.426269, , ,509-325-7228,P, ,Non-Networked,0,1,0,1, ,J1772, ,Free, ,GPS
-13597510.7136,6038012.65919999,590,641,"BELLEVUECOLLEGE BC SSC,U BLDG2",165178,ELEC, ,24 hours daily,E,Public, , , ,2023/08/07 00:00:00+00,2023/08/07 00:00:00+00,2020/08/12 00:00:00+00,, ,3000 Landerholm Cir SE,Bellevue,98007,WA,US,47.584536,-122.148517, , ,888-758-4389, ,USCPIL5385371,ChargePoint Network,0,2,0,2, ,J1772,http://www.chargepoint.com/, , ,GPS
-13597504.2571,6038015.96,591,642,"BELLEVUECOLLEGE BC SSC,U BLDG1",165179,ELEC, ,24 hours daily,E,Public, , , ,2023/08/07 00:00:00+00,2023/08/07 00:00:00+00,2020/08/12 00:00:00+00,, ,3000 Landerholm Cir SE Bellevue,Bellevue,98007,WA,US,47.584556,-122.148459, , ,888-758-4389, ,USCPIL5385361,ChargePoint Network,0,2,0,2, ,J1772,http://www.chargepoint.com/, , ,GPS
-13601587.1220001,6042658.2878,592,643,KGIP BELL SOUTH STATION 6,165275,ELEC, ,24 hours daily,E,Public, , , ,2023/08/07 00:00:00+00,2023/08/07 00:00:00+00,2020/08/15 00:00:00+00,, ,316 116th Ave NE,Bellevue,98114,WA,US,47.612677,-122.185136, , ,888-758-4389, ,USCPIL4806711,ChargePoint Network,0,2,0,2, ,J1772,http://www.chargepoint.com/, , ,GPS
-13601589.5711,6042655.6458,593,644,KGIP BELL SOUTH STATION 1,165276,ELEC, ,24 hours daily,E,Public, , , ,2023/08/07 00:00:00+00,2023/08/07 00:00:00+00,2020/08/15 00:00:00+00,, ,376 116th Ave NE,Bellevue,98114,WA,US,47.612661,-122.185158, , ,888-758-4389, ,USCPIL4802211,ChargePoint Network,0,2,0,2, ,J1772,http://www.chargepoint.com/, , ,GPS
-13614810.4304,6030139.89630001,594,645,KING COUNTY DES KC AIRPORT 2,165290,ELEC, ,24 hours daily,E,Public, , , ,2023/08/07 00:00:00+00,2023/08/07 00:00:00+00,2020/08/18 00:00:00+00,, ,7259 King County Airport Access Rd,Seattle,98108,WA,US,47.536812,-122.303923, , ,888-758-4389, ,USCPIL5384041,ChargePoint Network,0,2,0,2, ,J1772,http://www.chargepoint.com/, , ,GPS
-13049976.1133,6055052.3067,595,646,Pinecroft Rivers Edge,165291,ELEC, ,24 hours daily,E,Public, , , ,2023/08/07 00:00:00+00,2023/08/07 00:00:00+00,2020/08/18 00:00:00+00,, ,12939 E Pinecroft way,Spokane,99216,WA,US,47.68768,-117.22993, , ,855-900-7584, ,1173,SHELL_RECHARGE,0,1,0,1, ,J1772,https://shellrecharge.com/en-us/solutions, , ,GPS
-13624768.2928,6027898.68119999,596,647,KING COUNTY DES KC FAUNTLEROY3,165338,ELEC, ,24 hours daily,E,Public, , , ,2023/08/07 00:00:00+00,2023/08/07 00:00:00+00,2020/08/20 00:00:00+00,, ,4829 SW Barton St,Seattle,98136,WA,US,47.523218,-122.393376, , ,888-758-4389, ,USCPIL5421111,ChargePoint Network,0,1,0,1, ,J1772,http://www.chargepoint.com/, , ,GPS
-13625030.8955,6027871.97610001,597,648,KING COUNTY DES KC FAUNTLEROY2,165339,ELEC, ,24 hours daily,E,Public, , , ,2023/08/07 00:00:00+00,2023/08/07 00:00:00+00,2020/08/20 00:00:00+00,, ,4829 SW Barton St,Seattle,98136,WA,US,47.523056,-122.395735, , ,888-758-4389, ,USCPIL5421001,ChargePoint Network,0,2,0,2, ,J1772,http://www.chargepoint.com/, , ,GPS
-13607804.7609,6017484.504,598,649,KING COUNTY DES TUKWILA 2,165509,ELEC, ,24 hours daily,E,Public, , , ,2023/08/07 00:00:00+00,2023/08/07 00:00:00+00,2020/08/26 00:00:00+00,, ,7301 Longacres Way,Tukwila,98188,WA,US,47.460005,-122.24099, , ,888-758-4389, ,USCPIL5422251,ChargePoint Network,0,2,0,2, ,J1772,http://www.chargepoint.com/, , ,GPS
-13602859.8378,6047744.7497,599,650,KING COUNTY DES SK P&R 4,165563,ELEC, ,24 hours daily,E,Public, , , ,2023/08/07 00:00:00+00,2023/08/07 00:00:00+00,2020/08/27 00:00:00+00,, ,10610 NE 38th PL,Kirkland,98033,WA,US,47.643471,-122.196569, , ,888-758-4389, ,USCPIL5425131,ChargePoint Network,0,2,0,2, ,J1772,http://www.chargepoint.com/, , ,GPS
-13602786.8122,6047763.42019999,600,651,KING COUNTY DES SK P&R 1,165564,ELEC, ,24 hours daily,E,Public, , , ,2023/08/07 00:00:00+00,2023/08/07 00:00:00+00,2020/08/27 00:00:00+00,, ,10610 NE 38th PL,Kirkland,98033,WA,US,47.643584,-122.195913, , ,888-758-4389, ,USCPIL5424231,ChargePoint Network,0,2,0,2, ,J1772,http://www.chargepoint.com/, , ,GPS
-13649872.1738,6030024.3097,601,652,Kitsap Transit Restil Road,165596,ELEC, , ,E,Public, , , ,2023/08/07 00:00:00+00,2023/08/07 00:00:00+00,2020/08/27 00:00:00+00,, ,1430 Retsil Rd SE,Port Orchard,98366,WA,US,47.536111,-122.618888, , ,855-885-9571, ,206,OpConnect,0,1,0,1, ,J1772,http://www.opconnect.com/, , ,GPS
-13609475.6664,6089155.2825,602,653,"Walmart 5195 - Everett, WA",165647,ELEC, ,24 hours daily,E,Public, , , ,2023/08/07 00:00:00+00,2023/08/07 00:00:00+00,2020/08/28 00:00:00+00,, ,11400 Hwy. 99,Everett,98204,WA,US,47.8935,-122.256, , ,833-632-2778, ,200210,Electrify America,0,1,3,4, ,"CHAdeMO, J1772, CCS",https://www.electrifyamerica.com/, , ,GPS
-13433244.3334,6038769.7291,603,654,Icicle Village Resort - Tesla Destination,165748,ELEC,HOTEL, ,E,Public, , , ,2022/10/06 00:00:00+00,2023/01/18 00:00:00+00,2019/06/04 00:00:00+00,, ,505 Hwy 2,Leavenworth,98826,WA,US,47.589123,-120.672887, , ,"800-961-0162, 877-798-3752",P,511970,Tesla Destination,0,1,0,1, ,Tesla,https://www.tesla.com/destination-charging,Free, ,GPS
-13433291.4215,6038746.29140001,604,655,Icicle Village Resort,165749,ELEC,HOTEL,"24 hours daily; customer use only; see front desk for access",E,Public, ,True, ,2022/08/10 00:00:00+00,2023/02/14 00:00:00+00,2020/08/24 00:00:00+00,, ,505 Highway 2,Leavenworth,98826,WA,US,47.588981,-120.67331, , ,800-961-0162,P, ,Non-Networked,0,1,0,1, ,J1772, ,Free, ,GPS
-13418659.4763,5938270.27989999,605,656,Holiday Inn Express - Ellensburg,165762,ELEC,HOTEL,"24 hours daily; customer use only",E,Public, ,True, ,2022/08/10 00:00:00+00,2023/02/14 00:00:00+00,2020/08/24 00:00:00+00,, ,1620 Canyon Rd,Ellensburg,98926,WA,US,46.976691,-120.541869, , ,509-962-9400,P, ,Non-Networked,0,1,0,1, ,J1772, ,Free, ,GPS
-13308596.6713,5993988.97519999,606,657,Confluence Health | Ephrata Clinic,165763,ELEC,HOSPITAL,24 hours daily,E,Public, ,False, ,2022/08/10 00:00:00+00,2023/02/14 00:00:00+00,2020/08/24 00:00:00+00,, ,314 Basin St SW,Ephrata,98823,WA,US,47.31711,-119.553158, , ,509-754-7186,P, ,Non-Networked,0,2,0,2, ,J1772, ,Free, ,GPS
-13366227.5509,6048658.66149999,607,658,Highway 2 Brew Espresso,165764,ELEC,RESTAURANT,24 hours daily,E,Public, ,False, ,2022/08/10 00:00:00+00,2023/02/14 00:00:00+00,2020/08/24 00:00:00+00,, ,215 N Chelan Ave,Waterville,98858,WA,US,47.649002,-120.070865, , ,509-745-8406,P, ,Non-Networked,0,1,0,1, ,J1772, ,Free, ,GPS
-13431800.5196,6039862.12600001,608,659,Obertal Inn,165765,ELEC,INN,"24 hours daily; customer use only",E,Public, ,True, ,2023/01/10 00:00:00+00,2023/02/14 00:00:00+00,2020/08/24 00:00:00+00,, ,922 Commercial St,Leavenworth,98826,WA,US,47.595741,-120.659917, , ,509-548-5204,P, ,Non-Networked,0,1,0,1, ,J1772, , , ,GPS
-13430080.5221,6040169.3359,609,660,Wilkommen Park & Ride,165766,ELEC,PARKING_LOT,24 hours daily,E,Public, ,False, ,2022/08/10 00:00:00+00,2023/02/14 00:00:00+00,2020/08/24 00:00:00+00,, ,116 River Bend Dr,Leavenworth,98826,WA,US,47.597602,-120.644466, , ,509-548-5807,P, ,Non-Networked,0,1,0,1, ,J1772, ,Free, ,GPS
-13430031.9868,6039894.81090001,610,661,Hampton Inn & Suites - Leavenworth,165767,ELEC,HOTEL,"24 hours daily; customer use only",E,Public, ,True, ,2022/08/10 00:00:00+00,2023/02/14 00:00:00+00,2020/08/24 00:00:00+00,, ,301 Ward Strasse,Leavenworth,98826,WA,US,47.595939,-120.64403, , ,509-470-9798,P, ,Non-Networked,0,1,0,1, ,J1772, ,Free, ,GPS
-13603397.6222,6102680.10459999,611,662,Broadway Apartments - 1st Floor,165841,ELEC, , ,E,Public, , , ,2023/06/20 00:00:00+00,2023/06/20 00:00:00+00,2020/09/03 00:00:00+00,, ,3214 Broadway,Everett,98201,WA,US,47.9749,-122.2014,. 6 Blink units on 1st Floor Unit# 1959 ||is under repair.||, ,888-998-2546, ,465ba1dd-d734-8158-93cc-330000516298,Blink Network,0,11,0,11, ,J1772,http://www.blinkcharging.com/,Free, ,GPS
-13582727.0399,6031608.6904,612,663,KING COUNTY DES ISSAQUAH P&R 6,166205,ELEC, ,24 hours daily,E,Public, , , ,2023/08/07 00:00:00+00,2023/08/07 00:00:00+00,2020/09/04 00:00:00+00,, ,1755 Highlands Dr NE,Issaquah,98029,WA,US,47.545719,-122.015713, , ,888-758-4389, ,USCPIL5432821,ChargePoint Network,0,2,0,2, ,J1772,http://www.chargepoint.com/, , ,GPS
-13583037.176,6031619.5749,613,664,KING COUNTY DES ISSAQUAH P&R 5,166206,ELEC, ,24 hours daily,E,Public, , , ,2023/08/07 00:00:00+00,2023/08/07 00:00:00+00,2020/09/04 00:00:00+00,, ,1755 Highlands Dr NE,Issaquah,98029,WA,US,47.545785,-122.018499, , ,888-758-4389, ,USCPIL5432751,ChargePoint Network,0,2,0,2, ,J1772,http://www.chargepoint.com/, , ,GPS
-13608317.8881,5990796.5212,614,665,The Outlet Collection Seattle,166714,ELEC, ,"Mon 5:00am - 10:59pm; Tue 5:00am - 10:59pm; Wed 5:00am - 10:59pm; Thu 5:00am - 10:59pm; Fri 5:00am - 10:59pm; Sat 5:00am - 10:59pm; Sun 5:00am - 10:59pm",E,Public, ,False, ,2023/08/07 00:00:00+00,2023/08/07 00:00:00+00,2020/08/31 00:00:00+00,, ,1101 Outlet Collection Way,Auburn,98001,WA,US,47.29766425,-122.2455995, , ,888-264-2208, ,47345467-be0b-46c7-aa15-25ae8271b1bb,Volta,0,4,0,4, ,J1772,https://voltacharging.com/, , ,GPS
-13607977.2504,5991091.36649999,615,666,The Outlet Collection Seattle Regal Cinema,166715,ELEC, ,"Mon 5:00am - 10:59pm; Tue 5:00am - 10:59pm; Wed 5:00am - 10:59pm; Thu 5:00am - 10:59pm; Fri 5:00am - 10:59pm; Sat 5:00am - 10:59pm; Sun 5:00am - 10:59pm",E,Public, ,False, ,2023/08/07 00:00:00+00,2023/08/07 00:00:00+00,2020/08/31 00:00:00+00,, ,1101 Outlet Collection Way,Auburn,98001,WA,US,47.2994605,-122.2425395, , ,888-264-2208, ,b23af42a-28df-4206-91e4-71a55f14fea7,Volta,0,2,0,2, ,J1772,https://voltacharging.com/, , ,GPS
-13602805.4024999,6010084.2563,616,667,Safeway 20830 108th SE,166716,ELEC, ,"Mon 5:00am - 10:59pm; Tue 5:00am - 10:59pm; Wed 5:00am - 10:59pm; Thu 5:00am - 10:59pm; Fri 5:00am - 10:59pm; Sat 5:00am - 10:59pm; Sun 5:00am - 10:59pm",E,Public, ,False, ,2023/08/07 00:00:00+00,2023/08/07 00:00:00+00,2020/08/31 00:00:00+00,, ,20830 108th SE,Kent,98031,WA,US,47.41504,-122.19608, , ,888-264-2208, ,8be8dcd0-91ee-4eb6-a689-3643c834d652,Volta,0,2,0,2, ,J1772,https://voltacharging.com/, , ,GPS
-13614250.1594001,6009270.8042,617,668,Safeway 21401 Pacific Hwy So,166717,ELEC, ,"Mon 5:00am - 10:59pm; Tue 5:00am - 10:59pm; Wed 5:00am - 10:59pm; Thu 5:00am - 10:59pm; Fri 5:00am - 10:59pm; Sat 5:00am - 10:59pm; Sun 5:00am - 10:59pm",E,Public, ,False, ,2023/08/07 00:00:00+00,2023/08/07 00:00:00+00,2020/08/31 00:00:00+00,, ,21401 Pacific Hwy S,Des Moines,98198,WA,US,47.410095,-122.29889, , ,888-264-2208, ,82961799-2bbd-4be4-bbf3-2741f5fbb393,Volta,0,2,0,2, ,J1772,https://voltacharging.com/, , ,GPS
-13617944.8533,6041589.1476,618,669,INSIGNIA 953 150 151N,166923,ELEC, ,24 hours daily,E,Public, , , ,2023/08/07 00:00:00+00,2023/08/07 00:00:00+00,2020/09/18 00:00:00+00,, ,583 Battery St,Seattle,98164,WA,US,47.606202,-122.33208, , ,888-758-4389, ,USCPIL129273,ChargePoint Network,0,2,0,2, ,J1772,http://www.chargepoint.com/, , ,GPS
-13617950.9759,6041586.17570001,619,670,INSIGNIA 953 144 145N,166924,ELEC, ,24 hours daily,E,Public, , , ,2023/08/07 00:00:00+00,2023/08/07 00:00:00+00,2020/09/18 00:00:00+00,, ,583 Battery St,Seattle,98104,WA,US,47.606184,-122.332135, , ,888-758-4389, ,USCPIL128587,ChargePoint Network,0,2,0,2, ,J1772,http://www.chargepoint.com/, , ,GPS
-13672916.5329,5948935.015,620,671,Lacey,166926,ELEC, ,24 hours daily,E,Public, , , ,2023/08/07 00:00:00+00,2023/08/07 00:00:00+00,2020/09/18 00:00:00+00,, ,676 Woodland Square Loop SE,Lacey,98509,WA,US,47.042017,-122.825899, , ,855-900-7584, ,2640,SHELL_RECHARGE,0,4,2,6, ,"CHAdeMO, J1772, CCS",https://shellrecharge.com/en-us/solutions, , ,200-9
-13619137.085,6044281.32220001,621,672,Tellus on Dexter Apartments,167221,ELEC, , ,E,Public, , , ,2023/06/21 00:00:00+00,2023/06/21 00:00:00+00,2020/10/02 00:00:00+00,, ,403 Dexter Ave N.,Seattle,98109,WA,US,47.622505,-122.34279,.||, ,888-998-2546, ,465ba1dd-d734-8158-93cc-330000521681,Blink Network,0,4,0,4, ,J1772,http://www.blinkcharging.com/,Free, ,GPS
-13278424.5252,5822057.2004,622,673,Audi Tri-Cities,167222,ELEC, , ,E,Public, , , ,2023/06/21 00:00:00+00,2023/06/21 00:00:00+00,2020/10/02 00:00:00+00,, ,1125 Aaron Dr,Richland,99352,WA,US,46.259655,-119.282117, , ,888-998-2546, ,465ba1dd-d734-8158-93cc-330000506403,Blink Network,0,2,0,2, ,J1772,http://www.blinkcharging.com/,Free, ,GPS
-13594869.9926,6080096.089,623,674,Safeway 17520 SR 9 SE,167296,ELEC, ,"Mon 5:00am - 10:59pm; Tue 5:00am - 10:59pm; Wed 5:00am - 10:59pm; Thu 5:00am - 10:59pm; Fri 5:00am - 10:59pm; Sat 5:00am - 10:59pm; Sun 5:00am - 10:59pm",E,Public, ,False, ,2023/08/07 00:00:00+00,2023/08/07 00:00:00+00,2020/08/31 00:00:00+00,, ,17520 SR 9 SE,Snohomish,98296,WA,US,47.838905,-122.124795, , ,888-264-2208, ,545237fc-6094-4088-a8c0-b5cad208a1fa,Volta,0,2,0,2, ,J1772,https://voltacharging.com/, , ,GPS
-13601510.3116,6042615.6848,624,675,KGIP BELL SOUTH STATION 2,167379,ELEC, ,24 hours daily,E,Public, , , ,2023/08/07 00:00:00+00,2023/08/07 00:00:00+00,2020/10/07 00:00:00+00,, ,316 116th Ave NE,Bellevue,98004,WA,US,47.612419,-122.184446, , ,888-758-4389, ,USCPIL4802071,ChargePoint Network,0,2,0,2, ,J1772,http://www.chargepoint.com/, , ,GPS
-13637335.818,5982472.2289,625,676,1500 Orchard Street Apartments,167404,ELEC, , ,E,Public, , , ,2023/06/21 00:00:00+00,2023/06/21 00:00:00+00,2020/03/26 00:00:00+00,, ,1502 S Orchard Street,Tacoma,98405,WA,US,47.246926,-122.506272, , ,800-663-5633, ,4875,SemaCharge Network,0,2,0,2, ,J1772,https://semaconnect.com/,$1.25/Hr Parking Fee, ,GPS
-13623475.3169,6034332.0698,626,677,Alaska Junction SCL,167474,ELEC, ,24 hours daily,E,Public, , , ,2023/08/07 00:00:00+00,2023/08/07 00:00:00+00,2020/10/10 00:00:00+00,, ,4535 39th Ave SW,Seattle,98116,WA,US,47.56223,-122.381761, , ,855-900-7584, ,2697,SHELL_RECHARGE,0,0,2,2, ,"CHAdeMO, CCS",https://shellrecharge.com/en-us/solutions, , ,200-8
-13458875.8688,5972951.07620001,627,678,Cle Elum,167497,ELEC, ,24 hours daily,E,Public, , , ,2023/08/07 00:00:00+00,2023/08/07 00:00:00+00,2020/10/13 00:00:00+00,, ,811 WA-970,Cle Elum,98922,WA,US,47.188833,-120.903139, , ,855-900-7584, ,1391,SHELL_RECHARGE,0,0,1,1, ,"CHAdeMO, CCS",https://shellrecharge.com/en-us/solutions, , ,GPS
-13598552.664,6065699.49999999,628,679,WOODIN CREEK WOODIN CREEK 2,167520,ELEC, ,24 hours daily,E,Public, , , ,2023/08/07 00:00:00+00,2023/08/07 00:00:00+00,2020/10/14 00:00:00+00,, ,13550 Village Square Dr.,Woodinville,98072,WA,US,47.752026,-122.157877, , ,888-758-4389, ,USCPIL5481241,ChargePoint Network,0,2,0,2, ,J1772,http://www.chargepoint.com/, , ,GPS
-13674329.8452,5949028.4539,629,680,DOL STATION 1,167521,ELEC, ,24 hours daily,E,Public, , , ,2023/08/07 00:00:00+00,2023/08/07 00:00:00+00,2020/10/14 00:00:00+00,, ,719 Sleater Kinney Rd SE,Lacey,98503,WA,US,47.042589,-122.838595, , ,888-758-4389, ,USCPIL5435351,ChargePoint Network,0,2,0,2, ,J1772,http://www.chargepoint.com/, , ,GPS
-13231563.5837,5886595.275,630,681,Connell,167523,ELEC, ,24 hours daily,E,Public, , , ,2023/08/07 00:00:00+00,2023/08/07 00:00:00+00,2020/10/14 00:00:00+00,, ,303 S Columbia Ave,Connell,99326,WA,US,46.659028,-118.861158, , ,855-900-7584, ,1380,SHELL_RECHARGE,0,0,1,1, ,"CHAdeMO, CCS",https://shellrecharge.com/en-us/solutions, , ,GPS
-13072429.2546,6049803.54240001,631,682,4DEGREES STATION 1,167887,ELEC, ,24 hours daily,E,Public, , , ,2023/08/07 00:00:00+00,2023/08/07 00:00:00+00,2020/10/28 00:00:00+00,, ,1309 W. First Avenue,Spokane,99216,WA,US,47.65593,-117.43163, , ,888-758-4389, ,USCPIL2082341,ChargePoint Network,0,2,0,2, ,J1772,http://www.chargepoint.com/, , ,GPS
-13635340.4161,6238534.8485,632,683,Bellis Fair 11 DCFC,167930,ELEC, ,"Mon 5:00am - 10:59pm; Tue 5:00am - 10:59pm; Wed 5:00am - 10:59pm; Thu 5:00am - 10:59pm; Fri 5:00am - 10:59pm; Sat 5:00am - 10:59pm; Sun 5:00am - 10:59pm",E,Public, ,False, ,2023/08/07 00:00:00+00,2023/08/07 00:00:00+00,2020/10/19 00:00:00+00,, ,1 Bellis Fair Pkwy,Bellingham,98226,WA,US,48.78545,-122.488347, , ,888-264-2208, ,26c95a19-60fe-4250-a421-d7eaaba5063a,Volta,0,0,1,1, ,CCS,https://voltacharging.com/, , ,GPS
-13603917.0946,6075299.30229999,633,684,Safeway 20711 Bothell Hwy,167931,ELEC, ,"Mon 5:00am - 10:59pm; Tue 5:00am - 10:59pm; Wed 5:00am - 10:59pm; Thu 5:00am - 10:59pm; Fri 5:00am - 10:59pm; Sat 5:00am - 10:59pm; Sun 5:00am - 10:59pm",E,Public, ,False, ,2023/08/07 00:00:00+00,2023/08/07 00:00:00+00,2020/10/19 00:00:00+00,, ,20711 Bothell Hwy,Bothell,98012,WA,US,47.809974,-122.2060665, , ,888-264-2208, ,974134e3-6526-4081-85eb-8cc17333c5ff,Volta,0,1,0,1, ,J1772,https://voltacharging.com/, , ,GPS
-13638006.8519,6239181.96120001,634,685,"Fred Meyer 667 (Bellingham, WA)",168088,ELEC, ,24 hours daily,E,Public, , , ,2023/08/07 00:00:00+00,2023/08/07 00:00:00+00,2020/11/01 00:00:00+00,, ,1225 W Bakerview Rd,Bellingham,98226,WA,US,48.78928,-122.5123, , ,833-632-2778, ,110023,Electrify America,0,0,4,4, ,"CHAdeMO, CCS",https://www.electrifyamerica.com/, , ,GPS
-13602945.6651,6042506.8664,635,686,Stay Pineapple,168122,ELEC, , ,E,Public, , , ,2023/06/21 00:00:00+00,2023/06/21 00:00:00+00,2020/11/05 00:00:00+00,, ,155 108th Ave NE,Bellevue,98004,WA,US,47.61176,-122.19734,Level 2 Near Main Entry||, ,888-998-2546, ,465ba1dd-d734-8158-93cc-330000529831,Blink Network,0,2,0,2, ,J1772,http://www.blinkcharging.com/,Free, ,GPS
-13651171.0496,6040611.10349999,636,687,Kitsap Transit - Wheaton Way Transit Center,168187,ELEC, , ,E,Public, , , ,2023/08/07 00:00:00+00,2023/08/07 00:00:00+00,2020/11/06 00:00:00+00,, ,3915 Wheaton Way,Bremerton,98310,WA,US,47.600278,-122.630556, , ,855-885-9571, ,241,OpConnect,0,2,0,2, ,J1772,http://www.opconnect.com/, , ,GPS
-13636568.0475001,5979363.7966,637,688,ES - SWM R & T CENTER 02,168266,ELEC, ,24 hours daily,E,Public, , , ,2023/08/07 00:00:00+00,2023/08/07 00:00:00+00,2020/11/11 00:00:00+00,, ,3510 S Mullen St SWM Admin Bldg,Tacoma,98409,WA,US,47.227967,-122.499375, , ,888-758-4389, ,USCPIL1973851,ChargePoint Network,0,2,0,2, ,J1772,http://www.chargepoint.com/, , ,GPS
-13629964.6866,5982510.6015,638,689,TAC PW PARKING CONV CTR 01,168268,ELEC, ,24 hours daily,E,Public, , , ,2023/08/07 00:00:00+00,2023/08/07 00:00:00+00,2020/11/11 00:00:00+00,, ,1552 Market St,Tacoma,98402,WA,US,47.24716,-122.440056, , ,888-758-4389, ,USCPIL344191,ChargePoint Network,0,2,0,2, ,J1772,http://www.chargepoint.com/, , ,GPS
-13629257.1399,5984539.3398,639,690,ES - SWM URBAN WATERS 04,168269,ELEC, ,24 hours daily,E,Public, , , ,2023/08/06 00:00:00+00,2023/08/06 00:00:00+00,2020/11/11 00:00:00+00,, ,"303 East D St SE Pkg Lot, Center for Urban Wa",Tacoma,98421,WA,US,47.25953,-122.4337, , ,888-758-4389, ,USCPIL92393,ChargePoint Network,0,2,0,2, ,J1772,http://www.chargepoint.com/, , ,GPS
-13673812.3208,5948958.04789999,640,691,Target - Tesla Supercharger,168277,ELEC,SHOPPING_CENTER,24 hours daily,E,Public, , , ,2023/07/01 00:00:00+00,2023/07/14 00:00:00+00,2020/11/02 00:00:00+00,, ,665 Sleater Kinney Road SE,Lacey,98503,WA,US,47.042158,-122.833946, , ,877-798-3752,P,10508,Tesla,0,0,12,12, ,Tesla,https://www.tesla.com/supercharger,"$0.28 per kWh; $0.26 per minute above 60 kW and $0.13 per minute at or below 60 kW", ,GPS
-13612578.6972,6084210.0816,641,692,Safeway 14826 Highway 99,168287,ELEC, ,"Mon 5:00am - 10:59pm; Tue 5:00am - 10:59pm; Wed 5:00am - 10:59pm; Thu 5:00am - 10:59pm; Fri 5:00am - 10:59pm; Sat 5:00am - 10:59pm; Sun 5:00am - 10:59pm",E,Public, ,False, ,2023/08/07 00:00:00+00,2023/08/07 00:00:00+00,2020/11/02 00:00:00+00,, ,14826 Highway 99,Lynnwood,98087,WA,US,47.863705,-122.283875, , ,888-264-2208, ,8256c3a8-a939-4dfc-bd57-90b71b45ca58,Volta,0,2,0,2, ,J1772,https://voltacharging.com/, , ,GPS
-13603869.0603,6089786.18889999,642,693,Safeway 11031 19th Ave SE,168288,ELEC, ,"Mon 5:00am - 10:59pm; Tue 5:00am - 10:59pm; Wed 5:00am - 10:59pm; Thu 5:00am - 10:59pm; Fri 5:00am - 10:59pm; Sat 5:00am - 10:59pm; Sun 5:00am - 10:59pm",E,Public, ,False, ,2023/08/07 00:00:00+00,2023/08/07 00:00:00+00,2020/11/02 00:00:00+00,, ,11031 19th Ave SE,Everett,98208,WA,US,47.8973,-122.205635, , ,888-264-2208, ,fa86d4a5-3b5b-4f8e-8666-5881127fb4ac,Volta,0,2,0,2, ,J1772,https://voltacharging.com/, , ,GPS
-13609587.2086,5972278.1902,643,694,Pioneer Crossing,168437,ELEC, , ,E,Public, , , ,2023/08/07 00:00:00+00,2023/08/07 00:00:00+00,2020/07/31 00:00:00+00,, ,712 Shaw Rd,Puyallup,98372,WA,US,47.184725,-122.257002, , ,866-816-7584, ,c71cce7e-7a96-42b8-be12-29f6d19e7ff0,EV Connect,0,2,0,2, ,J1772,http://evconnect.com/, , ,GPS
-13629824.8692999,5982579.14769999,644,695,TAC PW PARKING CONV CTR 03,168479,ELEC, ,24 hours daily,E,Public, , , ,2023/08/07 00:00:00+00,2023/08/07 00:00:00+00,2020/11/14 00:00:00+00,, ,1548 Commerce St,Tacoma,98402,WA,US,47.247578,-122.4388, , ,888-758-4389, ,USCPIL320501,ChargePoint Network,0,2,0,2, ,J1772,http://www.chargepoint.com/, , ,GPS
-13360070.2472,5832226.52240001,645,696,SS Central Park,168514,ELEC, , ,E,Public, , , ,2023/06/21 00:00:00+00,2023/06/21 00:00:00+00,2020/03/17 00:00:00+00,, ,559 South 4th Street,Sunnyside,98944,WA,US,46.322779,-120.015553, , ,800-663-5633, ,4922,SemaCharge Network,0,4,0,4, ,J1772,https://semaconnect.com/,$1.25/Hr Parking Fee, ,GPS
-13594533.1843999,6053857.63870001,646,697,Archer Hotel at Redmond Town Center - Tesla Destination,168584,ELEC, , ,E,Public, , , ,2022/10/06 00:00:00+00,2023/01/18 00:00:00+00,2019/06/17 00:00:00+00,, ,7200 164th Ave NE,Redmond,98052,WA,US,47.6804551,-122.1217694, , ,", 877-798-3752",P,514090,Tesla Destination,0,3,0,3, ,Tesla,https://www.tesla.com/destination-charging,Free, ,200-8
-13176982.8581,5791234.6811,647,698,La Quinta Inn & Suites Walla Walla - Tesla Destination,168916,ELEC, , ,E,Public, , , ,2022/10/06 00:00:00+00,2023/01/18 00:00:00+00,2017/09/12 00:00:00+00,, ,776 Silverstone Dr,Walla Walla,99362,WA,US,46.067886,-118.370851, , ,"509-394-8815, 877-798-3752",P,501008,Tesla Destination,0,4,0,4, ,"J1772, Tesla",https://www.tesla.com/destination-charging,Free, ,GPS
-13052133.9303,6053306.8828,648,699,Montgomery East Commercial Center - Tesla Destination,168973,ELEC, , ,E,Public, , , ,2022/10/06 00:00:00+00,2023/01/18 00:00:00+00,2018/10/11 00:00:00+00,, ,11616 E Montgomery Dr,Spokane Valley,99206,WA,US,47.677124,-117.249314, , ,", 877-798-3752",P,509915,Tesla Destination,0,2,0,2, ,Tesla,https://www.tesla.com/destination-charging,Free, ,200-9
-13610144.9971,6091477.29640001,649,700,Paine Field Airport - Tesla Destination,169005,ELEC, , ,E,Public, , , ,2022/10/06 00:00:00+00,2023/01/18 00:00:00+00,2019/04/25 00:00:00+00,, ,3220 100th St SW,Everett,98204,WA,US,47.9074843,-122.2620127, , ,", 877-798-3752",P,511108,Tesla Destination,0,2,0,2, ,Tesla,https://www.tesla.com/destination-charging,Free, ,200-9
-13714246.3429,5983673.6649,650,701,The Ridge Motorsports Park - Tesla Destination,169190,ELEC, , ,E,Public, , , ,2022/10/06 00:00:00+00,2023/01/18 00:00:00+00,2016/06/22 00:00:00+00,, ,1060 W. Eells Hill Rd,Shelton,98584,WA,US,47.254252,-123.197171, , ,"360-427-7223, 877-798-3752",P,501639,Tesla Destination,0,3,0,3, ,Tesla,https://www.tesla.com/destination-charging,Free, ,200-9
-13659891.1506,5756829.1729,651,702,ILANI 1A-2 SINGLE,169292,ELEC, ,24 hours daily,T,Public, , , ,2023/08/07 00:00:00+00,2023/08/07 00:00:00+00,2020/11/18 00:00:00+00,2022/12/09 00:00:00+00, ,1 Cowlitz way,Ridgefield,98642,WA,US,45.853035,-122.70889, , ,888-758-4389, ,USCPIL5515531,ChargePoint Network,0,1,0,1, ,J1772,http://www.chargepoint.com/, , ,GPS
-13610849.1263,6079245.83270001,652,703,Homewood Suites by Hilton - Lynnwood Seattle Everett,169547,ELEC,HOTEL,"24 hours daily; for guest use only; see front desk for access",E,Public, ,True, ,2022/08/10 00:00:00+00,2023/02/14 00:00:00+00,2020/11/23 00:00:00+00,, ,18123 Alderwood Mall Pkwy,Lynnwood,98037,WA,US,47.833778,-122.268338, , ,425-670-8943,P, ,Non-Networked,0,1,0,1, ,J1772, ,Free, ,GPS
-13609513.849,6011584.2025,653,704,IBEW Local 46,169896,ELEC, , ,E,Public, , , ,2023/06/20 00:00:00+00,2023/06/20 00:00:00+00,2020/12/03 00:00:00+00,, ,19802 62nd Ave S,Kent,98032,WA,US,47.424157,-122.256343, , ,888-998-2546, ,465ba1dd-d734-8158-93cc-330000097038,Blink Network,0,2,0,2, ,J1772,http://www.blinkcharging.com/,Free, ,GPS
-13606068.2881,5994251.86739999,654,705,AUBURN CENTER GREEN RIVER #1,170032,ELEC, ,24 hours daily,E,Public, , , ,2023/08/07 00:00:00+00,2023/08/07 00:00:00+00,2020/12/10 00:00:00+00,, ,1221 D St. NE,Auburn,98002,WA,US,47.318711,-122.225391, , ,888-758-4389, ,USCPIL136701,ChargePoint Network,0,2,0,2, ,J1772,http://www.chargepoint.com/, , ,GPS
-13618547.6483,6041655.026,655,706,2+U - Tesla Supercharger,170078,ELEC,PARKING_GARAGE,24 hours daily,E,Public, , , ,2023/07/01 00:00:00+00,2023/07/14 00:00:00+00,2020/12/07 00:00:00+00,, ,1201 Second Avenue,Seattle,98101,WA,US,47.606601,-122.337495, , ,877-798-3752,P,12631,Tesla,0,0,4,4, ,Tesla,https://www.tesla.com/supercharger,"$0.28 per kWh; $0.26 per minute above 60 kW and $0.13 per minute at or below 60 kW", ,GPS
-13615799.1701,6066145.5574,656,707,Safeway 17202 15th Ave NE,170099,ELEC, ,"Mon 5:00am - 10:59pm; Tue 5:00am - 10:59pm; Wed 5:00am - 10:59pm; Thu 5:00am - 10:59pm; Fri 5:00am - 10:59pm; Sat 5:00am - 10:59pm; Sun 5:00am - 10:59pm",E,Public, ,False, ,2023/08/07 00:00:00+00,2023/08/07 00:00:00+00,2020/12/07 00:00:00+00,, ,17202 15th Avenue Northeast,Shoreline,98155,WA,US,47.75472,-122.312805, , ,888-264-2208, ,df792276-24e5-4bfb-8c17-5197fccfcef9,Volta,0,2,0,2, ,J1772,https://voltacharging.com/, , ,GPS
-13620571.6593,6057598.4877,657,708,Leilani on Greenwood,170178,ELEC, , ,T,Public, , , ,2023/06/20 00:00:00+00,2023/06/20 00:00:00+00,2012/02/08 00:00:00+00,2023/03/16 00:00:00+00, ,10215 Greenwood Avenue North,Seattle,98133,WA,US,47.703075,-122.355677, , ,800-663-5633, ,4672,SemaCharge Network,0,1,0,1, ,J1772,https://semaconnect.com/,FREE, ,GPS
-13622135.9208,5959305.66700001,658,709,"Pierce County Parks, Cross Park",170233,ELEC, , ,E,Public, , , ,2023/06/21 00:00:00+00,2023/06/21 00:00:00+00,2020/03/19 00:00:00+00,, ,4420 Military Road East,Tacoma,98446,WA,US,47.105465,-122.369729, , ,800-663-5633, ,5027,SemaCharge Network,0,2,0,2, ,J1772,https://semaconnect.com/,FREE, ,GPS
-13614103.2177,5967571.2461,659,710,"Cafaro SOUTH HILL MALL (PUYALLUP, WA)",170297,ELEC, ,24 hours daily,E,Public, , , ,2023/08/07 00:00:00+00,2023/08/07 00:00:00+00,2020/12/18 00:00:00+00,, ,3700 S. MERIDIAN,PUYALLUP,98373,WA,US,47.15598,-122.29757, , ,833-632-2778, ,210230,Electrify America,0,0,4,4, ,"CHAdeMO, CCS",https://www.electrifyamerica.com/, , ,GPS
-13597803.8178,6066062.76850001,660,711,"Woodinville WA4-151 (Woodinville, WA)",170316,ELEC, ,24 hours daily,E,Public, , , ,2023/08/07 00:00:00+00,2023/08/07 00:00:00+00,2020/12/18 00:00:00+00,, ,14003 NE Woodinville Duvall Rd,Woodinville,98072,WA,US,47.75422,-122.15115, , ,833-632-2778, ,210217,Electrify America,0,0,4,4, ,"CHAdeMO, CCS",https://www.electrifyamerica.com/, , ,GPS
-13418833.2461,5938630.69520001,661,712,Taco Bell Ellensburg,170358,ELEC, ,24 hours daily,E,Public, , , ,2023/08/07 00:00:00+00,2023/08/07 00:00:00+00,2020/12/18 00:00:00+00,, ,1406 Canyon Road,Ellensburg,98926,WA,US,46.9789,-120.54343, , ,833-632-2778, ,100291,Electrify America,0,0,4,4, ,"CHAdeMO, CCS",https://www.electrifyamerica.com/, , ,GPS
-13588619.8485,6032395.05210001,662,713,RPI PORTEMONS 2005 POPLAR 2,170401,ELEC, ,"Mon 12:15am - 11:45pm; Tue 12:15am - 11:45pm; Wed 12:15am - 11:45pm; Thu 12:15am - 11:45pm; Fri 12:15am - 11:45pm; Sat 12:15am - 11:45pm; Sun 12:15am - 11:45pm",E,Public, , , ,2023/08/07 00:00:00+00,2023/08/07 00:00:00+00,2020/12/19 00:00:00+00,, ,2005 NW Poplar Way,Issaquah,98027,WA,US,47.550487,-122.068649, , ,888-758-4389, ,USCPIL5482911,ChargePoint Network,0,2,0,2, ,J1772,http://www.chargepoint.com/, , ,GPS
-13611096.4782001,6027890.76850001,663,714,"Rainier Beach WA3-155 ( Seattle, WA)",170404,ELEC, ,24 hours daily,E,Public, , , ,2023/08/07 00:00:00+00,2023/08/07 00:00:00+00,2020/12/19 00:00:00+00,, ,9019 RAINIER AVE S,Seattle,98118,WA,US,47.52317,-122.27056, , ,833-632-2778, ,210225,Electrify America,0,0,4,4, ,"CHAdeMO, CCS",https://www.electrifyamerica.com/, , ,GPS
-13622727.1386,6050898.3281,664,715,Ballard Blocks - Tesla Supercharger,170432,ELEC,PARKING_GARAGE,24 hours daily,E,Public, , , ,2023/07/01 00:00:00+00,2023/07/14 00:00:00+00,2020/12/14 00:00:00+00,, ,1416 NW Ballard Way,Seattle,98107,WA,US,47.662554,-122.37504, , ,877-798-3752,P,6693,Tesla,0,0,8,8, ,Tesla,https://www.tesla.com/supercharger,"$0.28 per kWh; $0.26 per minute above 60 kW and $0.13 per minute at or below 60 kW", ,GPS
-13618532.9542,6041664.60230001,665,716,2+U,170479,ELEC,PAY_GARAGE,Garage hours,E,Public, ,False, ,2021/06/07 00:00:00+00,2023/07/16 00:00:00+00,2020/12/14 00:00:00+00,, ,1201 Second Ave,Seattle,98101,WA,US,47.606659,-122.337363, , ,206-706-9600,P, ,Non-Networked,0,10,0,10, ,J1772, , , ,GPS
-13381373.3469,6054576.3973,666,717,Shell Gas Station/BJ's - Tesla Supercharger,170526,ELEC,CONVENIENCE_STORE,24 hours daily,E,Public, , , ,2023/07/01 00:00:00+00,2023/07/14 00:00:00+00,2020/12/21 00:00:00+00,, ,14579 US-97 Alt,Entiat,98822,WA,US,47.684802,-120.206922, , ,877-798-3752,P,12523,Tesla,0,0,8,8, ,Tesla,https://www.tesla.com/supercharger,"$0.28 per kWh; $0.26 per minute above 60 kW and $0.13 per minute at or below 60 kW", ,GPS
-13709415.7449,6208486.1851,667,718,Roche Harbor Marina,170580,ELEC,PARKING_LOT,24 hours daily,E,Public, ,False, ,2023/06/12 00:00:00+00,2023/06/12 00:00:00+00,2020/12/21 00:00:00+00,, ,160 Ruben Memorial Dr,Roche Harbor,98250,WA,US,48.607282,-123.153777, , ,800-586-3590,P, ,Non-Networked,0,2,0,2, ,J1772, ,Free, ,GPS
-13711028.5417,6202197.56809999,668,719,Snug Harbor Resort,170581,ELEC,HOTEL,"24 hours daily; guest use only; see front desk for access",E,Public, ,True, ,2023/06/12 00:00:00+00,2023/06/12 00:00:00+00,2020/12/21 00:00:00+00,, ,1997 Mitchell Bay Rd,Friday Harbor,98250,WA,US,48.569915,-123.168265, , ,360-378-4762,P, ,Non-Networked,0,1,0,1, ,J1772, ,Free, ,GPS
-13695236.7587,6194596.91650001,669,720,Friday Harbor Airport,170582,ELEC,AIRPORT,"24 hours daily; drivers must pay at the kiosk inside",E,Public, ,True, ,2023/06/12 00:00:00+00,2023/06/12 00:00:00+00,2020/12/21 00:00:00+00,, ,800 Franklin Rd,Friday Harbor,98250,WA,US,48.524715,-123.026405, , ,360-378-4724,P, ,Non-Networked,0,2,0,2, ,J1772, ,"Free; paid lot", ,GPS
-13619026.2108,6180333.0812,670,721,Burgermaster,170583,ELEC,RESTAURANT,24 hours daily,E,Public, ,False, ,2023/06/12 00:00:00+00,2023/06/12 00:00:00+00,2020/12/21 00:00:00+00,, ,2030 Freeway Dr,Mt. Vernon,98273,WA,US,48.439781,-122.341794, , ,360-899-4075,P, ,Non-Networked,0,1,0,1, ,J1772, ,"Free; meal purchase required", ,GPS
-13617687.26,6182362.0214,671,722,Comfort Suites Burlington Near I-5,170584,ELEC,HOTEL,"24 hours daily; guest use only; see front desk for access",E,Public, ,True, ,2023/06/12 00:00:00+00,2023/06/12 00:00:00+00,2020/12/21 00:00:00+00,, ,500 E George Hopper Rd,Burlington,98233,WA,US,48.451871,-122.329766, , ,360-255-5830,P, ,Non-Networked,0,3,0,3, ,J1772, ,Free, ,GPS
-13615787.3702,6179821.643,672,723,Skagit Valley College,170585,ELEC,COLLEGE_CAMPUS,24 hours daily,E,Public, ,False, ,2021/01/14 00:00:00+00,2023/07/13 00:00:00+00,2020/12/21 00:00:00+00,, ,1800 N Laventure Rd,Mt. Vernon,98273,WA,US,48.436733,-122.312699, , ,360-416-7600,P, ,Non-Networked,0,4,0,4, ,J1772, ,FREE, ,GPS
-13595255.826,6140460.8332,673,724,Stillaguamish Conference Room,170586,ELEC,MUNI_GOV,24 hours daily,E,Public, ,False, ,2021/01/14 00:00:00+00,2023/07/13 00:00:00+00,2020/12/21 00:00:00+00,, ,154 W Cox St,Arlington,98223,WA,US,48.201607,-122.128261, , ,340-403-3421,P, ,Non-Networked,0,1,0,1, ,J1772, ,FREE, ,GPS
-13640185.8196,6240237.0466,674,725,Bellingham International Airport,170588,ELEC,AIRPORT,24 hours daily,E,Public,CREDIT_CARD_ALWAYS,False,"American Express, Discover, Debit, MasterCard, Visa",2023/07/11 00:00:00+00,2023/07/11 00:00:00+00,2020/12/21 00:00:00+00,, ,4255 Mitchell Way,Bellingham,98226,WA,US,48.795524,-122.531874, , ,360-671-5674,P, ,Non-Networked,0,4,0,4, ,J1772, , , ,GPS
-13133549.221,5831853.5283,675,726,Dayton,170911,ELEC, ,24 hours daily,E,Public, , , ,2023/08/07 00:00:00+00,2023/08/07 00:00:00+00,2021/01/05 00:00:00+00,, ,120 N 1st St,Dayton,99328,WA,US,46.320465,-117.98068, , ,855-900-7584, ,2844,SHELL_RECHARGE,0,1,1,2, ,"CHAdeMO, J1772, CCS",https://shellrecharge.com/en-us/solutions, , ,200-9
-13043814.6908,5898093.718,676,727,Pullman DCFC,170933,ELEC, ,24 hours daily,E,Public, , , ,2023/08/07 00:00:00+00,2023/08/07 00:00:00+00,2021/01/05 00:00:00+00,, ,150 E Spring St.,Pullman,99163,WA,US,46.729875,-117.174581, , ,855-900-7584, ,962,SHELL_RECHARGE,0,0,1,1, ,"CHAdeMO, CCS",https://shellrecharge.com/en-us/solutions, , ,GPS
-13035873.381,6052219.0652,677,728,Liberty Lake Park N Ride DCFC,170934,ELEC, ,24 hours daily,E,Public, , , ,2023/08/07 00:00:00+00,2023/08/07 00:00:00+00,2021/01/05 00:00:00+00,, ,E. Mission Ave,Liberty Lake,99019,WA,US,47.670544,-117.103243, , ,855-900-7584, ,980,SHELL_RECHARGE,0,0,1,1, ,"CHAdeMO, CCS",https://shellrecharge.com/en-us/solutions, , ,GPS
-13029222.3754,6137147.50169999,678,729,Pend Oreille PUD,171183,ELEC, , ,E,Public, , , ,2023/06/21 00:00:00+00,2023/06/21 00:00:00+00,2020/06/12 00:00:00+00,, ,130 North Washington Avenue,Newport,99156,WA,US,48.181765,-117.043496,This EV Charging Station is sponsored by the Newport Chamber of Commerce and Pend Oreille PUD!, ,800-663-5633, ,4853,SemaCharge Network,0,2,0,2, ,J1772,https://semaconnect.com/,FREE, ,GPS
-13630321.9109,6236312.73890001,679,730,BARKLEY VILLAGE CORNERSTONE 1,171199,ELEC, ,24 hours daily,E,Public, , , ,2023/08/07 00:00:00+00,2023/08/07 00:00:00+00,2021/01/08 00:00:00+00,, ,Cornerstone Ln,Bellingham,98226,WA,US,48.772296,-122.443265, , ,888-758-4389, ,USCPIL472241,ChargePoint Network,0,2,0,2, ,J1772,http://www.chargepoint.com/, , ,GPS
-13611281.2686,6021657.8626,680,731,Tukwila,171349,ELEC, ,24 hours daily,E,Public, , , ,2023/08/07 00:00:00+00,2023/08/07 00:00:00+00,2021/01/16 00:00:00+00,, ,13050 Interurban Ave So.,Tukwila,98168,WA,US,47.485346,-122.27222, , ,855-900-7584, ,2859,SHELL_RECHARGE,0,1,4,5, ,"CHAdeMO, J1772, CCS",https://shellrecharge.com/en-us/solutions, , ,GPS
-13597346.406,6062741.7671,681,732,WILLOWS LODGE WILLOWS #1,171505,ELEC, ,24 hours daily,E,Public, , , ,2023/08/07 00:00:00+00,2023/08/07 00:00:00+00,2021/01/27 00:00:00+00,, ,14580 NE 145th St,Woodinville,98072,WA,US,47.734159,-122.147041, , ,888-758-4389, ,USCPIL719411,ChargePoint Network,0,2,0,2, ,J1772,http://www.chargepoint.com/, , ,GPS
-13597206.2548,6035452.6141,682,733,BELLEVUE SBCC #1,171512,ELEC, ,24 hours daily,E,Public, , , ,2023/08/07 00:00:00+00,2023/08/07 00:00:00+00,2021/01/27 00:00:00+00,, ,14509 SE Newport Way,Bellevue,98006,WA,US,47.569022,-122.145782, , ,888-758-4389, ,USCPIL2109281,ChargePoint Network,0,2,0,2, ,J1772,http://www.chargepoint.com/, , ,GPS
-13614231.6803,6011450.60019999,683,734,PUBLIC CHARGING ANGLE LAKE #1,171570,ELEC, ,24 hours daily,E,Public, , , ,2023/08/07 00:00:00+00,2023/08/07 00:00:00+00,2021/01/27 00:00:00+00,, ,2702 S 200th St,SeaTac,98188,WA,US,47.423345,-122.298724, , ,888-758-4389, ,USCPIL124373,ChargePoint Network,0,1,0,1, ,J1772,http://www.chargepoint.com/, , ,GPS
-13602898.9109,6043223.54079999,684,735,KEY CENTER KEY CENTER 5,171659,ELEC, ,24 hours daily,E,Public, , , ,2023/08/07 00:00:00+00,2023/08/07 00:00:00+00,2021/01/27 00:00:00+00,, ,601 108th Ave NE,Bellevue,98004,WA,US,47.6161,-122.19692, , ,888-758-4389, ,USCPIL2075171,ChargePoint Network,0,2,0,2, ,J1772,http://www.chargepoint.com/, , ,GPS
-13602895.5713,6043230.64180001,685,736,KEY CENTER KEY CENTER 4,171660,ELEC, ,24 hours daily,E,Public, , , ,2023/08/07 00:00:00+00,2023/08/07 00:00:00+00,2021/01/27 00:00:00+00,, ,601 108th Ave NE,Bellevue,98004,WA,US,47.616143,-122.19689, , ,888-758-4389, ,USCPIL2075081,ChargePoint Network,0,2,0,2, ,J1772,http://www.chargepoint.com/, , ,GPS
-13602882.7696,6043216.4398,686,737,KEY CENTER STATION 3,171661,ELEC, ,24 hours daily,E,Public, , , ,2023/08/07 00:00:00+00,2023/08/07 00:00:00+00,2021/01/27 00:00:00+00,, ,601 108th Ave NE,Bellevue,98004,WA,US,47.616057,-122.196775, , ,888-758-4389, ,USCPIL508801,ChargePoint Network,0,2,0,2, ,J1772,http://www.chargepoint.com/, , ,GPS
-13602888.7808,6043218.9169,687,738,KEY CENTER STATION 2,171662,ELEC, ,24 hours daily,E,Public, , , ,2023/08/07 00:00:00+00,2023/08/07 00:00:00+00,2021/01/27 00:00:00+00,, ,601 108th Ave NE,Bellevue,98004,WA,US,47.616072,-122.196829, , ,888-758-4389, ,USCPIL508731,ChargePoint Network,0,2,0,2, ,J1772,http://www.chargepoint.com/, , ,GPS
-13602895.9053,6043223.706,688,739,KEY CENTER STATION 1,171663,ELEC, ,24 hours daily,E,Public, , , ,2023/08/07 00:00:00+00,2023/08/07 00:00:00+00,2021/01/27 00:00:00+00,, ,601 108th Ave NE,Bellevue,98004,WA,US,47.616101,-122.196893, , ,888-758-4389, ,USCPIL458141,ChargePoint Network,0,2,0,2, ,J1772,http://www.chargepoint.com/, , ,GPS
-13602574.9712,6042931.90990001,689,740,KRC SKYLINE SKYLINE #2,171665,ELEC, ,24 hours daily,E,Public, , , ,2023/08/07 00:00:00+00,2023/08/07 00:00:00+00,2021/01/27 00:00:00+00,, ,10900 NE 4th St,Bellevue,98004,WA,US,47.614334,-122.19401, , ,888-758-4389, ,USCPIL1846071,ChargePoint Network,0,2,0,2, ,J1772,http://www.chargepoint.com/, , ,GPS
-13602584.656,6042927.121,690,741,KRC SKYLINE SKYLINE #3,171666,ELEC, ,24 hours daily,E,Public, , , ,2023/08/07 00:00:00+00,2023/08/07 00:00:00+00,2021/01/27 00:00:00+00,, ,10900 NE 4th St,Bellevue,98004,WA,US,47.614305,-122.194097, , ,888-758-4389, ,USCPIL1845891,ChargePoint Network,0,2,0,2, ,J1772,http://www.chargepoint.com/, , ,GPS
-13618248.6442,6176666.10349999,691,742,SKAGIT STATION SS2,171723,ELEC, ,24 hours daily,E,Public, , , ,2023/08/07 00:00:00+00,2023/08/07 00:00:00+00,2021/01/27 00:00:00+00,, ,105 E Kincaid St,Mount Vernon,98273,WA,US,48.417923,-122.334809, , ,888-758-4389, ,USCPIL178357,ChargePoint Network,0,1,0,1, ,J1772,http://www.chargepoint.com/, , ,GPS
-13602217.7469,6066642.3076,692,743,UWB CASCADIA CC SOUTH LEVEL 3 E,171751,ELEC, ,24 hours daily,E,Public, , , ,2023/08/06 00:00:00+00,2023/08/06 00:00:00+00,2021/01/27 00:00:00+00,, ,18140 Campus Way NE,Bothell,98011,WA,US,47.75772,-122.190801, , ,888-758-4389, ,USCPIL96453,ChargePoint Network,0,2,0,2, ,J1772,http://www.chargepoint.com/, , ,GPS
-13608458.9855,6090691.62059999,693,744,NISSAN-EVERETT DC STATION 2,171755,ELEC, ,24 hours daily,T,Public, , , ,2023/08/07 00:00:00+00,2023/08/07 00:00:00+00,2021/01/27 00:00:00+00,2023/08/05 00:00:00+00, ,10500 Evergreen Way,Everett,98204,WA,US,47.902753,-122.246867, , ,888-758-4389, ,USCPIL5486151,ChargePoint Network,0,0,1,1, ,"CHAdeMO, CCS",http://www.chargepoint.com/, , ,GPS
-13618140.9982,6041591.78939999,694,745,SAFECO PLAZA SAFECO PLAZA #2,171758,ELEC, ,24 hours daily,T,Public, , , ,2023/08/07 00:00:00+00,2023/08/07 00:00:00+00,2021/01/27 00:00:00+00,2023/07/01 00:00:00+00, ,1001 4th Ave Safeco Plaza,Seattle,98154,WA,US,47.606218,-122.333842, , ,888-758-4389, ,USCPIL136819,ChargePoint Network,0,2,0,2, ,J1772,http://www.chargepoint.com/, , ,GPS
-13602930.303,6043819.38359999,695,746,UDR ASHTON BELL #1,171794,ELEC, ,24 hours daily,E,Public, , , ,2023/08/06 00:00:00+00,2023/08/06 00:00:00+00,2021/01/27 00:00:00+00,, ,10710 NE 10th St,Bellevue,98004,WA,US,47.619708,-122.197202, , ,888-758-4389, ,USCPIL102867,ChargePoint Network,0,2,0,2, ,J1772,http://www.chargepoint.com/, , ,GPS
-13602787.4801,6043843.6608,696,747,UDR TEN20 #2,171795,ELEC, ,24 hours daily,E,Public, , , ,2023/08/06 00:00:00+00,2023/08/06 00:00:00+00,2021/01/27 00:00:00+00,, ,1020 108th Ave NE,Bellevue,98004,WA,US,47.619855,-122.195919, , ,888-758-4389, ,USCPIL103863,ChargePoint Network,0,2,0,2, ,J1772,http://www.chargepoint.com/, , ,GPS
-13604634.4931,6014711.61209999,697,748,VALLEY MED CTR MAIN LOT #7,171804,ELEC, ,24 hours daily,E,Public, , , ,2023/08/06 00:00:00+00,2023/08/06 00:00:00+00,2021/01/27 00:00:00+00,, ,4109-4251 Talbot Rd S,Renton,98055,WA,US,47.443161,-122.212511, , ,888-758-4389, ,USCPIL93919,ChargePoint Network,0,2,0,2, ,J1772,http://www.chargepoint.com/, , ,GPS
-13634889.7949,5979466.251,698,749,TPU HQ #7,171809,ELEC, ,24 hours daily,E,Public, , , ,2023/08/07 00:00:00+00,2023/08/07 00:00:00+00,2021/01/27 00:00:00+00,, ,3628 S 35th St,Tacoma,98409,WA,US,47.228592,-122.484299, , ,888-758-4389, ,USCPIL630061,ChargePoint Network,0,2,0,2, ,J1772,http://www.chargepoint.com/, , ,GPS
-13618387.6822,6042003.57850001,699,750,RPNW PSP-COBB #1,171852,ELEC, ,24 hours daily,T,Public, , , ,2023/08/07 00:00:00+00,2023/08/07 00:00:00+00,2021/01/27 00:00:00+00,2022/09/09 00:00:00+00, ,1325 4th Ave,Seattle,98101,WA,US,47.608712,-122.336058, , ,888-758-4389, ,USCPIL164755,ChargePoint Network,0,2,0,2, ,J1772,http://www.chargepoint.com/, , ,GPS
-13604630.9309,6014720.50029999,700,751,VALLEY MED CTR MAIN LOT #6,171879,ELEC, ,24 hours daily,E,Public, , , ,2023/08/06 00:00:00+00,2023/08/06 00:00:00+00,2021/01/27 00:00:00+00,, ,400 S 43rd St,Renton,98055,WA,US,47.443215,-122.212479, , ,888-758-4389, ,USCPIL96065,ChargePoint Network,0,2,0,2, ,J1772,http://www.chargepoint.com/, , ,GPS
-13601726.828,6042554.91809999,701,752,HAMPTON INN NORTH FRONT,171930,ELEC, ,24 hours daily,E,Public, , , ,2023/08/07 00:00:00+00,2023/08/07 00:00:00+00,2021/01/27 00:00:00+00,, ,11505 NE 2nd Pl,Bellevue,98004,WA,US,47.612051,-122.186391, , ,888-758-4389, ,USCPIL117679,ChargePoint Network,0,2,0,2, ,J1772,http://www.chargepoint.com/, , ,GPS
-13602660.3532,6042776.02520001,702,753,THE SUMMIT THE SUMMIT - P1,172031,ELEC, ,24 hours daily,E,Public, , , ,2023/08/07 00:00:00+00,2023/08/07 00:00:00+00,2021/01/27 00:00:00+00,, ,10885 NE 4th St,Bellevue,98004,WA,US,47.61339,-122.194777, , ,888-758-4389, ,USCPIL182619,ChargePoint Network,0,2,0,2, ,J1772,http://www.chargepoint.com/, , ,GPS
-13618651.6207,6019019.16219999,703,754,KING COUNTY DES BURIEN P&R #9,172047,ELEC, ,24 hours daily,T,Public, , , ,2023/08/07 00:00:00+00,2023/08/07 00:00:00+00,2021/01/27 00:00:00+00,2022/09/09 00:00:00+00, ,14901 4th Ave SW,Burien,98166,WA,US,47.469325,-122.338429, , ,888-758-4389, ,USCPIL126493,ChargePoint Network,0,1,0,1, ,J1772,http://www.chargepoint.com/, , ,GPS
-13618624.4588,6019020.315,704,755,KING COUNTY DES BURIEN P&R #10,172048,ELEC, ,24 hours daily,T,Public, , , ,2023/08/07 00:00:00+00,2023/08/07 00:00:00+00,2021/01/27 00:00:00+00,2022/09/09 00:00:00+00, ,14901 4th Ave SW,Burien,98166,WA,US,47.469332,-122.338185, , ,888-758-4389, ,USCPIL126487,ChargePoint Network,0,1,0,1, ,J1772,http://www.chargepoint.com/, , ,GPS
-13629678.3729,5983314.00389999,705,756,VISITOR GARAGE WALL UNIT,172050,ELEC, ,24 hours daily,E,Public, , , ,2023/08/07 00:00:00+00,2023/08/07 00:00:00+00,2021/01/27 00:00:00+00,, ,1201 Pacific Ave,Tacoma,98402,WA,US,47.252059,-122.437484, , ,888-758-4389, ,USCPIL117585,ChargePoint Network,0,1,0,1, ,J1772,http://www.chargepoint.com/, , ,GPS
-13603970.027,6042748.6135,706,757,BELLEVUE DOWNTOWN PARK 1,172053,ELEC, ,24 hours daily,T,Public, , , ,2023/08/07 00:00:00+00,2023/08/07 00:00:00+00,2021/01/27 00:00:00+00,2022/09/09 00:00:00+00, ,10201 NE 4th St,Bellevue,98004,WA,US,47.613224,-122.206542, , ,888-758-4389, ,USCPIL183109,ChargePoint Network,0,2,0,2, ,J1772,http://www.chargepoint.com/, , ,GPS
-13619066.1745,6044252.2542,707,758,400 DEXTER AVE 400 DEXTER #2,172061,ELEC, ,24 hours daily,E,Public, , , ,2023/08/07 00:00:00+00,2023/08/07 00:00:00+00,2021/01/27 00:00:00+00,, ,400 Dexter Ave N,Seattle,98109,WA,US,47.622329,-122.342153, , ,888-758-4389, ,USCPIL136043,ChargePoint Network,0,2,0,2, ,J1772,http://www.chargepoint.com/, , ,GPS
-13670752.148,5949870.26660001,708,759,DEPT OF ECOLOGY HQ 3,172064,ELEC, ,24 hours daily,E,Public, , , ,2023/08/07 00:00:00+00,2023/08/07 00:00:00+00,2021/01/27 00:00:00+00,, ,300 Desmond Dr SE,Lacey,98503,WA,US,47.047742,-122.806456, , ,888-758-4389, ,USCPIL137167,ChargePoint Network,0,2,0,2, ,J1772,http://www.chargepoint.com/, , ,GPS
-13617305.5454,6042142.4421,709,760,VM CHARGERS VIRGINIA MASON3,172108,ELEC, ,24 hours daily,E,Public, , , ,2023/08/07 00:00:00+00,2023/08/07 00:00:00+00,2021/01/27 00:00:00+00,, ,1012 Terry Ave,Seattle,98101,WA,US,47.609553,-122.326337, , ,888-758-4389, ,USCPIL120185,ChargePoint Network,0,1,0,1, ,J1772,http://www.chargepoint.com/, , ,GPS
-13617318.9038,6042133.85599999,710,761,VM CHARGERS VIRGINIA MASON1,172109,ELEC, ,24 hours daily,E,Public, , , ,2023/08/07 00:00:00+00,2023/08/07 00:00:00+00,2021/01/27 00:00:00+00,, ,1012 Terry Ave,Seattle,98101,WA,US,47.609501,-122.326457, , ,888-758-4389, ,USCPIL120177,ChargePoint Network,0,1,0,1, ,J1772,http://www.chargepoint.com/, , ,GPS
-13596192.0229,6046452.78130001,711,762,ALOFT ALOFT ELEMENT 1,172284,ELEC, ,24 hours daily,E,Public, , , ,2023/08/07 00:00:00+00,2023/08/07 00:00:00+00,2021/01/27 00:00:00+00,, ,2752-2836 152nd Ave NE,Redmond,98052,WA,US,47.635651,-122.136671, , ,888-758-4389, ,USCPIL190995,ChargePoint Network,0,2,0,2, ,J1772,http://www.chargepoint.com/, , ,GPS
-13604336.1569,6036786.3369,712,763,MERCER ISLAND CITY HALL #3,172315,ELEC, ,24 hours daily,E,Public, , , ,2023/08/07 00:00:00+00,2023/08/07 00:00:00+00,2021/01/27 00:00:00+00,, ,9611 SE 36th St City Hall,Mercer Island,98040,WA,US,47.577105,-122.209831, , ,888-758-4389, ,USCPIL204373,ChargePoint Network,0,2,0,2, ,J1772,http://www.chargepoint.com/, , ,GPS
-13604335.155,6036797.72309999,713,764,MERCER ISLAND CITY HALL #2,172316,ELEC, ,24 hours daily,E,Public, , , ,2023/08/06 00:00:00+00,2023/08/06 00:00:00+00,2021/01/27 00:00:00+00,, ,9611 SE 36th St City Hall,Mercer Island,98040,WA,US,47.577174,-122.209822, , ,888-758-4389, ,USCPIL98257,ChargePoint Network,0,2,0,2, ,J1772,http://www.chargepoint.com/, , ,GPS
-13634364.4782,6232685.1977,714,765,GARAGE COMMERCIAL ST 1,172343,ELEC, ,24 hours daily,E,Public, , , ,2023/08/07 00:00:00+00,2023/08/07 00:00:00+00,2021/01/27 00:00:00+00,, ,1300 Commercial St,Bellingham,98225,WA,US,48.750815,-122.47958, , ,888-758-4389, ,USCPIL142965,ChargePoint Network,0,2,0,2, ,J1772,http://www.chargepoint.com/, , ,GPS
-13616839.5621,6042229.46000001,715,766,MADISON GARAGE MADISON GARAGE1,172401,ELEC, ,24 hours daily,E,Public, , , ,2023/08/07 00:00:00+00,2023/08/07 00:00:00+00,2021/01/27 00:00:00+00,, ,1229 Madison St,Seattle,98104,WA,US,47.61008,-122.322151, , ,888-758-4389, ,USCPIL123123,ChargePoint Network,0,2,0,2, ,J1772,http://www.chargepoint.com/, , ,GPS
-13619136.6398,6043327.41399999,716,767,INSIGNIA 953 97 98,172407,ELEC, ,24 hours daily,E,Public, , , ,2023/08/07 00:00:00+00,2023/08/07 00:00:00+00,2021/01/27 00:00:00+00,, ,588 Bell St,Seattle,98121,WA,US,47.616729,-122.342786, , ,888-758-4389, ,USCPIL121013,ChargePoint Network,0,2,0,2, ,J1772,http://www.chargepoint.com/, , ,GPS
-13619117.1588,6043310.8999,717,768,INSIGNIA 953 214 215,172408,ELEC, ,24 hours daily,E,Public, , , ,2023/08/07 00:00:00+00,2023/08/07 00:00:00+00,2021/01/27 00:00:00+00,, ,588 Bell St,Seattle,98121,WA,US,47.616629,-122.342611, , ,888-758-4389, ,USCPIL121009,ChargePoint Network,0,2,0,2, ,J1772,http://www.chargepoint.com/, , ,GPS
-13619132.187,6043323.12030001,718,769,INSIGNIA 953 136 137,172409,ELEC, ,24 hours daily,E,Public, , , ,2023/08/07 00:00:00+00,2023/08/07 00:00:00+00,2021/01/27 00:00:00+00,, ,588 Bell St,Seattle,98121,WA,US,47.616703,-122.342746, , ,888-758-4389, ,USCPIL121005,ChargePoint Network,0,2,0,2, ,J1772,http://www.chargepoint.com/, , ,GPS
-13619139.6454,6043322.79009999,719,770,INSIGNIA 953 95 96,172411,ELEC, ,24 hours daily,E,Public, , , ,2023/08/07 00:00:00+00,2023/08/07 00:00:00+00,2021/01/27 00:00:00+00,, ,588 Bell St,Seattle,98121,WA,US,47.616701,-122.342813, , ,888-758-4389, ,USCPIL120515,ChargePoint Network,0,2,0,2, ,J1772,http://www.chargepoint.com/, , ,GPS
-13619135.0813001,6043318.6615,720,771,INSIGNIA 953 134 135,172412,ELEC, ,24 hours daily,E,Public, , , ,2023/08/07 00:00:00+00,2023/08/07 00:00:00+00,2021/01/27 00:00:00+00,, ,588 Bell St,Seattle,98121,WA,US,47.616676,-122.342772, , ,888-758-4389, ,USCPIL120509,ChargePoint Network,0,2,0,2, ,J1772,http://www.chargepoint.com/, , ,GPS
-13619134.97,6043307.432,721,772,INSIGNIA 953 180 181,172413,ELEC, ,24 hours daily,T,Public, , , ,2023/08/07 00:00:00+00,2023/08/07 00:00:00+00,2021/01/27 00:00:00+00,2023/04/28 00:00:00+00, ,588 Bell St,Seattle,98121,WA,US,47.616608,-122.342771, , ,888-758-4389, ,USCPIL120481,ChargePoint Network,0,2,0,2, ,J1772,http://www.chargepoint.com/, , ,GPS
-13619130.4059,6043313.0467,722,773,INSIGNIA 953 174 175,172414,ELEC, ,24 hours daily,T,Public, , , ,2023/08/07 00:00:00+00,2023/08/07 00:00:00+00,2021/01/27 00:00:00+00,2023/04/09 00:00:00+00, ,588 Bell St,Seattle,98121,WA,US,47.616642,-122.34273, , ,888-758-4389, ,USCPIL120479,ChargePoint Network,0,2,0,2, ,J1772,http://www.chargepoint.com/, , ,GPS
-13619138.1982,6043313.7073,723,774,INSIGNIA 953 142 143,172415,ELEC, ,24 hours daily,E,Public, , , ,2023/08/07 00:00:00+00,2023/08/07 00:00:00+00,2021/01/27 00:00:00+00,, ,588 Bell St,Seattle,98121,WA,US,47.616646,-122.3428, , ,888-758-4389, ,USCPIL120477,ChargePoint Network,0,2,0,2, ,J1772,http://www.chargepoint.com/, , ,GPS
-13619138.3095001,6043304.4594,724,775,INSIGNIA 953 178 179,172416,ELEC, ,24 hours daily,T,Public, , , ,2023/08/07 00:00:00+00,2023/08/07 00:00:00+00,2021/01/27 00:00:00+00,2023/04/09 00:00:00+00, ,588 Bell St,Seattle,98121,WA,US,47.61659,-122.342801, , ,888-758-4389, ,USCPIL120473,ChargePoint Network,0,2,0,2, ,J1772,http://www.chargepoint.com/, , ,GPS
-13619121.6116,6043304.1291,725,776,INSIGNIA 953 212 213,172417,ELEC, ,24 hours daily,E,Public, , , ,2023/08/07 00:00:00+00,2023/08/07 00:00:00+00,2021/01/27 00:00:00+00,, ,588 Bell St,Seattle,98121,WA,US,47.616588,-122.342651, , ,888-758-4389, ,USCPIL120435,ChargePoint Network,0,2,0,2, ,J1772,http://www.chargepoint.com/, , ,GPS
-13619127.1776,6043295.707,726,777,INSIGNIA 953 218 219,172418,ELEC, ,24 hours daily,E,Public, , , ,2023/08/07 00:00:00+00,2023/08/07 00:00:00+00,2021/01/27 00:00:00+00,, ,588 Bell St,Seattle,98121,WA,US,47.616537,-122.342701, , ,888-758-4389, ,USCPIL120421,ChargePoint Network,0,2,0,2, ,J1772,http://www.chargepoint.com/, , ,GPS
-13619141.6491,6043308.7531,727,778,INSIGNIA 953 140 141,172419,ELEC, ,24 hours daily,E,Public, , , ,2023/08/07 00:00:00+00,2023/08/07 00:00:00+00,2021/01/27 00:00:00+00,, ,588 Bell St,Seattle,98121,WA,US,47.616616,-122.342831, , ,888-758-4389, ,USCPIL120417,ChargePoint Network,0,2,0,2, ,J1772,http://www.chargepoint.com/, , ,GPS
-13619142.3170001,6043319.157,728,779,INSIGNIA 953 103 104,172420,ELEC, ,24 hours daily,E,Public, , , ,2023/08/07 00:00:00+00,2023/08/07 00:00:00+00,2021/01/27 00:00:00+00,, ,588 Bell St,Seattle,98121,WA,US,47.616679,-122.342837, , ,888-758-4389, ,USCPIL120349,ChargePoint Network,0,2,0,2, ,J1772,http://www.chargepoint.com/, , ,GPS
-13619144.8774,6043315.1936,729,780,INSIGNIA 953 101 102,172421,ELEC, ,24 hours daily,E,Public, , , ,2023/08/07 00:00:00+00,2023/08/07 00:00:00+00,2021/01/27 00:00:00+00,, ,588 Bell St,Seattle,98121,WA,US,47.616655,-122.34286, , ,888-758-4389, ,USCPIL120347,ChargePoint Network,0,2,0,2, ,J1772,http://www.chargepoint.com/, , ,GPS
-13583148.7181999,6031545.3624,730,781,KING COUNTY DES ISSAQUAH P&R 1,172426,ELEC, ,24 hours daily,E,Public, , , ,2023/08/07 00:00:00+00,2023/08/07 00:00:00+00,2021/01/27 00:00:00+00,, ,1755 Highlands Dr NE,Issaquah,98027,WA,US,47.545335,-122.019501, , ,888-758-4389, ,USCPIL5420331,ChargePoint Network,0,2,0,2, ,J1772,http://www.chargepoint.com/, , ,GPS
-13618048.603,6041985.2507,731,782,RPNW IBM #2,172525,ELEC, ,24 hours daily,T,Public, , , ,2023/08/07 00:00:00+00,2023/08/07 00:00:00+00,2021/01/27 00:00:00+00,2022/09/09 00:00:00+00, ,1200 5th Ave,Seattle,98101,WA,US,47.608601,-122.333012, , ,888-758-4389, ,USCPIL196049,ChargePoint Network,0,2,0,2, ,J1772,http://www.chargepoint.com/, , ,GPS
-13603576.1786999,6043362.0937,732,783,BELLEVUE SQUARE BELL SQ NORTH 2,172561,ELEC, ,24 hours daily,E,Public, , , ,2023/08/07 00:00:00+00,2023/08/07 00:00:00+00,2021/01/27 00:00:00+00,, ,Bellevue Square - North Building104th Ave NE,Bellevue,98004,WA,US,47.616939,-122.203004, , ,888-758-4389, ,USCPIL196479,ChargePoint Network,0,2,0,2, ,J1772,http://www.chargepoint.com/, , ,GPS
-13603574.9542,6043349.8732,733,784,BELLEVUE SQUARE BELL SQ NORTH 3,172562,ELEC, ,24 hours daily,E,Public, , , ,2023/08/07 00:00:00+00,2023/08/07 00:00:00+00,2021/01/27 00:00:00+00,, ,Bellevue Square - North Building104th Ave NE,Bellevue,98004,WA,US,47.616865,-122.202993, , ,888-758-4389, ,USCPIL196475,ChargePoint Network,0,2,0,2, ,J1772,http://www.chargepoint.com/, , ,GPS
-13603576.1786999,6043334.1848,734,785,BELLEVUE SQUARE BELL SQ NORTH 4,172563,ELEC, ,24 hours daily,E,Public, , , ,2023/08/07 00:00:00+00,2023/08/07 00:00:00+00,2021/01/27 00:00:00+00,, ,Bellevue Square - North Building104th Ave NE,Bellevue,98004,WA,US,47.61677,-122.203004, , ,888-758-4389, ,USCPIL196471,ChargePoint Network,0,2,0,2, ,J1772,http://www.chargepoint.com/, , ,GPS
-13603325.0419,6042892.9385,735,786,LINC SQUARE EXP LSS P6 1,172572,ELEC, ,24 hours daily,E,Public, , , ,2023/08/07 00:00:00+00,2023/08/07 00:00:00+00,2021/01/27 00:00:00+00,, ,410 Bellevue Way NE,Bellevue,98004,WA,US,47.614098,-122.200748, , ,888-758-4389, ,USCPIL331731,ChargePoint Network,0,2,0,2, ,J1772,http://www.chargepoint.com/, , ,GPS
-13603300.8856,6042941.8179,736,787,LINC SQUARE EXP LSS P2 111-112,172573,ELEC, ,24 hours daily,E,Public, , , ,2023/08/07 00:00:00+00,2023/08/07 00:00:00+00,2021/01/27 00:00:00+00,, ,410 Bellevue Way NE,Bellevue,98004,WA,US,47.614394,-122.200531, , ,888-758-4389, ,USCPIL215699,ChargePoint Network,0,2,0,2, ,J1772,http://www.chargepoint.com/, , ,GPS
-13603314.5779,6042952.0562,737,788,LINC SQUARE EXP LSS P2 104-105,172574,ELEC, ,24 hours daily,E,Public, , , ,2023/08/07 00:00:00+00,2023/08/07 00:00:00+00,2021/01/27 00:00:00+00,, ,410 Bellevue Way NE,Bellevue,98004,WA,US,47.614456,-122.200654, , ,888-758-4389, ,USCPIL209109,ChargePoint Network,0,2,0,2, ,J1772,http://www.chargepoint.com/, , ,GPS
-13603372.0187,6042902.6813,738,789,LINC SQUARE EXP LSE P2 #1,172575,ELEC, ,24 hours daily,E,Public, , , ,2023/08/07 00:00:00+00,2023/08/07 00:00:00+00,2021/01/27 00:00:00+00,, ,410 Bellevue Way NE,Bellevue,98004,WA,US,47.614157,-122.20117, , ,888-758-4389, ,USCPIL142999,ChargePoint Network,0,2,0,2, ,J1772,http://www.chargepoint.com/, , ,GPS
-13604855.4622999,6014962.4594,739,790,VALLEY MED CTR N GARAGE #2,172579,ELEC, ,24 hours daily,E,Public, , , ,2023/08/07 00:00:00+00,2023/08/07 00:00:00+00,2021/01/27 00:00:00+00,, ,4033 Talbot Rd S,Renton,98055,WA,US,47.444685,-122.214496, , ,888-758-4389, ,USCPIL371351,ChargePoint Network,0,2,0,2, ,J1772,http://www.chargepoint.com/, , ,GPS
-13614231.1237,6011441.87989999,740,791,PUBLIC CHARGING ANGLE LAKE #3,172633,ELEC, ,24 hours daily,E,Public, , , ,2023/08/07 00:00:00+00,2023/08/07 00:00:00+00,2021/01/27 00:00:00+00,, ,2702 S 200th St,SeaTac,98198,WA,US,47.423292,-122.298719, , ,888-758-4389, ,USCPIL124681,ChargePoint Network,0,1,0,1, ,J1772,http://www.chargepoint.com/, , ,GPS
-13618689.5807,6019024.76120001,741,792,KING COUNTY DES BURIEN P&R #2,172644,ELEC, ,24 hours daily,T,Public, , , ,2023/08/07 00:00:00+00,2023/08/07 00:00:00+00,2021/01/27 00:00:00+00,2022/09/09 00:00:00+00, ,14900 4th Ave SW,Burien,98166,WA,US,47.469359,-122.33877, , ,888-758-4389, ,USCPIL126511,ChargePoint Network,0,1,0,1, ,J1772,http://www.chargepoint.com/, , ,GPS
-13618674.1073,6019005.32930001,742,793,KING COUNTY DES BURIEN P&R #6,172645,ELEC, ,24 hours daily,E,Public, , , ,2023/08/07 00:00:00+00,2023/08/07 00:00:00+00,2021/01/27 00:00:00+00,, ,14900 4th Ave SW,Burien,98166,WA,US,47.469241,-122.338631, , ,888-758-4389, ,USCPIL126509,ChargePoint Network,0,1,0,1, ,J1772,http://www.chargepoint.com/, , ,GPS
-13618671.1016,6019016.03329999,743,794,KING COUNTY DES BURIEN P&R #7,172646,ELEC, ,24 hours daily,T,Public, , , ,2023/08/07 00:00:00+00,2023/08/07 00:00:00+00,2021/01/27 00:00:00+00,2022/09/09 00:00:00+00, ,14900 4th Ave SW,Burien,98166,WA,US,47.469306,-122.338604, , ,888-758-4389, ,USCPIL126507,ChargePoint Network,0,1,0,1, ,J1772,http://www.chargepoint.com/, , ,GPS
-13618685.1279,6019014.38660001,744,795,KING COUNTY DES BURIEN P&R #4,172647,ELEC, ,24 hours daily,T,Public, , , ,2023/08/07 00:00:00+00,2023/08/07 00:00:00+00,2021/01/27 00:00:00+00,2022/09/09 00:00:00+00, ,14900 4th Ave SW,Burien,98166,WA,US,47.469296,-122.33873, , ,888-758-4389, ,USCPIL126491,ChargePoint Network,0,1,0,1, ,J1772,http://www.chargepoint.com/, , ,GPS
-13618686.909,6019022.94980001,745,796,KING COUNTY DES BURIEN P&R #3,172648,ELEC, ,24 hours daily,T,Public, , , ,2023/08/07 00:00:00+00,2023/08/07 00:00:00+00,2021/01/27 00:00:00+00,2022/09/09 00:00:00+00, ,14900 4th Ave SW,Burien,98166,WA,US,47.469348,-122.338746, , ,888-758-4389, ,USCPIL126489,ChargePoint Network,0,1,0,1, ,J1772,http://www.chargepoint.com/, , ,GPS
-13618688.1335,6019034.9713,746,797,KING COUNTY DES BURIEN P&R #1,172649,ELEC, ,24 hours daily,T,Public, , , ,2023/08/07 00:00:00+00,2023/08/07 00:00:00+00,2021/01/27 00:00:00+00,2022/09/09 00:00:00+00, ,14900 4th Ave SW,Burien,98166,WA,US,47.469421,-122.338757, , ,888-758-4389, ,USCPIL125173,ChargePoint Network,0,1,0,1, ,J1772,http://www.chargepoint.com/, , ,GPS
-13617824.8509,6040359.5111,747,798,KING COUNTY DES KSC STATION #6,172658,ELEC, ,24 hours daily,E,Public, , , ,2023/08/07 00:00:00+00,2023/08/07 00:00:00+00,2021/01/27 00:00:00+00,, ,201 S Jackson St,Seattle,98104,WA,US,47.598754,-122.331002, , ,888-758-4389, ,USCPIL160355,ChargePoint Network,0,1,0,1, ,J1772,http://www.chargepoint.com/, , ,GPS
-13617821.5113,6040360.17140001,748,799,KING COUNTY DES KSC STATION #7,172659,ELEC, ,24 hours daily,E,Public, , , ,2023/08/07 00:00:00+00,2023/08/07 00:00:00+00,2021/01/27 00:00:00+00,, ,201 S Jackson St,Seattle,98104,WA,US,47.598758,-122.330972, , ,888-758-4389, ,USCPIL160349,ChargePoint Network,0,1,0,1, ,J1772,http://www.chargepoint.com/, , ,GPS
-13617816.7245,6040327.48480001,749,800,KING COUNTY DES KSC STATION #3,172660,ELEC, ,24 hours daily,E,Public, , , ,2023/08/07 00:00:00+00,2023/08/07 00:00:00+00,2021/01/27 00:00:00+00,, ,201 S Jackson St,Seattle,98104,WA,US,47.59856,-122.330929, , ,888-758-4389, ,USCPIL160347,ChargePoint Network,0,1,0,1, ,J1772,http://www.chargepoint.com/, , ,GPS
-13620348.7977,6044095.02440001,750,1215,CPA STATION 7,198148,ELEC, ,24 hours daily,E,Public, , , ,2023/08/07 00:00:00+00,2023/08/07 00:00:00+00,2021/10/23 00:00:00+00,, ,305 Thomas St,Seattle,98109,WA,US,47.621377,-122.353675, , ,888-758-4389, ,USCPIL10227461,ChargePoint Network,0,2,0,2, ,J1772,http://www.chargepoint.com/, , ,GPS
-13585065.3058,6040831.8306,751,808,SAMMAMISH GARAGE 2,172913,ELEC, ,24 hours daily,E,Public, , , ,2023/08/07 00:00:00+00,2023/08/07 00:00:00+00,2021/01/27 00:00:00+00,, ,801 228th Ave SE,Sammamish,98075,WA,US,47.601615,-122.036718, , ,888-758-4389, ,USCPIL194239,ChargePoint Network,0,2,0,2, ,J1772,http://www.chargepoint.com/, , ,GPS
-13620352.4712001,6044095.02440001,752,1216,CPA STATION 6,198149,ELEC, ,24 hours daily,E,Public, , , ,2023/08/07 00:00:00+00,2023/08/07 00:00:00+00,2021/10/23 00:00:00+00,, ,305 Thomas St,Seattle,98109,WA,US,47.621377,-122.353708, , ,888-758-4389, ,USCPIL10227521,ChargePoint Network,0,2,0,2, ,J1772,http://www.chargepoint.com/, , ,GPS
-13620349.2430001,6044083.7938,753,1217,CPA STATION 2,198150,ELEC, ,24 hours daily,E,Public, , , ,2023/08/07 00:00:00+00,2023/08/07 00:00:00+00,2021/10/23 00:00:00+00,, ,305 Thomas St,Seattle,98109,WA,US,47.621309,-122.353679, , ,888-758-4389, ,USCPIL10227571,ChargePoint Network,0,2,0,2, ,J1772,http://www.chargepoint.com/, , ,GPS
-13585019.1083,6040831.0052,754,809,SAMMAMISH CITY HALL LOT 2,172914,ELEC, ,24 hours daily,E,Public, , , ,2023/08/07 00:00:00+00,2023/08/07 00:00:00+00,2021/01/27 00:00:00+00,, ,801 228th Ave SE,Sammamish,98075,WA,US,47.60161,-122.036303, , ,888-758-4389, ,USCPIL194221,ChargePoint Network,0,2,0,2, ,J1772,http://www.chargepoint.com/, , ,GPS
-13620342.6751,6044095.1896,755,1218,CPA STATION 9,198151,ELEC, ,24 hours daily,E,Public, , , ,2023/08/07 00:00:00+00,2023/08/07 00:00:00+00,2021/10/23 00:00:00+00,, ,305 Thomas St,Seattle,98109,WA,US,47.621378,-122.35362, , ,888-758-4389, ,USCPIL10227601,ChargePoint Network,0,2,0,2, ,J1772,http://www.chargepoint.com/, , ,GPS
-13618299.0719,6041890.97020001,756,810,RPNW FC #2,173140,ELEC, ,24 hours daily,T,Public, , , ,2023/08/07 00:00:00+00,2023/08/07 00:00:00+00,2021/01/27 00:00:00+00,2022/09/09 00:00:00+00, ,319 University St,Seattle,98101,WA,US,47.60803,-122.335262, , ,888-758-4389, ,USCPIL199161,ChargePoint Network,0,2,0,2, ,J1772,http://www.chargepoint.com/, , ,GPS
-13628281.3133,5991621.826,757,1219,TPS FACILITIES BROWNS POINT #3,198202,ELEC, ,24 hours daily,E,Public, , , ,2023/08/07 00:00:00+00,2023/08/07 00:00:00+00,2021/10/25 00:00:00+00,, ,1526 51st St NE,Tacoma,98422,WA,US,47.302692,-122.424934, , ,888-758-4389, ,USCPIL8209021,ChargePoint Network,0,1,0,1, ,J1772,http://www.chargepoint.com/, , ,GPS
-13602209.8433,6066646.94409999,758,811,UWB CASCADIA CC SOUTH LEVEL 4 N,173267,ELEC, ,24 hours daily,E,Public, , , ,2023/08/07 00:00:00+00,2023/08/07 00:00:00+00,2021/01/27 00:00:00+00,, ,Campus Way NE,Bothell,98011,WA,US,47.757748,-122.19073, , ,888-758-4389, ,USCPIL272991,ChargePoint Network,0,2,0,2, ,J1772,http://www.chargepoint.com/, , ,GPS
-13618760.8251,6018697.38840001,759,1220,CITY LIGHT BURIEN LIBRARY,199383,ELEC, ,24 hours daily,E,Public, , , ,2023/08/07 00:00:00+00,2023/08/07 00:00:00+00,2021/10/28 00:00:00+00,, ,15135 4th Ave SW,Burien,98166,WA,US,47.467371,-122.33941, , ,888-758-4389, ,USCPIL10695461,ChargePoint Network,0,0,1,1, ,"CHAdeMO, CCS",http://www.chargepoint.com/, , ,GPS
-13603331.6098001,6042962.1294,760,812,LINC SQUARE EXP LSS P2 102-103,173268,ELEC, ,24 hours daily,E,Public, , , ,2023/08/07 00:00:00+00,2023/08/07 00:00:00+00,2021/01/27 00:00:00+00,, ,440 Bellevue Way NE,Bellevue,98004,WA,US,47.614517,-122.200807, , ,888-758-4389, ,USCPIL206781,ChargePoint Network,0,2,0,2, ,J1772,http://www.chargepoint.com/, , ,GPS
-13600565.7657,6044041.8444,761,1221,BLOCK 24 FB STATION 8,199480,ELEC, ,24 hours daily,E,Public, , , ,2023/08/07 00:00:00+00,2023/08/07 00:00:00+00,2021/10/30 00:00:00+00,, ,12355 NE District Way,Bellevue,98005,WA,US,47.621055,-122.175961, , ,888-758-4389, ,USCPIL8611731,ChargePoint Network,0,1,0,1, ,J1772,http://www.chargepoint.com/, , ,GPS
-13603338.7342,6042926.6256,762,813,LINC SQUARE EXP LSS P2 96 97,173269,ELEC, ,24 hours daily,E,Public, , , ,2023/08/07 00:00:00+00,2023/08/07 00:00:00+00,2021/01/27 00:00:00+00,, ,424 104th Ave NE,Bellevue,98004,WA,US,47.614302,-122.200871, , ,888-758-4389, ,USCPIL206845,ChargePoint Network,0,2,0,2, ,J1772,http://www.chargepoint.com/, , ,GPS
-13603364.1151,6042928.7724,763,814,LINC SQUARE EXP LSS P2 123-124,173271,ELEC, ,24 hours daily,E,Public, , , ,2023/08/07 00:00:00+00,2023/08/07 00:00:00+00,2021/01/27 00:00:00+00,, ,424 104th Ave NE,Bellevue,98004,WA,US,47.614315,-122.201099, , ,888-758-4389, ,USCPIL206787,ChargePoint Network,0,2,0,2, ,J1772,http://www.chargepoint.com/, , ,GPS
-13617763.5138,6040077.88160001,764,815,DC CORRIDOR SEAHAWK 12D,173283,ELEC, ,24 hours daily,E,Public, , , ,2023/08/07 00:00:00+00,2023/08/07 00:00:00+00,2021/01/27 00:00:00+00,, ,338 Weller St Bridge,Seattle,98134,WA,US,47.597048,-122.330451, , ,888-758-4389, ,USCPIL158799,ChargePoint Network,0,0,1,1, ,"CHAdeMO, CCS",http://www.chargepoint.com/, , ,GPS
-13617762.9572,6040105.9451,765,816,DC CORRIDOR SEAHAWK 12C,173284,ELEC, ,24 hours daily,E,Public, , , ,2023/08/07 00:00:00+00,2023/08/07 00:00:00+00,2021/01/27 00:00:00+00,, ,338 Weller St Bridge,Seattle,98134,WA,US,47.597218,-122.330446, , ,888-758-4389, ,USCPIL158761,ChargePoint Network,0,0,1,1, ,"CHAdeMO, CCS",http://www.chargepoint.com/, , ,GPS
-13617762.9572,6040136.4849,766,817,DC CORRIDOR SEAHAWK 12B,173285,ELEC, ,24 hours daily,T,Public, , , ,2023/08/07 00:00:00+00,2023/08/07 00:00:00+00,2021/01/27 00:00:00+00,2022/09/09 00:00:00+00, ,338 Weller St Bridge,Seattle,98134,WA,US,47.597403,-122.330446, , ,888-758-4389, ,USCPIL158687,ChargePoint Network,0,0,1,1, ,"CHAdeMO, CCS",http://www.chargepoint.com/, , ,GPS
-13822621.0992,5949032.5378,767,818,QBRC QBRC 2,173310,ELEC, ,24 hours daily,E,Public, , , ,2023/08/07 00:00:00+00,2023/08/07 00:00:00+00,2021/01/27 00:00:00+00,, ,78 SR 115,Ocean Shores,98569,WA,US,47.042614,-124.170718, , ,888-758-4389, ,USCPIL254501,ChargePoint Network,0,2,0,2, ,J1772,http://www.chargepoint.com/, , ,GPS
-13606959.512,6019863.6696,768,819,BLACKRIVER BLACKRIVER #2,173366,ELEC, ,24 hours daily,E,Public, , , ,2023/08/07 00:00:00+00,2023/08/07 00:00:00+00,2021/01/27 00:00:00+00,, ,620 Naches Ave SW,Renton,98057,WA,US,47.474453,-122.233397, , ,888-758-4389, ,USCPIL607621,ChargePoint Network,0,1,0,1, ,J1772,http://www.chargepoint.com/, , ,GPS
-13617020.5675,6057220.35829999,769,820,DC CORRIDOR NORTHGATE DC 2,173444,ELEC, ,24 hours daily,E,Public, , , ,2023/08/07 00:00:00+00,2023/08/07 00:00:00+00,2021/01/27 00:00:00+00,, ,9800 4th Ave NE,Seattle,98115,WA,US,47.700789,-122.323777, , ,888-758-4389, ,USCPIL158675,ChargePoint Network,0,0,1,1, ,"CHAdeMO, CCS",http://www.chargepoint.com/, , ,GPS
-13618983.1302,6045335.26899999,770,821,1101 WESTLAKE 1101 #1,173451,ELEC, ,24 hours daily,E,Public, , , ,2023/08/07 00:00:00+00,2023/08/07 00:00:00+00,2021/01/27 00:00:00+00,, ,1101 Westlake Ave N,Seattle,98109,WA,US,47.628886,-122.341407, , ,888-758-4389, ,USCPIL127691,ChargePoint Network,0,2,0,2, ,J1772,http://www.chargepoint.com/, , ,GPS
-13620209.9823,6043712.0364,771,822,DC CORRIDOR PAC SCI CENTER,173491,ELEC, ,24 hours daily,E,Public, , , ,2023/08/07 00:00:00+00,2023/08/07 00:00:00+00,2021/01/27 00:00:00+00,, ,200 2nd Ave N,Seattle,98109,WA,US,47.619058,-122.352428, , ,888-758-4389, ,USCPIL158773,ChargePoint Network,0,0,1,1, ,"CHAdeMO, CCS",http://www.chargepoint.com/, , ,GPS
-13620205.0842,6043712.2016,772,823,DC CORRIDOR PAC SCI DC2,173492,ELEC, ,24 hours daily,T,Public, , , ,2023/08/07 00:00:00+00,2023/08/07 00:00:00+00,2021/01/27 00:00:00+00,2023/07/24 00:00:00+00, ,200 2nd Ave N,Seattle,98109,WA,US,47.619059,-122.352384, , ,888-758-4389, ,USCPIL158749,ChargePoint Network,0,0,1,1, ,"CHAdeMO, CCS",http://www.chargepoint.com/, , ,GPS
-13615194.4826,6048808.70370001,773,824,UWMC SURGERY STATION 1,173515,ELEC, ,24 hours daily,E,Public, , , ,2023/08/07 00:00:00+00,2023/08/07 00:00:00+00,2021/01/27 00:00:00+00,, ,1959 NE Pacific St,Seattle,98195,WA,US,47.64991,-122.307373, , ,888-758-4389, ,USCPIL661671,ChargePoint Network,0,2,0,2, ,J1772,http://www.chargepoint.com/, , ,GPS
-13619474.1604,6044439.7116,774,825,BMGF BMGF EV 01,173516,ELEC, ,24 hours daily,E,Public, , , ,2023/08/07 00:00:00+00,2023/08/07 00:00:00+00,2021/01/27 00:00:00+00,, ,500 5th Ave N,Seattle,98109,WA,US,47.623464,-122.345818, , ,888-758-4389, ,USCPIL126877,ChargePoint Network,0,2,0,2, ,J1772,http://www.chargepoint.com/, , ,GPS
-13586260.6545,6033121.1148,775,826,ISD411 ADMIN CENTER 2,173539,ELEC, ,24 hours daily,E,Public, , , ,2023/08/07 00:00:00+00,2023/08/07 00:00:00+00,2021/01/27 00:00:00+00,, ,5150 220th Ave SE,Issaquah,98029,WA,US,47.554889,-122.047456, , ,888-758-4389, ,USCPIL691011,ChargePoint Network,0,2,0,2, ,J1772,http://www.chargepoint.com/, , ,GPS
-13619228.4783,6043360.2772,776,827,INSIGNIA 953 190 191N,173607,ELEC, ,24 hours daily,E,Public, , , ,2023/08/07 00:00:00+00,2023/08/07 00:00:00+00,2021/01/27 00:00:00+00,, ,583 Battery St,Seattle,98121,WA,US,47.616928,-122.343611, , ,888-758-4389, ,USCPIL127923,ChargePoint Network,0,2,0,2, ,J1772,http://www.chargepoint.com/, , ,GPS
-13598329.3571,6045101.70820001,777,828,JLR BELLEVUE SHOP 01,173871,ELEC, ,24 hours daily,E,Public, , , ,2023/08/07 00:00:00+00,2023/08/07 00:00:00+00,2021/01/27 00:00:00+00,, ,13817 NE 20th St,Bellevue,98005,WA,US,47.627472,-122.155871, , ,888-758-4389, ,USCPIL641191,ChargePoint Network,0,1,0,1, ,J1772,http://www.chargepoint.com/, , ,GPS
-13629834.4428,5965788.20150001,778,829,PACIFIC LUTH U STATION 1,173916,ELEC, ,24 hours daily,E,Public, , , ,2023/08/07 00:00:00+00,2023/08/07 00:00:00+00,2021/01/27 00:00:00+00,, ,512 122nd St S,Tacoma,98447,WA,US,47.145087,-122.438886, , ,888-758-4389, ,USCPIL810901,ChargePoint Network,0,2,0,2, ,J1772,http://www.chargepoint.com/, , ,GPS
-13084333.3157,6045571.9746,779,830,SIA ECO 2,173927,ELEC, ,24 hours daily,E,Public, , , ,2023/08/07 00:00:00+00,2023/08/07 00:00:00+00,2021/01/27 00:00:00+00,, ,W McFarlane Rd,Spokane,99224,WA,US,47.630319,-117.538566, , ,888-758-4389, ,USCPIL690931,ChargePoint Network,0,2,0,2, ,J1772,http://www.chargepoint.com/, , ,GPS
-13084344.4476,6045586.8412,780,831,SIA ECO 1,173928,ELEC, ,24 hours daily,E,Public, , , ,2023/08/07 00:00:00+00,2023/08/07 00:00:00+00,2021/01/27 00:00:00+00,, ,W McFarlane Rd,Spokane,99224,WA,US,47.630409,-117.538666, , ,888-758-4389, ,USCPIL690901,ChargePoint Network,0,2,0,2, ,J1772,http://www.chargepoint.com/, , ,GPS
-13618040.3654,6038857.04309999,781,832,T-MOBILE PARK ICHIRO,173975,ELEC, ,24 hours daily,E,Public, , , ,2023/08/07 00:00:00+00,2023/08/07 00:00:00+00,2021/01/27 00:00:00+00,, ,1518 1st Ave S,Seattle,98134,WA,US,47.589652,-122.332938, , ,888-758-4389, ,USCPIL800291,ChargePoint Network,0,1,0,1, ,J1772,http://www.chargepoint.com/, , ,GPS
-13618047.1558999,6038881.96660001,782,833,T-MOBILE PARK FELIX,173976,ELEC, ,24 hours daily,E,Public, , , ,2023/08/07 00:00:00+00,2023/08/07 00:00:00+00,2021/01/27 00:00:00+00,, ,1518 1st Ave S,Seattle,98134,WA,US,47.589803,-122.332999, , ,888-758-4389, ,USCPIL800281,ChargePoint Network,0,1,0,1, ,J1772,http://www.chargepoint.com/, , ,GPS
-13618040.2541,6038865.1308,783,834,T-MOBILE PARK EDGAR,173977,ELEC, ,24 hours daily,E,Public, , , ,2023/08/07 00:00:00+00,2023/08/07 00:00:00+00,2021/01/27 00:00:00+00,, ,1518 1st Ave S,Seattle,98134,WA,US,47.589701,-122.332937, , ,888-758-4389, ,USCPIL800271,ChargePoint Network,0,1,0,1, ,J1772,http://www.chargepoint.com/, , ,GPS
-13616255.4687,6180888.3486,784,835,SKAGITYMCA TWO,173994,ELEC, ,24 hours daily,E,Public, , , ,2023/08/07 00:00:00+00,2023/08/07 00:00:00+00,2021/01/27 00:00:00+00,, ,1901 Hoag Rd,Mount Vernon,98273,WA,US,48.44309,-122.316904, , ,888-758-4389, ,USCPIL711461,ChargePoint Network,0,2,0,2, ,J1772,http://www.chargepoint.com/, , ,GPS
-13616211.7201,6180894.22199999,785,836,SKAGITYMCA THREE,173995,ELEC, ,24 hours daily,E,Public, , , ,2023/08/07 00:00:00+00,2023/08/07 00:00:00+00,2021/01/27 00:00:00+00,, ,1901 Hoag Rd,Mount Vernon,98273,WA,US,48.443125,-122.316511, , ,888-758-4389, ,USCPIL711381,ChargePoint Network,0,2,0,2, ,J1772,http://www.chargepoint.com/, , ,GPS
-13603356.9906,6043266.97249999,786,837,LINCOLN SQUARE LS NORTH DUAL 3,174037,ELEC, ,24 hours daily,E,Public, , , ,2023/08/07 00:00:00+00,2023/08/07 00:00:00+00,2021/01/27 00:00:00+00,, ,110 Bellevue Way NE,Bellevue,98004,WA,US,47.616363,-122.201035, , ,888-758-4389, ,USCPIL1754661,ChargePoint Network,0,2,0,2, ,J1772,http://www.chargepoint.com/, , ,GPS
-13603365.4509,6043268.4588,787,838,LINCOLN SQUARE LS NORTH DUAL 2,174038,ELEC, ,24 hours daily,E,Public, , , ,2023/08/07 00:00:00+00,2023/08/07 00:00:00+00,2021/01/27 00:00:00+00,, ,110 Bellevue Way NE,Bellevue,98004,WA,US,47.616372,-122.201111, , ,888-758-4389, ,USCPIL1754651,ChargePoint Network,0,2,0,2, ,J1772,http://www.chargepoint.com/, , ,GPS
-13603369.3471,6043275.725,788,839,LINCOLN SQUARE LS NORTH DUAL 1,174039,ELEC, ,24 hours daily,E,Public, , , ,2023/08/07 00:00:00+00,2023/08/07 00:00:00+00,2021/01/27 00:00:00+00,, ,110 Bellevue Way NE,Bellevue,98004,WA,US,47.616416,-122.201146, , ,888-758-4389, ,USCPIL1754631,ChargePoint Network,0,2,0,2, ,J1772,http://www.chargepoint.com/, , ,GPS
-13617245.6556,6046364.23399999,789,840,188 BLAINE ATRIUM2,174040,ELEC, ,24 hours daily,E,Public, , , ,2023/08/07 00:00:00+00,2023/08/07 00:00:00+00,2021/01/27 00:00:00+00,, ,1818 Fairview Ave East,Seattle,98102,WA,US,47.635115,-122.325799, , ,888-758-4389, ,USCPIL798001,ChargePoint Network,0,2,0,2, ,J1772,http://www.chargepoint.com/, , ,GPS
-13603386.6016,6043591.97429999,790,841,BELLEVUE PLACE BELL PLACE #1,174041,ELEC, ,24 hours daily,E,Public, , , ,2023/08/07 00:00:00+00,2023/08/07 00:00:00+00,2021/01/27 00:00:00+00,, ,575 Bellevue Way NE,Bellevue,98004,WA,US,47.618331,-122.201301, , ,888-758-4389, ,USCPIL1758791,ChargePoint Network,0,2,0,2, ,J1772,http://www.chargepoint.com/, , ,GPS
-13603857.3717,6043194.3112,791,842,BELLEVUE SQUARE BELL SQ WEST 5,174057,ELEC, ,24 hours daily,E,Public, , , ,2023/08/07 00:00:00+00,2023/08/07 00:00:00+00,2021/01/27 00:00:00+00,, ,600 100th Ave NE,Bellevue,98004,WA,US,47.615923,-122.20553, , ,888-758-4389, ,USCPIL1768301,ChargePoint Network,0,2,0,2, ,J1772,http://www.chargepoint.com/, , ,GPS
-13603857.5943999,6043224.6968,792,843,BELLEVUE SQUARE BELL SQ WEST #1,174084,ELEC, ,24 hours daily,E,Public, , , ,2023/08/07 00:00:00+00,2023/08/07 00:00:00+00,2021/01/27 00:00:00+00,, ,2088 Bellevue Square,Bellevue,98004,WA,US,47.616107,-122.205532, , ,888-758-4389, ,USCPIL1770581,ChargePoint Network,0,2,0,2, ,J1772,http://www.chargepoint.com/, , ,GPS
-13604663.3247999,6014975.2982,793,844,VALLEY MED CTR NE GARAGE #3,174123,ELEC, ,24 hours daily,E,Public, , , ,2023/08/07 00:00:00+00,2023/08/07 00:00:00+00,2021/01/27 00:00:00+00,, ,3917 Talbot Rd S,Renton,98055,WA,US,47.444763,-122.21277, , ,888-758-4389, ,USCPIL1785951,ChargePoint Network,0,2,0,2, ,J1772,http://www.chargepoint.com/, , ,GPS
-13612220.8051,5967484.48339999,794,845,PERMANENTE KP PUYALLUP #2,174229,ELEC, ,24 hours daily,E,Public, , , ,2023/08/07 00:00:00+00,2023/08/07 00:00:00+00,2021/01/27 00:00:00+00,, ,1007 39th Ave SE,Puyallup,98374,WA,US,47.15545,-122.28066, , ,888-758-4389, ,USCPIL1829381,ChargePoint Network,0,2,0,2, ,J1772,http://www.chargepoint.com/, , ,GPS
-13612220.2485,5967460.58290001,795,846,GROUPHEALTH PYP KP PUYALLUP #5,174230,ELEC, ,24 hours daily,E,Public, , , ,2023/08/07 00:00:00+00,2023/08/07 00:00:00+00,2021/01/27 00:00:00+00,, ,1007 39th Ave SE,Puyallup,98374,WA,US,47.155304,-122.280655, , ,888-758-4389, ,USCPIL1829141,ChargePoint Network,0,2,0,2, ,J1772,http://www.chargepoint.com/, , ,GPS
-13612219.6919,5967492.9959,796,847,PERMANENTE KPP #1,174231,ELEC, ,24 hours daily,E,Public, , , ,2023/08/07 00:00:00+00,2023/08/07 00:00:00+00,2021/01/27 00:00:00+00,, ,1007 39th Ave SE,Puyallup,98374,WA,US,47.155502,-122.28065, , ,888-758-4389, ,USCPIL1829091,ChargePoint Network,0,2,0,2, ,J1772,http://www.chargepoint.com/, , ,GPS
-13615141.6059,5993897.1864,797,848,CENTER PLAZA FEDERAL WAY 2,174306,ELEC, ,24 hours daily,T,Public, , , ,2023/08/07 00:00:00+00,2023/08/07 00:00:00+00,2021/01/27 00:00:00+00,2022/09/09 00:00:00+00, ,2016 S 320th St,Federal Way,98003,WA,US,47.316551,-122.306898, , ,888-758-4389, ,USCPIL1759581,ChargePoint Network,0,1,0,1, ,J1772,http://www.chargepoint.com/, , ,GPS
-13615144.5002,5993884.70720001,798,849,CENTER PLAZA FEDERAL WAY 1,174307,ELEC, ,24 hours daily,T,Public, , , ,2023/08/07 00:00:00+00,2023/08/07 00:00:00+00,2021/01/27 00:00:00+00,2022/09/09 00:00:00+00, ,2016 S 320th St,Federal Way,98003,WA,US,47.316475,-122.306924, , ,888-758-4389, ,USCPIL1744321,ChargePoint Network,0,2,0,2, ,J1772,http://www.chargepoint.com/, , ,GPS
-13618163.5961,6043353.3412,799,850,SCH CURE P2 #3,174447,ELEC, ,24 hours daily,E,Public, , , ,2023/08/07 00:00:00+00,2023/08/07 00:00:00+00,2021/01/27 00:00:00+00,, ,1920 Terry Ave,Seattle,98101,WA,US,47.616886,-122.334045, , ,888-758-4389, ,USCPIL1912211,ChargePoint Network,0,2,0,2, ,J1772,http://www.chargepoint.com/, , ,GPS
-13618157.4735,6043360.9377,800,851,SCH CURE P2 #4,174448,ELEC, ,24 hours daily,E,Public, , , ,2023/08/07 00:00:00+00,2023/08/07 00:00:00+00,2021/01/27 00:00:00+00,, ,1920 Terry Ave,Seattle,98101,WA,US,47.616932,-122.33399, , ,888-758-4389, ,USCPIL1912201,ChargePoint Network,0,2,0,2, ,J1772,http://www.chargepoint.com/, , ,GPS
-13631430.0964,5982791.8413,801,852,COMMUNITY HOUSE COMMUNITY #1,174563,ELEC, ,24 hours daily,E,Public, , , ,2023/08/07 00:00:00+00,2023/08/07 00:00:00+00,2021/01/27 00:00:00+00,, ,1314 South L St,Tacoma,98405,WA,US,47.248875,-122.45322, , ,888-758-4389, ,USCPIL1970031,ChargePoint Network,0,1,0,1, ,J1772,http://www.chargepoint.com/, , ,GPS
-13631416.0701,5982795.6131,802,853,COMMUNITY HOUSE COMMUNITY #3,174564,ELEC, ,24 hours daily,E,Public, , , ,2023/08/07 00:00:00+00,2023/08/07 00:00:00+00,2021/01/27 00:00:00+00,, ,1314 S L St,Tacoma,98405,WA,US,47.248898,-122.453094, , ,888-758-4389, ,USCPIL1970011,ChargePoint Network,0,1,0,1, ,J1772,http://www.chargepoint.com/, , ,GPS
-13602331.2928,6043649.61050001,803,854,UDR CHARGER 1,174575,ELEC, ,24 hours daily,E,Public, , , ,2023/08/07 00:00:00+00,2023/08/07 00:00:00+00,2021/01/27 00:00:00+00,, ,958 111th Ave NE,Bellevue,98004,WA,US,47.61868,-122.191821, , ,888-758-4389, ,USCPIL1972221,ChargePoint Network,0,2,0,2, ,J1772,http://www.chargepoint.com/, , ,GPS
-13602324.6137,6043647.7939,804,855,UDR CHARGER 3,174576,ELEC, ,24 hours daily,E,Public, , , ,2023/08/07 00:00:00+00,2023/08/07 00:00:00+00,2021/01/27 00:00:00+00,, ,958 111th Ave NE,Bellevue,98004,WA,US,47.618669,-122.191761, , ,888-758-4389, ,USCPIL1972211,ChargePoint Network,0,2,0,2, ,J1772,http://www.chargepoint.com/, , ,GPS
-13634553.7213,6228761.51280001,805,856,SEHOME HS SEHOME HIGH #2,174676,ELEC, ,24 hours daily,E,Public, , , ,2023/08/07 00:00:00+00,2023/08/07 00:00:00+00,2021/01/27 00:00:00+00,, ,2700 Bill McDonald Pkwy,Bellingham,98225,WA,US,48.72757,-122.48128, , ,888-758-4389, ,USCPIL1935261,ChargePoint Network,0,2,0,2, ,J1772,http://www.chargepoint.com/, , ,GPS
-13614404.0029,6051124.1119,806,857,DUAL EV STATION 3,174772,ELEC, ,24 hours daily,T,Public, , , ,2023/08/07 00:00:00+00,2023/08/07 00:00:00+00,2021/01/27 00:00:00+00,2023/04/22 00:00:00+00, ,2520 NE University Village St,Seattle,98105,WA,US,47.66392,-122.300272, , ,888-758-4389, ,USCPIL2008771,ChargePoint Network,0,2,0,2, ,J1772,http://www.chargepoint.com/, , ,GPS
-13614398.6596,6051125.9301,807,858,DUAL EV STATION 4,174773,ELEC, ,24 hours daily,T,Public, , , ,2023/08/07 00:00:00+00,2023/08/07 00:00:00+00,2021/01/27 00:00:00+00,2023/04/22 00:00:00+00, ,2520 NE University Village St,Seattle,98105,WA,US,47.663931,-122.300224, , ,888-758-4389, ,USCPIL2008761,ChargePoint Network,0,2,0,2, ,J1772,http://www.chargepoint.com/, , ,GPS
-13614405.4501,6051126.5913,808,859,DUAL EV STATION 2,174774,ELEC, ,24 hours daily,E,Public, , , ,2023/08/07 00:00:00+00,2023/08/07 00:00:00+00,2021/01/27 00:00:00+00,, ,2520 NE University Village St,Seattle,98105,WA,US,47.663935,-122.300285, , ,888-758-4389, ,USCPIL2008691,ChargePoint Network,0,2,0,2, ,J1772,http://www.chargepoint.com/, , ,GPS
-13614404.0029,6051133.2029,809,860,DUAL EV STATION 1,174775,ELEC, ,24 hours daily,E,Public, , , ,2023/08/07 00:00:00+00,2023/08/07 00:00:00+00,2021/01/27 00:00:00+00,, ,2520 NE University Village St,Seattle,98105,WA,US,47.663975,-122.300272, , ,888-758-4389, ,USCPIL2008681,ChargePoint Network,0,2,0,2, ,J1772,http://www.chargepoint.com/, , ,GPS
-13682620.1416,5946796.484,810,861,THURSTON COUNTY COURTHOUSE 2,174836,ELEC, ,24 hours daily,T,Public, , , ,2023/08/07 00:00:00+00,2023/08/07 00:00:00+00,2021/01/27 00:00:00+00,2022/09/09 00:00:00+00, ,County Courthouse,Olympia,98502,WA,US,47.028924,-122.913068, , ,888-758-4389, ,USCPIL2039951,ChargePoint Network,0,2,0,2, ,J1772,http://www.chargepoint.com/, , ,GPS
-13602737.275,6043001.5966,811,862,CCB CCB 2,174874,ELEC, ,24 hours daily,E,Public, , , ,2023/08/07 00:00:00+00,2023/08/07 00:00:00+00,2021/01/27 00:00:00+00,, ,500 108th Ave NE,Bellevue,98004,WA,US,47.614756,-122.195468, , ,888-758-4389, ,USCPIL2042271,ChargePoint Network,0,2,0,2, ,J1772,http://www.chargepoint.com/, , ,GPS
-13604173.2964,6099316.0174,812,863,EVERETT YMCA EVERETT YMCA #2,175031,ELEC, ,24 hours daily,T,Public, , , ,2023/08/07 00:00:00+00,2023/08/07 00:00:00+00,2021/01/27 00:00:00+00,2023/01/25 00:00:00+00, ,4730 Colby Ave,Everett,98203,WA,US,47.954665,-122.208368, , ,888-758-4389, ,USCPIL2005401,ChargePoint Network,0,2,0,2, ,J1772,http://www.chargepoint.com/, , ,GPS
-13604170.6248,6099318.3445,813,864,EVERETT YMCA EVERETT YMCA #1,175032,ELEC, ,24 hours daily,E,Public, , , ,2023/08/07 00:00:00+00,2023/08/07 00:00:00+00,2021/01/27 00:00:00+00,, ,4730 Colby Ave,Everett,98203,WA,US,47.954679,-122.208344, , ,888-758-4389, ,USCPIL2005391,ChargePoint Network,0,2,0,2, ,J1772,http://www.chargepoint.com/, , ,GPS
-13604034.0358,6099377.01970001,814,865,EVERETT YMCA EVERETT YMCA #4,175033,ELEC, ,24 hours daily,E,Public, , , ,2023/08/07 00:00:00+00,2023/08/07 00:00:00+00,2021/01/27 00:00:00+00,, ,4730 Colby Ave,Everett,98203,WA,US,47.955032,-122.207117, , ,888-758-4389, ,USCPIL2005381,ChargePoint Network,0,1,0,1, ,J1772,http://www.chargepoint.com/, , ,GPS
-13680584.9987001,5947928.486,815,866,CAPITAL GATEWAY STATION 4,175139,ELEC, ,24 hours daily,E,Public, , , ,2023/08/07 00:00:00+00,2023/08/07 00:00:00+00,2021/01/27 00:00:00+00,, ,505 14th Ave SE,Olympia,98501,WA,US,47.035855,-122.894786, , ,888-758-4389, ,USCPIL2099941,ChargePoint Network,0,1,0,1, ,J1772,http://www.chargepoint.com/, , ,GPS
-13680579.6553,5947928.97600001,816,867,CAPITAL GATEWAY STATION 3,175140,ELEC, ,24 hours daily,E,Public, , , ,2023/08/07 00:00:00+00,2023/08/07 00:00:00+00,2021/01/27 00:00:00+00,, ,505 14th Ave SE,Olympia,98501,WA,US,47.035858,-122.894738, , ,888-758-4389, ,USCPIL2099891,ChargePoint Network,0,1,0,1, ,J1772,http://www.chargepoint.com/, , ,GPS
-13680567.8555,5947930.44600001,817,868,CAPITAL GATEWAY STATION 1,175141,ELEC, ,24 hours daily,E,Public, , , ,2023/08/07 00:00:00+00,2023/08/07 00:00:00+00,2021/01/27 00:00:00+00,, ,505 14th Ave SE,Olympia,98501,WA,US,47.035867,-122.894632, , ,888-758-4389, ,USCPIL2099741,ChargePoint Network,0,1,0,1, ,J1772,http://www.chargepoint.com/, , ,GPS
-13680574.5346,5947930.1194,818,869,CAPITAL GATEWAY STATION 2,175142,ELEC, ,24 hours daily,E,Public, , , ,2023/08/07 00:00:00+00,2023/08/07 00:00:00+00,2021/01/27 00:00:00+00,, ,505 14th Ave SE,Olympia,98501,WA,US,47.035865,-122.894692, , ,888-758-4389, ,USCPIL2099731,ChargePoint Network,0,1,0,1, ,J1772,http://www.chargepoint.com/, , ,GPS
-13680597.6891,5947927.016,819,870,CAPITAL GATEWAY STATION 8,175143,ELEC, ,24 hours daily,E,Public, , , ,2023/08/07 00:00:00+00,2023/08/07 00:00:00+00,2021/01/27 00:00:00+00,, ,505 14th Ave SE,Olympia,98501,WA,US,47.035846,-122.8949, , ,888-758-4389, ,USCPIL2102821,ChargePoint Network,0,1,0,1, ,J1772,http://www.chargepoint.com/, , ,GPS
-13654818.2101,5721163.9589,820,871,CPU EC 1,175270,ELEC, ,24 hours daily,E,Public, , , ,2023/08/07 00:00:00+00,2023/08/07 00:00:00+00,2021/01/27 00:00:00+00,, ,1200 Fort Vancouver Way Southside Public Park,Vancouver,98663,WA,US,45.629438,-122.663319, , ,888-758-4389, ,USCPIL1953261,ChargePoint Network,0,1,0,1, ,J1772,http://www.chargepoint.com/, , ,GPS
-13681436.3701,5950391.1104,821,872,PORT OF OLYMPIA WEST,175288,ELEC, ,24 hours daily,T,Public, , , ,2023/08/07 00:00:00+00,2023/08/07 00:00:00+00,2021/01/27 00:00:00+00,2023/02/16 00:00:00+00, ,700 Capitol Way N,Olympia,98501,WA,US,47.05093,-122.902434, , ,888-758-4389, ,USCPIL2110281,ChargePoint Network,0,2,0,2, ,J1772,http://www.chargepoint.com/, , ,GPS
-13680612.7172,5947926.1993,822,873,CAPITAL GATEWAY STATION 6,175322,ELEC, ,24 hours daily,E,Public, , , ,2023/08/07 00:00:00+00,2023/08/07 00:00:00+00,2021/01/27 00:00:00+00,, ,505 14th Ave SE,Olympia,98501,WA,US,47.035841,-122.895035, , ,888-758-4389, ,USCPIL2102591,ChargePoint Network,0,1,0,1, ,J1772,http://www.chargepoint.com/, , ,GPS
-13613719.4994,6075328.9725,823,874,HUDSON NRTHVIEW STATION 5,175656,ELEC, ,24 hours daily,E,Public, , , ,2023/08/07 00:00:00+00,2023/08/07 00:00:00+00,2021/01/27 00:00:00+00,, ,20800 44th Ave W,Lynnwood,98036,WA,US,47.810153,-122.294123, , ,888-758-4389, ,USCPIL2938051,ChargePoint Network,0,2,0,2, ,J1772,http://www.chargepoint.com/, , ,GPS
-13613735.4181,6075332.78489999,824,875,HUDSON NRTHVIEW STATION 2,175657,ELEC, ,24 hours daily,E,Public, , , ,2023/08/07 00:00:00+00,2023/08/07 00:00:00+00,2021/01/27 00:00:00+00,, ,20800 44th Ave W,Lynnwood,98036,WA,US,47.810176,-122.294266, , ,888-758-4389, ,USCPIL2938011,ChargePoint Network,0,2,0,2, ,J1772,http://www.chargepoint.com/, , ,GPS
-13613721.9484,6075324.33140001,825,876,HUDSON NRTHVIEW STATION 4,175658,ELEC, ,24 hours daily,E,Public, , , ,2023/08/07 00:00:00+00,2023/08/07 00:00:00+00,2021/01/27 00:00:00+00,, ,20800 44th Ave W,Lynnwood,98036,WA,US,47.810125,-122.294145, , ,888-758-4389, ,USCPIL2937981,ChargePoint Network,0,2,0,2, ,J1772,http://www.chargepoint.com/, , ,GPS
-13601809.761,6040519.1492,826,877,BELLEFIELD MADRONA 2,180340,ELEC, ,24 hours daily,E,Public, , , ,2023/08/06 00:00:00+00,2023/08/06 00:00:00+00,2021/01/27 00:00:00+00,, ,1300 114th Ave SE,Bellevue,98004,WA,US,47.599721,-122.187136, , ,888-758-4389, ,USCPIL93651,ChargePoint Network,0,2,0,2, ,J1772,http://www.chargepoint.com/, , ,GPS
-13618619.8947,6043870.9108,827,878,202 WESTLAKE P2 STATION 01,180343,ELEC, ,24 hours daily,T,Public, , , ,2023/08/06 00:00:00+00,2023/08/06 00:00:00+00,2021/01/27 00:00:00+00,2022/09/09 00:00:00+00, ,200 Westlake Ave N,Seattle,98109,WA,US,47.62002,-122.338144, , ,888-758-4389, ,USCPIL86445,ChargePoint Network,0,2,0,2, ,J1772,http://www.chargepoint.com/, , ,GPS
-13681295.217,5947841.9188,828,879,MOTORPOOL VISITOR CTR 1,180637,ELEC, ,24 hours daily,T,Public, , , ,2023/08/07 00:00:00+00,2023/08/07 00:00:00+00,2021/01/27 00:00:00+00,2023/05/11 00:00:00+00, ,103 Sid Snyder Ave SW,Olympia,98501,WA,US,47.035325,-122.901166, , ,888-758-4389, ,USCPIL5351941,ChargePoint Network,0,2,0,2, ,J1772,http://www.chargepoint.com/, , ,GPS
-13593085.6525,6096583.98839999,829,880,KOZ WEAVER WEAVER RD MIDDL,180845,ELEC, ,24 hours daily,E,Public, , , ,2023/08/07 00:00:00+00,2023/08/07 00:00:00+00,2021/01/27 00:00:00+00,, ,1925 Weaver Rd,Snohomish,98290,WA,US,47.938226,-122.108766, , ,888-758-4389, ,USCPIL5360931,ChargePoint Network,0,2,0,2, ,J1772,http://www.chargepoint.com/, , ,GPS
-13613698.0147,6012813.86850001,830,881,CI&S COUNTRY INN #2,180915,ELEC, ,24 hours daily,E,Public, , , ,2023/08/07 00:00:00+00,2023/08/07 00:00:00+00,2021/01/27 00:00:00+00,, ,3100 S 192nd St,SeaTac,98188,WA,US,47.43163,-122.29393, , ,888-758-4389, ,USCPIL2326121,ChargePoint Network,0,2,0,2, ,J1772,http://www.chargepoint.com/, , ,GPS
-13388477.2002,5845490.96469999,831,882,CITY OF ZILLAH P&R SOUTH,180978,ELEC, ,24 hours daily,E,Public, , , ,2023/08/07 00:00:00+00,2023/08/07 00:00:00+00,2021/01/27 00:00:00+00,, ,113 1st Ave,Zillah,98953,WA,US,46.405006,-120.270737, , ,888-758-4389, ,USCPIL4126711,ChargePoint Network,0,2,0,2, ,J1772,http://www.chargepoint.com/, , ,GPS
-13597513.1625999,6038003.9121,832,883,"BELLEVUECOLLEGE BC SSC,U BLDG3",180988,ELEC, ,24 hours daily,E,Public, , , ,2023/08/07 00:00:00+00,2023/08/07 00:00:00+00,2021/01/27 00:00:00+00,, ,3000 Landerholm Cir SE,Bellevue,98007,WA,US,47.584483,-122.148539, , ,888-758-4389, ,USCPIL5385351,ChargePoint Network,0,2,0,2, ,J1772,http://www.chargepoint.com/, , ,GPS
-13601587.456,6042662.74629999,833,884,KGIP BELL SOUTH STATION 5,181036,ELEC, ,24 hours daily,E,Public, , , ,2023/08/07 00:00:00+00,2023/08/07 00:00:00+00,2021/01/27 00:00:00+00,, ,316 116th Ave NE,Bellevue,98114,WA,US,47.612704,-122.185139, , ,888-758-4389, ,USCPIL4806421,ChargePoint Network,0,2,0,2, ,J1772,http://www.chargepoint.com/, , ,GPS
-13601587.5672999,6042663.07649999,834,885,KGIP BELL SOUTH STATION 4,181037,ELEC, ,24 hours daily,E,Public, , , ,2023/08/07 00:00:00+00,2023/08/07 00:00:00+00,2021/01/27 00:00:00+00,, ,316 116th Ave NE,Bellevue,98114,WA,US,47.612706,-122.18514, , ,888-758-4389, ,USCPIL4803011,ChargePoint Network,0,2,0,2, ,J1772,http://www.chargepoint.com/, , ,GPS
-13601577.4372,6042770.2456,835,886,KGIP BELL SOUTH STATION 3,181038,ELEC, ,24 hours daily,E,Public, , , ,2023/08/07 00:00:00+00,2023/08/07 00:00:00+00,2021/01/27 00:00:00+00,, ,316 116th Ave NE,Bellevue,98114,WA,US,47.613355,-122.185049, , ,888-758-4389, ,USCPIL4802101,ChargePoint Network,0,2,0,2, ,J1772,http://www.chargepoint.com/, , ,GPS
-13614810.4304,6030139.56650001,836,887,KING COUNTY DES KC AIRPORT 1,181042,ELEC, ,24 hours daily,E,Public, , , ,2023/08/07 00:00:00+00,2023/08/07 00:00:00+00,2021/01/27 00:00:00+00,, ,7259 King County Airport Access Rd,Seattle,98108,WA,US,47.53681,-122.303923, , ,888-758-4389, ,USCPIL5384031,ChargePoint Network,0,2,0,2, ,J1772,http://www.chargepoint.com/, , ,GPS
-13624767.0683,6027900.98900001,837,888,KING COUNTY DES KC FAUNTLEROY1,181052,ELEC, ,24 hours daily,E,Public, , , ,2023/08/07 00:00:00+00,2023/08/07 00:00:00+00,2021/01/27 00:00:00+00,, ,4829 SW Barton St,Seattle,98136,WA,US,47.523232,-122.393365, , ,888-758-4389, ,USCPIL5421061,ChargePoint Network,0,2,0,2, ,J1772,http://www.chargepoint.com/, , ,GPS
-13607804.6495,6017492.7364,838,889,KING COUNTY DES TUKWILA 1,181110,ELEC, ,24 hours daily,E,Public, , , ,2023/08/07 00:00:00+00,2023/08/07 00:00:00+00,2021/01/27 00:00:00+00,, ,7301 Longacres Way,Tukwila,98188,WA,US,47.460055,-122.240989, , ,888-758-4389, ,USCPIL5422171,ChargePoint Network,0,2,0,2, ,J1772,http://www.chargepoint.com/, , ,GPS
-13602860.0604,6047745.24539999,839,890,KING COUNTY DES SK P&R 5,181119,ELEC, ,24 hours daily,E,Public, , , ,2023/08/07 00:00:00+00,2023/08/07 00:00:00+00,2021/01/27 00:00:00+00,, ,10610 NE 38th PL,Kirkland,98033,WA,US,47.643474,-122.196571, , ,888-758-4389, ,USCPIL5425111,ChargePoint Network,0,2,0,2, ,J1772,http://www.chargepoint.com/, , ,GPS
-13602786.5895,6047762.5941,840,891,KING COUNTY DES SK P&R 2,181120,ELEC, ,24 hours daily,E,Public, , , ,2023/08/07 00:00:00+00,2023/08/07 00:00:00+00,2021/01/27 00:00:00+00,, ,10610 NE 38th PL,Kirkland,98033,WA,US,47.643579,-122.195911, , ,888-758-4389, ,USCPIL5424221,ChargePoint Network,0,2,0,2, ,J1772,http://www.chargepoint.com/, , ,GPS
-13602786.3669,6047763.58550001,841,892,KING COUNTY DES SK P&R 3,181121,ELEC, ,24 hours daily,T,Public, , , ,2023/08/07 00:00:00+00,2023/08/07 00:00:00+00,2021/01/27 00:00:00+00,2022/09/09 00:00:00+00, ,10610 NE 38th PL,Kirkland,98033,WA,US,47.643585,-122.195909, , ,888-758-4389, ,USCPIL5424211,ChargePoint Network,0,1,0,1, ,J1772,http://www.chargepoint.com/, , ,GPS
-13583035.3949,6031619.24509999,842,893,KING COUNTY DES ISSAQUAH P&R 7,181202,ELEC, ,24 hours daily,E,Public, , , ,2023/08/07 00:00:00+00,2023/08/07 00:00:00+00,2021/01/27 00:00:00+00,, ,1755 Highlands Dr NE,Issaquah,98029,WA,US,47.545783,-122.018483, , ,888-758-4389, ,USCPIL5432731,ChargePoint Network,0,2,0,2, ,J1772,http://www.chargepoint.com/, , ,GPS
-13583034.3931,6031618.7504,843,894,KING COUNTY DES ISSAQUAH P&R 4,181203,ELEC, ,24 hours daily,E,Public, , , ,2023/08/07 00:00:00+00,2023/08/07 00:00:00+00,2021/01/27 00:00:00+00,, ,1755 Highlands Dr NE,Issaquah,98029,WA,US,47.54578,-122.018474, , ,888-758-4389, ,USCPIL5432651,ChargePoint Network,0,2,0,2, ,J1772,http://www.chargepoint.com/, , ,GPS
-13583034.9496,6031619.9048,844,895,KING COUNTY DES ISSAQUAH P&R 3,181204,ELEC, ,24 hours daily,E,Public, , , ,2023/08/07 00:00:00+00,2023/08/07 00:00:00+00,2021/01/27 00:00:00+00,, ,1755 Highlands Dr NE,Issaquah,98029,WA,US,47.545787,-122.018479, , ,888-758-4389, ,USCPIL5432581,ChargePoint Network,0,2,0,2, ,J1772,http://www.chargepoint.com/, , ,GPS
-13617947.0797,6041587.33140001,845,896,INSIGNIA 953 146 147N,181305,ELEC, ,24 hours daily,E,Public, , , ,2023/08/07 00:00:00+00,2023/08/07 00:00:00+00,2021/01/27 00:00:00+00,, ,583 Battery St,Seattle,98164,WA,US,47.606191,-122.3321, , ,888-758-4389, ,USCPIL129267,ChargePoint Network,0,2,0,2, ,J1772,http://www.chargepoint.com/, , ,GPS
-13617947.7476,6041577.0948,846,897,INSIGNIA 953 228 229N,181306,ELEC, ,24 hours daily,E,Public, , , ,2023/08/07 00:00:00+00,2023/08/07 00:00:00+00,2021/01/27 00:00:00+00,, ,583 Battery St,Seattle,98164,WA,US,47.606129,-122.332106, , ,888-758-4389, ,USCPIL129257,ChargePoint Network,0,2,0,2, ,J1772,http://www.chargepoint.com/, , ,GPS
-13617945.1872,6041584.02929999,847,898,INSIGNIA 953 192 193N,181307,ELEC, ,24 hours daily,E,Public, , , ,2023/08/07 00:00:00+00,2023/08/07 00:00:00+00,2021/01/27 00:00:00+00,, ,583 Battery St,Seattle,98164,WA,US,47.606171,-122.332083, , ,888-758-4389, ,USCPIL129255,ChargePoint Network,0,2,0,2, ,J1772,http://www.chargepoint.com/, , ,GPS
-13617942.0703,6041590.6336,848,899,INSIGNIA 953 152 153N,181308,ELEC, ,24 hours daily,E,Public, , , ,2023/08/07 00:00:00+00,2023/08/07 00:00:00+00,2021/01/27 00:00:00+00,, ,583 Battery St,Seattle,98164,WA,US,47.606211,-122.332055, , ,888-758-4389, ,USCPIL129231,ChargePoint Network,0,2,0,2, ,J1772,http://www.chargepoint.com/, , ,GPS
-13617950.9759,6041575.4437,849,900,INSIGNIA 953 226 227N,181309,ELEC, ,24 hours daily,E,Public, , , ,2023/08/07 00:00:00+00,2023/08/07 00:00:00+00,2021/01/27 00:00:00+00,, ,583 Battery St,Seattle,98164,WA,US,47.606119,-122.332135, , ,888-758-4389, ,USCPIL128579,ChargePoint Network,0,2,0,2, ,J1772,http://www.chargepoint.com/, , ,GPS
-13617954.0928,6041578.9109,850,901,INSIGNIA 953 186 187N,181310,ELEC, ,24 hours daily,E,Public, , , ,2023/08/07 00:00:00+00,2023/08/07 00:00:00+00,2021/01/27 00:00:00+00,, ,583 Battery St,Seattle,98164,WA,US,47.60614,-122.332163, , ,888-758-4389, ,USCPIL128577,ChargePoint Network,0,2,0,2, ,J1772,http://www.chargepoint.com/, , ,GPS
-13617943.1835,6041580.2318,851,902,INSIGNIA 953 232 233N,181311,ELEC, ,24 hours daily,E,Public, , , ,2023/08/07 00:00:00+00,2023/08/07 00:00:00+00,2021/01/27 00:00:00+00,, ,583 Battery St,Seattle,98164,WA,US,47.606148,-122.332065, , ,888-758-4389, ,USCPIL127933,ChargePoint Network,0,2,0,2, ,J1772,http://www.chargepoint.com/, , ,GPS
-13617940.0665,6041581.3876,852,903,INSIGNIA 953 234N,181313,ELEC, ,24 hours daily,E,Public, , , ,2023/08/07 00:00:00+00,2023/08/07 00:00:00+00,2021/01/27 00:00:00+00,, ,583 Battery St,Seattle,98164,WA,US,47.606155,-122.332037, , ,888-758-4389, ,USCPIL126363,ChargePoint Network,0,1,0,1, ,J1772,http://www.chargepoint.com/, , ,GPS
-13617957.655,6041576.5994,853,904,INSIGNIA 953 185N,181314,ELEC, ,24 hours daily,E,Public, , , ,2023/08/07 00:00:00+00,2023/08/07 00:00:00+00,2021/01/27 00:00:00+00,, ,583 Battery St,Seattle,98164,WA,US,47.606126,-122.332195, , ,888-758-4389, ,USCPIL126361,ChargePoint Network,0,1,0,1, ,J1772,http://www.chargepoint.com/, , ,GPS
-13617942.6269,6041585.8455,854,905,INSIGNIA 953 194N,181315,ELEC, ,24 hours daily,E,Public, , , ,2023/08/07 00:00:00+00,2023/08/07 00:00:00+00,2021/01/27 00:00:00+00,, ,583 Battery St,Seattle,98164,WA,US,47.606182,-122.33206, , ,888-758-4389, ,USCPIL126345,ChargePoint Network,0,1,0,1, ,J1772,http://www.chargepoint.com/, , ,GPS
-13617954.0928,6041574.1228,855,906,INSIGNIA 953 225N,181316,ELEC, ,24 hours daily,E,Public, , , ,2023/08/07 00:00:00+00,2023/08/07 00:00:00+00,2021/01/27 00:00:00+00,, ,583 Battery St,Seattle,98164,WA,US,47.606111,-122.332163, , ,888-758-4389, ,USCPIL124653,ChargePoint Network,0,1,0,1, ,J1772,http://www.chargepoint.com/, , ,GPS
-13617955.206,6041582.5433,856,907,INSIGNIA 953 143N,181317,ELEC, ,24 hours daily,E,Public, , , ,2023/08/07 00:00:00+00,2023/08/07 00:00:00+00,2021/01/27 00:00:00+00,, ,583 Battery St,Seattle,98104,WA,US,47.606162,-122.332173, , ,888-758-4389, ,USCPIL126357,ChargePoint Network,0,1,0,1, ,J1772,http://www.chargepoint.com/, , ,GPS
-13617950.8645,6041581.05730001,857,908,INSIGNIA 953 188 189N,181318,ELEC, ,24 hours daily,E,Public, , , ,2023/08/07 00:00:00+00,2023/08/07 00:00:00+00,2021/01/27 00:00:00+00,, ,583 Battery St,Seattle,98104,WA,US,47.606153,-122.332134, , ,888-758-4389, ,USCPIL127825,ChargePoint Network,0,2,0,2, ,J1772,http://www.chargepoint.com/, , ,GPS
-13598557.1168,6065696.3542,858,909,WOODIN CREEK WOODIN CREEK 1,181538,ELEC, ,24 hours daily,E,Public, , , ,2023/08/07 00:00:00+00,2023/08/07 00:00:00+00,2021/01/27 00:00:00+00,, ,13550 Village Square Dr.,Woodinville,98072,WA,US,47.752007,-122.157917, , ,888-758-4389, ,USCPIL5436451,ChargePoint Network,0,2,0,2, ,J1772,http://www.chargepoint.com/, , ,GPS
-13636571.6097,5979373.96000001,859,910,ES - SWM R & T CENTER 01,181704,ELEC, ,24 hours daily,E,Public, , , ,2023/08/07 00:00:00+00,2023/08/07 00:00:00+00,2021/01/27 00:00:00+00,, ,3510 S Mullen St SWM Admin Bldg,Tacoma,98409,WA,US,47.228029,-122.499407, , ,888-758-4389, ,USCPIL1959291,ChargePoint Network,0,2,0,2, ,J1772,http://www.chargepoint.com/, , ,GPS
-13629956.2263,5982502.73019999,860,911,TAC PW PARKING CONV CTR 02,181705,ELEC, ,24 hours daily,E,Public, , , ,2023/08/07 00:00:00+00,2023/08/07 00:00:00+00,2021/01/27 00:00:00+00,, ,1552 Market St,Tacoma,98402,WA,US,47.247112,-122.43998, , ,888-758-4389, ,USCPIL320541,ChargePoint Network,0,2,0,2, ,J1772,http://www.chargepoint.com/, , ,GPS
-13629247.2325,5984543.4404,861,912,ES - SWM URBAN WATERS 05,181706,ELEC, ,24 hours daily,E,Public, , , ,2023/08/06 00:00:00+00,2023/08/06 00:00:00+00,2021/01/27 00:00:00+00,, ,"303 East D St SE Pkg Lot, Center for Urban Wa",Tacoma,98421,WA,US,47.259555,-122.433611, , ,888-758-4389, ,USCPIL92391,ChargePoint Network,0,2,0,2, ,J1772,http://www.chargepoint.com/, , ,GPS
-13629265.1549,5984535.2392,862,913,ES - SWM URBAN WATERS 03,181707,ELEC, ,24 hours daily,E,Public, , , ,2023/08/06 00:00:00+00,2023/08/06 00:00:00+00,2021/01/27 00:00:00+00,, ,"303 East D St East Pkg Lot, Center for Urban",Tacoma,98421,WA,US,47.259505,-122.433772, , ,888-758-4389, ,USCPIL91713,ChargePoint Network,0,2,0,2, ,J1772,http://www.chargepoint.com/, , ,GPS
-13629735.8137,5982602.9258,863,914,TAC PW PARKING CONV CTR 04,181722,ELEC, ,24 hours daily,E,Public, , , ,2023/08/07 00:00:00+00,2023/08/07 00:00:00+00,2021/01/27 00:00:00+00,, ,1548 Commerce St,Tacoma,98402,WA,US,47.247723,-122.438, , ,888-758-4389, ,USCPIL320461,ChargePoint Network,0,2,0,2, ,J1772,http://www.chargepoint.com/, , ,GPS
-13659911.856,5756845.9547,864,915,ILANI 3B-1 DUAL,181733,ELEC, ,24 hours daily,E,Public, , , ,2023/08/07 00:00:00+00,2023/08/07 00:00:00+00,2021/01/27 00:00:00+00,, ,1 Cowlitz Way,Ridgefield,98642,WA,US,45.85314,-122.709076, , ,888-758-4389, ,USCPIL5515521,ChargePoint Network,0,2,0,2, ,J1772,http://www.chargepoint.com/, , ,GPS
-13659893.377,5756848.03249999,865,916,ILANI 1B-1 DUAL,181734,ELEC, ,24 hours daily,E,Public, , , ,2023/08/07 00:00:00+00,2023/08/07 00:00:00+00,2021/01/27 00:00:00+00,, ,1 Cowlitz way,Ridgefield,98642,WA,US,45.853153,-122.70891, , ,888-758-4389, ,USCPIL5515511,ChargePoint Network,0,2,0,2, ,J1772,http://www.chargepoint.com/, , ,GPS
-13659921.2069001,5756843.23769999,866,917,ILANI 3B-2 DUAL,181735,ELEC, ,24 hours daily,E,Public, , , ,2023/08/07 00:00:00+00,2023/08/07 00:00:00+00,2021/01/27 00:00:00+00,, ,1 Cowlitz Way,Ridgefield,98642,WA,US,45.853123,-122.70916, , ,888-758-4389, ,USCPIL5515491,ChargePoint Network,0,2,0,2, ,J1772,http://www.chargepoint.com/, , ,GPS
-13659874.4527,5756871.52709999,867,918,ILANI 3A-2 SINGLE,181736,ELEC, ,24 hours daily,E,Public, , , ,2023/08/07 00:00:00+00,2023/08/07 00:00:00+00,2021/01/27 00:00:00+00,, ,1 Cowlitz Way,Ridgefield,98642,WA,US,45.8533,-122.70874, , ,888-758-4389, ,USCPIL5515481,ChargePoint Network,0,1,0,1, ,J1772,http://www.chargepoint.com/, , ,GPS
-13659908.4050999,5756857.14259999,868,919,ILANI 3A-3 DUAL,181737,ELEC, ,24 hours daily,E,Public, , , ,2023/08/07 00:00:00+00,2023/08/07 00:00:00+00,2021/01/27 00:00:00+00,, ,1 Cowlitz Way,Ridgefield,98642,WA,US,45.85321,-122.709045, , ,888-758-4389, ,USCPIL5515471,ChargePoint Network,0,2,0,2, ,J1772,http://www.chargepoint.com/, , ,GPS
-13659903.3958,5756841.959,869,920,ILANI 3C-1 SINGLE,181738,ELEC, ,24 hours daily,E,Public, , , ,2023/08/07 00:00:00+00,2023/08/07 00:00:00+00,2021/01/27 00:00:00+00,, ,1 Cowlitz Way,Ridgefield,98642,WA,US,45.853115,-122.709, , ,888-758-4389, ,USCPIL5515461,ChargePoint Network,0,1,0,1, ,J1772,http://www.chargepoint.com/, , ,GPS
-13659894.0449,5756838.283,870,921,ILANI 3C-2 DUAL,181739,ELEC, ,24 hours daily,E,Public, , , ,2023/08/07 00:00:00+00,2023/08/07 00:00:00+00,2021/01/27 00:00:00+00,, ,1 Cowlitz Way,Ridgefield,98642,WA,US,45.853092,-122.708916, , ,888-758-4389, ,USCPIL5515441,ChargePoint Network,0,2,0,2, ,J1772,http://www.chargepoint.com/, , ,GPS
-13659813.8949,5756465.8942,871,922,ILANI 3A-4 DUAL,181740,ELEC, ,24 hours daily,E,Public, , , ,2023/08/07 00:00:00+00,2023/08/07 00:00:00+00,2021/01/27 00:00:00+00,, ,1 Cowlitz Way,Ridgefield,98642,WA,US,45.850762,-122.708196, , ,888-758-4389, ,USCPIL5515431,ChargePoint Network,0,2,0,2, ,J1772,http://www.chargepoint.com/, , ,GPS
-13659878.9055,5756851.70849999,872,923,ILANI 3A-1 DUAL,181741,ELEC, ,24 hours daily,E,Public, , , ,2023/08/07 00:00:00+00,2023/08/07 00:00:00+00,2021/01/27 00:00:00+00,, ,1 Cowlitz Way,Ridgefield,98642,WA,US,45.853176,-122.70878, , ,888-758-4389, ,USCPIL5515411,ChargePoint Network,0,2,0,2, ,J1772,http://www.chargepoint.com/, , ,GPS
-13659897.8298,5756845.63509999,873,924,ILANI 3B-3 SINGLE,181742,ELEC, ,24 hours daily,E,Public, , , ,2023/08/07 00:00:00+00,2023/08/07 00:00:00+00,2021/01/27 00:00:00+00,, ,1 Cowlitz Way,Ridgefield,98642,WA,US,45.853138,-122.70895, , ,888-758-4389, ,USCPIL5515401,ChargePoint Network,0,1,0,1, ,J1772,http://www.chargepoint.com/, , ,GPS
-13613808.221,6080986.0708,874,925,SANDBERG VOLVO STATION 1,181763,ELEC, ,24 hours daily,E,Public, , , ,2023/08/07 00:00:00+00,2023/08/07 00:00:00+00,2021/01/27 00:00:00+00,, ,17025 Hwy 99,Lynnwood,98037,WA,US,47.844271,-122.29492, , ,888-758-4389, ,USCPIL5531721,ChargePoint Network,0,2,0,2, ,J1772,http://www.chargepoint.com/, , ,GPS
-13588653.9123,6032403.7935,875,926,RPI PORTEMONS 2005 POPLAR 1,182004,ELEC, ,"Mon 12:15am - 11:45pm; Tue 12:15am - 11:45pm; Wed 12:15am - 11:45pm; Thu 12:15am - 11:45pm; Fri 12:15am - 11:45pm; Sat 12:15am - 11:45pm; Sun 12:15am - 11:45pm",E,Public, , , ,2023/08/07 00:00:00+00,2023/08/07 00:00:00+00,2021/01/27 00:00:00+00,, ,2005 NW Poplar Way,Issaquah,98027,WA,US,47.55054,-122.068955, , ,888-758-4389, ,USCPIL5482901,ChargePoint Network,0,2,0,2, ,J1772,http://www.chargepoint.com/, , ,GPS
-13588618.9579001,6032398.5157,876,927,RPI PORTEMONS 2005 POPLAR 3,182005,ELEC, ,"Mon 12:15am - 11:45pm; Tue 12:15am - 11:45pm; Wed 12:15am - 11:45pm; Thu 12:15am - 11:45pm; Fri 12:15am - 11:45pm; Sat 12:15am - 11:45pm; Sun 12:15am - 11:45pm",E,Public, , , ,2023/08/07 00:00:00+00,2023/08/07 00:00:00+00,2021/01/27 00:00:00+00,, ,2005 NW Poplar Way,Issaquah,98027,WA,US,47.550508,-122.068641, , ,888-758-4389, ,USCPIL5482891,ChargePoint Network,0,1,0,1, ,J1772,http://www.chargepoint.com/, , ,GPS
-13592534.1758,6052973.9101,877,928,KOHL'S - CHPT 1136 REDMOND 1,182860,ELEC, ,24 hours daily,E,Public, , , ,2023/08/07 00:00:00+00,2023/08/07 00:00:00+00,2021/01/27 00:00:00+00,, ,17601 NE Union Hill Rd,Redmond,98052,WA,US,47.67511,-122.103812, , ,888-758-4389, ,USCPIL697081,ChargePoint Network,0,1,0,1, ,J1772,http://www.chargepoint.com/, , ,GPS
-13592565.2339,6052963.9906,878,929,KOHL'S - CHPT 1136 REDMOND 2,182861,ELEC, ,24 hours daily,E,Public, , , ,2023/08/07 00:00:00+00,2023/08/07 00:00:00+00,2021/01/27 00:00:00+00,, ,17601 NE Union Hill Rd,Redmond,98052,WA,US,47.67505,-122.104091, , ,888-758-4389, ,USCPIL697101,ChargePoint Network,0,1,0,1, ,J1772,http://www.chargepoint.com/, , ,GPS
-13636383.9251,5719052.74029999,879,930,KOHL'S - CHPT 1003 VANCOUVE 1,182863,ELEC, ,24 hours daily,E,Public, , , ,2023/08/07 00:00:00+00,2023/08/07 00:00:00+00,2021/01/27 00:00:00+00,, ,17001 SE Mill Plain Blvd,Vancouver,98684,WA,US,45.616174,-122.497721, , ,888-758-4389, ,USCPIL697221,ChargePoint Network,0,1,0,1, ,J1772,http://www.chargepoint.com/, , ,GPS
-13636380.3627999,5719053.6952,880,931,KOHL'S - CHPT 1003 VANCOUVE 2,182864,ELEC, ,24 hours daily,E,Public, , , ,2023/08/07 00:00:00+00,2023/08/07 00:00:00+00,2021/01/27 00:00:00+00,, ,17001 SE Mill Plain Blvd,Vancouver,98684,WA,US,45.61618,-122.497689, , ,888-758-4389, ,USCPIL697261,ChargePoint Network,0,1,0,1, ,J1772,http://www.chargepoint.com/, , ,GPS
-13601161.7703,6123790.7988,881,932,KOHL'S - CHPT 1017 MARYSVILLE,182882,ELEC, ,24 hours daily,E,Public, , , ,2023/08/07 00:00:00+00,2023/08/07 00:00:00+00,2021/01/27 00:00:00+00,, ,3713 116th St NE,Marysville,98271,WA,US,48.1017,-122.181315, , ,888-758-4389, ,USCPIL698661,ChargePoint Network,0,1,0,1, ,J1772,http://www.chargepoint.com/, , ,GPS
-13673858.4071,5948977.1604,882,933,TARGET CORP LACEY 2,183443,ELEC, ,"Mon 7:00am - 12:00am; Tue 7:00am - 12:00am; Wed 7:00am - 12:00am; Thu 7:00am - 12:00am; Fri 7:00am - 12:00am; Sat 7:00am - 12:00am; Sun 7:00am - 12:00am",E,Public, , , ,2023/08/07 00:00:00+00,2023/08/07 00:00:00+00,2021/01/27 00:00:00+00,, ,641 Sleater Kinney Rd SE,Lacey,98503,WA,US,47.042275,-122.83436, , ,888-758-4389, ,USCPIL5504261,ChargePoint Network,0,2,0,2, ,J1772,http://www.chargepoint.com/, , ,GPS
-13673844.9375,5948974.54670001,883,934,TARGET CORP LACEY 1,183444,ELEC, ,"Mon 7:00am - 12:00am; Tue 7:00am - 12:00am; Wed 7:00am - 12:00am; Thu 7:00am - 12:00am; Fri 7:00am - 12:00am; Sat 7:00am - 12:00am; Sun 7:00am - 12:00am",E,Public, , , ,2023/08/07 00:00:00+00,2023/08/07 00:00:00+00,2021/01/27 00:00:00+00,, ,641 Sleater Kinney Rd SE,Lacey,98503,WA,US,47.042259,-122.834239, , ,888-758-4389, ,USCPIL5504291,ChargePoint Network,0,2,0,2, ,J1772,http://www.chargepoint.com/, , ,GPS
-13608749.7519999,6018535.84720001,884,935,FORT DENT STATION EV 2,183468,ELEC, ,24 hours daily,T,Public, , , ,2023/08/07 00:00:00+00,2023/08/07 00:00:00+00,2021/01/27 00:00:00+00,2022/09/09 00:00:00+00, ,6700 Fort Dent Way,Tukwila,98188,WA,US,47.46639,-122.249479, , ,888-758-4389, ,USCPIL5587081,ChargePoint Network,0,2,0,2, ,J1772,http://www.chargepoint.com/, , ,GPS
-13608683.9622,6018521.8505,885,936,FORT DENT STATION EV 1,183469,ELEC, ,24 hours daily,E,Public, , , ,2023/08/07 00:00:00+00,2023/08/07 00:00:00+00,2021/01/27 00:00:00+00,, ,6700 Fort Dent Way,Tukwila,98188,WA,US,47.466305,-122.248888, , ,888-758-4389, ,USCPIL5587121,ChargePoint Network,0,2,0,2, ,J1772,http://www.chargepoint.com/, , ,GPS
-13643796.2447,5971055.07309999,886,937,Western State Hospital,183553,ELEC, ,24 hours daily,E,Public, , , ,2023/08/07 00:00:00+00,2023/08/07 00:00:00+00,2021/01/29 00:00:00+00,, ,9601 Steilacoom Blvd,Lakewood,98498,WA,US,47.177257,-122.564307, , ,855-900-7584, ,811,SHELL_RECHARGE,0,4,0,4, ,J1772,https://shellrecharge.com/en-us/solutions, , ,GPS
-13617236.9726,6046363.0776,887,938,188 BLAINE ATRIUM #1,183694,ELEC, ,24 hours daily,E,Public, , , ,2023/08/07 00:00:00+00,2023/08/07 00:00:00+00,2021/02/02 00:00:00+00,, ,1818 Fairview Ave East,Seattle,98102,WA,US,47.635108,-122.325721, , ,888-758-4389, ,USCPIL797971,ChargePoint Network,0,2,0,2, ,J1772,http://www.chargepoint.com/, , ,GPS
-13610075.0106,6081518.5116,888,939,ALLEGRO 2019 ASH CREEK,183848,ELEC, ,24 hours daily,E,Public, , , ,2023/08/07 00:00:00+00,2023/08/07 00:00:00+00,2021/02/06 00:00:00+00,, ,16605 Ash Way,Lynnwood,98037,WA,US,47.847481,-122.261384, , ,888-758-4389, ,USCPIL5588831,ChargePoint Network,0,2,0,2, ,J1772,http://www.chargepoint.com/, , ,GPS
-13684403.7025,5947439.31109999,889,940,CAPITOL CITY STATION 01,184168,ELEC, ,24 hours daily,E,Public, , , ,2023/08/07 00:00:00+00,2023/08/07 00:00:00+00,2021/02/10 00:00:00+00,, ,2370 Carriage Loop SW,Olympia,98502,WA,US,47.03286,-122.92909, , ,888-758-4389, ,USCPIL1718741,ChargePoint Network,0,2,0,2, ,J1772,http://www.chargepoint.com/, , ,GPS
-13618718.7464,6044735.6878,890,941,ALLEN INSTITUTE NORTH,184210,ELEC, ,24 hours daily,E,Public, , , ,2023/08/07 00:00:00+00,2023/08/07 00:00:00+00,2021/02/11 00:00:00+00,, ,615 Westlake Ave N,Seattle,98109,WA,US,47.625256,-122.339032, , ,888-758-4389, ,USCPIL120781,ChargePoint Network,0,2,0,2, ,J1772,http://www.chargepoint.com/, , ,GPS
-13603310.7929999,6042764.46599999,891,942,"Safeway #1600 (Bellevue, WA)",184914,ELEC, ,24 hours daily,E,Public, , , ,2023/08/07 00:00:00+00,2023/08/07 00:00:00+00,2021/02/12 00:00:00+00,, ,300 BELLEVUE WAYNE,Bellevue,98004,WA,US,47.61332,-122.20062, , ,833-632-2778, ,200213,Electrify America,0,0,5,5, ,"CHAdeMO, CCS",https://www.electrifyamerica.com/, , ,GPS
-13615363.3543,5989783.1258,892,943,"Walmart 3794 - Federal Way, WA",185190,ELEC, ,24 hours daily,E,Public, , , ,2023/08/07 00:00:00+00,2023/08/07 00:00:00+00,2021/02/19 00:00:00+00,, ,34520 16TH AVE S,Federal Way,98003,WA,US,47.29149,-122.30889, , ,833-632-2778, ,200211,Electrify America,0,1,3,4, ,"CHAdeMO, J1772, CCS",https://www.electrifyamerica.com/, , ,GPS
-13609308.2419,6015730.68330001,893,944,TRU TUKWILA TUKWILA 1,185425,ELEC, ,24 hours daily,E,Public, , , ,2023/08/07 00:00:00+00,2023/08/07 00:00:00+00,2021/02/27 00:00:00+00,, ,395 Corporate Dr S,Tukwila,98188,WA,US,47.449352,-122.254496, , ,888-758-4389, ,USCPIL5611681,ChargePoint Network,0,2,0,2, ,J1772,http://www.chargepoint.com/, , ,GPS
-13616374.4692,6042698.08389999,894,945,Viva Apartment Homes,185451,ELEC, ,24 hours daily,T,Public, , , ,2023/06/20 00:00:00+00,2023/06/20 00:00:00+00,2014/02/25 00:00:00+00,2022/09/09 00:00:00+00, ,1111 East Union Street,Seattle,98122,WA,US,47.612918,-122.317973,New Construction map may be require adjustment., ,800-663-5633, ,695,SemaCharge Network,0,1,0,1, ,J1772,https://semaconnect.com/,FREE, ,GPS
-13655979.829,6049905.1811,895,946,St. Michael Medical Center - East Parking,185533,ELEC, , ,E,Public, , , ,2023/06/20 00:00:00+00,2023/06/20 00:00:00+00,2021/03/03 00:00:00+00,, ,1800 NW Myhre Rd,Silverdale,98383,WA,US,47.656545,-122.673754,1 Charger on each floor. Chargers are ||on the North side of the garage.||, ,888-998-2546, ,465ba1dd-d734-8158-93cc-330000550941,Blink Network,0,3,0,3, ,J1772,http://www.blinkcharging.com/,Free, ,GPS
-13604920.0276,6020774.5553,896,947,Safeway 200 South 3rd St.,185623,ELEC, ,"Mon 5:00am - 10:59pm; Tue 5:00am - 10:59pm; Wed 5:00am - 10:59pm; Thu 5:00am - 10:59pm; Fri 5:00am - 10:59pm; Sat 5:00am - 10:59pm; Sun 5:00am - 10:59pm",E,Public, ,False, ,2023/08/07 00:00:00+00,2023/08/07 00:00:00+00,2021/03/01 00:00:00+00,, ,200 South 3rd St.,Renton,98057,WA,US,47.4799835,-122.215076, , ,888-264-2208, ,8254abf6-f72c-49d3-9040-83519bd597bf,Volta,0,1,0,1, ,J1772,https://voltacharging.com/, , ,GPS
-13603683.806,6024379.56499999,897,948,Southport Garage Level B,185624,ELEC, ,"Mon 5:00am - 10:59pm; Tue 5:00am - 10:59pm; Wed 5:00am - 10:59pm; Thu 5:00am - 10:59pm; Fri 5:00am - 10:59pm; Sat 5:00am - 10:59pm; Sun 5:00am - 10:59pm",E,Public, ,False, ,2023/08/07 00:00:00+00,2023/08/07 00:00:00+00,2020/12/23 00:00:00+00,, ,1103 Lake Washington Blvd. No.,Renton,98056,WA,US,47.501865833,-122.203970833, , ,888-264-2208, ,2212233f-d350-48ab-9f38-47cb72c92584,Volta,0,6,0,6, ,J1772,https://voltacharging.com/, , ,GPS
-13600349.9172,6053565.4664,898,949,Safeway 12519 NE 85th St,185625,ELEC, ,"Mon 5:00am - 10:59pm; Tue 5:00am - 10:59pm; Wed 5:00am - 10:59pm; Thu 5:00am - 10:59pm; Fri 5:00am - 10:59pm; Sat 5:00am - 10:59pm; Sun 5:00am - 10:59pm",E,Public, ,False, ,2023/08/07 00:00:00+00,2023/08/07 00:00:00+00,2021/03/01 00:00:00+00,, ,12519 Ne 85Th St,Kirkland,98033,WA,US,47.678688,-122.174022, , ,888-264-2208, ,8ea0384f-2228-4ce7-8fb7-e2f305623dda,Volta,0,2,0,2, ,J1772,https://voltacharging.com/, , ,GPS
-13608518.3188,6066830.2523,899,950,Safeway 6850 NE Bothell Way,185626,ELEC, ,"Mon 5:00am - 10:59pm; Tue 5:00am - 10:59pm; Wed 5:00am - 10:59pm; Thu 5:00am - 10:59pm; Fri 5:00am - 10:59pm; Sat 5:00am - 10:59pm; Sun 5:00am - 10:59pm",E,Public, ,False, ,2023/08/07 00:00:00+00,2023/08/07 00:00:00+00,2021/03/01 00:00:00+00,, ,6850 NE Bothell Way,Kenmore,98028,WA,US,47.758855,-122.2474, , ,888-264-2208, ,3ce39ff4-a4b7-420f-a724-8e58ab75b19c,Volta,0,2,0,2, ,J1772,https://voltacharging.com/, , ,GPS
-13648673.0402,6192130.6859,900,951,SAMISH NATION CANNERY SOUTH 1,185648,ELEC, ,24 hours daily,E,Public, , , ,2023/08/07 00:00:00+00,2023/08/07 00:00:00+00,2021/03/06 00:00:00+00,, ,715 Seafarers Way,Anacortes,98221,WA,US,48.51004,-122.608116, , ,888-758-4389, ,USCPIL5640131,ChargePoint Network,0,2,0,2, ,J1772,http://www.chargepoint.com/, , ,GPS
-13648680.7213,6192131.3581,901,952,SAMISH NATION CANNERY SOUTH 2,185649,ELEC, ,24 hours daily,E,Public, , , ,2023/08/07 00:00:00+00,2023/08/07 00:00:00+00,2021/03/06 00:00:00+00,, ,715 Seafarers Way,Anacortes,98221,WA,US,48.510044,-122.608185, , ,888-758-4389, ,USCPIL5640161,ChargePoint Network,0,2,0,2, ,J1772,http://www.chargepoint.com/, , ,GPS
-13425307.365,5875262.046,902,953,LODGES CHARGER OFFICE,186036,ELEC, ,24 hours daily,E,Public, , , ,2023/08/07 00:00:00+00,2023/08/07 00:00:00+00,2021/03/10 00:00:00+00,, ,901 S 72nd Ave,Yakima,98908,WA,US,46.589108,-120.601588, , ,888-758-4389, ,USCPIL5590371,ChargePoint Network,0,1,0,1, ,J1772,http://www.chargepoint.com/, , ,GPS
-13597004.6552,6049339.9862,903,954,Hampton Greens,186096,ELEC, , ,E,Public, , , ,2023/06/21 00:00:00+00,2023/06/21 00:00:00+00,2021/03/11 00:00:00+00,, ,4747 148th Ave NE,Bellevue,98007,WA,US,47.653125,-122.143971, , ,888-998-2546, ,465ba1dd-d734-8158-93cc-330000549274,Blink Network,0,1,0,1, ,J1772,http://www.blinkcharging.com/,Free, ,GPS
-13710176.5023,5997299.76560001,904,955,Lucky Dog Casino,186262,ELEC, , ,E,Public, , , ,2023/06/20 00:00:00+00,2023/06/20 00:00:00+00,2021/03/16 00:00:00+00,, ,19330 US Hwy 101,Shelton,98584,WA,US,47.337269,-123.160611,.||, ,888-998-2546, ,465ba1dd-d734-8158-93cc-330000546345,Blink Network,0,4,0,4, ,J1772,http://www.blinkcharging.com/,Free, ,GPS
-13514971.8753,6007888.52189999,905,956,Silver Fir Lodge,186347,ELEC,REC_SPORTS_FACILITY,24 hours daily,E,Public, ,False, ,2023/06/12 00:00:00+00,2023/06/12 00:00:00+00,2021/03/15 00:00:00+00,, ,80 Tanner Way,Snoqualmie Pass,98068,WA,US,47.401691,-121.407058, , ,425-434-7669,P, ,Non-Networked,0,9,0,9, ,"J1772, Tesla", ,Free, ,GPS
-13425191.8154,5875242.284,906,957,LODGES CHARGER GARAGES,186538,ELEC, ,24 hours daily,E,Public, , , ,2023/08/07 00:00:00+00,2023/08/07 00:00:00+00,2021/03/24 00:00:00+00,, ,901 S 72nd Ave,Yakima,98908,WA,US,46.588986,-120.60055, , ,888-758-4389, ,USCPIL5563891,ChargePoint Network,0,1,0,1, ,J1772,http://www.chargepoint.com/, , ,GPS
-13600574.7826,6044224.0121,907,958,BLOCK 16 FB BELLEVUE 17,186605,ELEC, ,24 hours daily,E,Public, , , ,2023/08/07 00:00:00+00,2023/08/07 00:00:00+00,2021/03/27 00:00:00+00,, ,1288 123rd Ave NE,Bellevue,98005,WA,US,47.622158,-122.176042, , ,888-758-4389, ,USCPIL5500471,ChargePoint Network,0,2,0,2, ,J1772,http://www.chargepoint.com/, , ,GPS
-13600505.2079,6044226.3243,908,959,BLOCK 16 FB BELLEVUE 15,186606,ELEC, ,24 hours daily,E,Public, , , ,2023/08/07 00:00:00+00,2023/08/07 00:00:00+00,2021/03/27 00:00:00+00,, ,1287 124th Ave NE,Bellevue,98005,WA,US,47.622172,-122.175417, , ,888-758-4389, ,USCPIL5500481,ChargePoint Network,0,2,0,2, ,J1772,http://www.chargepoint.com/, , ,GPS
-13600569.7732,6044162.7386,909,960,BLOCK 16 FB BELLEVUE 8,186607,ELEC, ,24 hours daily,E,Public, , , ,2023/08/07 00:00:00+00,2023/08/07 00:00:00+00,2021/03/27 00:00:00+00,, ,1288 123rd Ave NE,Bellevue,98005,WA,US,47.621787,-122.175997, , ,888-758-4389, ,USCPIL5500541,ChargePoint Network,0,2,0,2, ,J1772,http://www.chargepoint.com/, , ,GPS
-13600555.413,6044152.0034,910,961,BLOCK 16 FB BELLEVUE 7,186608,ELEC, ,24 hours daily,E,Public, , , ,2023/08/07 00:00:00+00,2023/08/07 00:00:00+00,2021/03/27 00:00:00+00,, ,1288 123rd Ave NE,Bellevue,98005,WA,US,47.621722,-122.175868, , ,888-758-4389, ,USCPIL5500551,ChargePoint Network,0,2,0,2, ,J1772,http://www.chargepoint.com/, , ,GPS
-13600557.862,6044143.5804,911,962,BLOCK 16 FB BELLEVUE 11,186609,ELEC, ,24 hours daily,E,Public, , , ,2023/08/07 00:00:00+00,2023/08/07 00:00:00+00,2021/03/27 00:00:00+00,, ,1288 123rd Ave NE,Bellevue,98005,WA,US,47.621671,-122.17589, , ,888-758-4389, ,USCPIL5500561,ChargePoint Network,0,2,0,2, ,J1772,http://www.chargepoint.com/, , ,GPS
-13600551.8508,6044173.47380001,912,963,BLOCK 16 FB BELLEVUE 3,186610,ELEC, ,24 hours daily,E,Public, , , ,2023/08/07 00:00:00+00,2023/08/07 00:00:00+00,2021/03/27 00:00:00+00,, ,1288 123rd Ave NE,Bellevue,98005,WA,US,47.621852,-122.175836, , ,888-758-4389, ,USCPIL5500571,ChargePoint Network,0,2,0,2, ,J1772,http://www.chargepoint.com/, , ,GPS
-13600563.7619,6044156.79290001,913,964,BLOCK 16 FB BELLEVUE 9,186611,ELEC, ,24 hours daily,E,Public, , , ,2023/08/07 00:00:00+00,2023/08/07 00:00:00+00,2021/03/27 00:00:00+00,, ,1288 123rd Ave NE,Bellevue,98005,WA,US,47.621751,-122.175943, , ,888-758-4389, ,USCPIL5500581,ChargePoint Network,0,2,0,2, ,J1772,http://www.chargepoint.com/, , ,GPS
-13600548.2884999,6044157.949,914,965,BLOCK 16 FB BELLEVUE 6,186612,ELEC, ,24 hours daily,E,Public, , , ,2023/08/07 00:00:00+00,2023/08/07 00:00:00+00,2021/03/27 00:00:00+00,, ,1288 123rd Ave NE,Bellevue,98005,WA,US,47.621758,-122.175804, , ,888-758-4389, ,USCPIL5500591,ChargePoint Network,0,2,0,2, ,J1772,http://www.chargepoint.com/, , ,GPS
-13600570.9977,6044155.47169999,915,966,BLOCK 16 FB BELLEVUE 13,186613,ELEC, ,24 hours daily,E,Public, , , ,2023/08/07 00:00:00+00,2023/08/07 00:00:00+00,2021/03/27 00:00:00+00,, ,1288 123rd Ave NE,Bellevue,98005,WA,US,47.621743,-122.176008, , ,888-758-4389, ,USCPIL5500601,ChargePoint Network,0,2,0,2, ,J1772,http://www.chargepoint.com/, , ,GPS
-13600570.1072,6044224.3424,916,967,BLOCK 16 FB BELLEVUE 21,186614,ELEC, ,24 hours daily,E,Public, , , ,2023/08/07 00:00:00+00,2023/08/07 00:00:00+00,2021/03/27 00:00:00+00,, ,1288 123rd Ave NE,Bellevue,98005,WA,US,47.62216,-122.176, , ,888-758-4389, ,USCPIL5500611,ChargePoint Network,0,2,0,2, ,J1772,http://www.chargepoint.com/, , ,GPS
-13600561.4242,6044170.99639999,917,968,BLOCK 16 FB BELLEVUE 2,186615,ELEC, ,24 hours daily,E,Public, , , ,2023/08/07 00:00:00+00,2023/08/07 00:00:00+00,2021/03/27 00:00:00+00,, ,1288 123rd Ave NE,Bellevue,98005,WA,US,47.621837,-122.175922, , ,888-758-4389, ,USCPIL5500621,ChargePoint Network,0,2,0,2, ,J1772,http://www.chargepoint.com/, , ,GPS
-13600558.6413,6044199.2384,918,969,BLOCK 16 FB BELLEVUE 16,186616,ELEC, ,24 hours daily,E,Public, , , ,2023/08/07 00:00:00+00,2023/08/07 00:00:00+00,2021/03/27 00:00:00+00,, ,1288 123rd Ave NE,Bellevue,98005,WA,US,47.622008,-122.175897, , ,888-758-4389, ,USCPIL5500631,ChargePoint Network,0,2,0,2, ,J1772,http://www.chargepoint.com/, , ,GPS
-13600537.4905,6044169.8403,919,970,BLOCK 16 FB BELLEVUE 4,186617,ELEC, ,24 hours daily,E,Public, , , ,2023/08/07 00:00:00+00,2023/08/07 00:00:00+00,2021/03/27 00:00:00+00,, ,1288 123rd Ave NE,Bellevue,98005,WA,US,47.62183,-122.175707, , ,888-758-4389, ,USCPIL5500641,ChargePoint Network,0,2,0,2, ,J1772,http://www.chargepoint.com/, , ,GPS
-13600565.5431001,6044156.29749999,920,971,BLOCK 16 FB BELLEVUE 10,186618,ELEC, ,24 hours daily,E,Public, , , ,2023/08/07 00:00:00+00,2023/08/07 00:00:00+00,2021/03/27 00:00:00+00,, ,1288 123rd Ave NE,Bellevue,98005,WA,US,47.621748,-122.175959, , ,888-758-4389, ,USCPIL5500651,ChargePoint Network,0,2,0,2, ,J1772,http://www.chargepoint.com/, , ,GPS
-13600570.9977,6044145.89260001,921,972,BLOCK 16 FB BELLEVUE 19,186619,ELEC, ,24 hours daily,E,Public, , , ,2023/08/07 00:00:00+00,2023/08/07 00:00:00+00,2021/03/27 00:00:00+00,, ,1288 123rd Ave NE,Bellevue,98005,WA,US,47.621685,-122.176008, , ,888-758-4389, ,USCPIL5500661,ChargePoint Network,0,2,0,2, ,J1772,http://www.chargepoint.com/, , ,GPS
-13600567.5468,6044169.17969999,922,973,BLOCK 16 FB BELLEVUE 22,186620,ELEC, ,24 hours daily,E,Public, , , ,2023/08/07 00:00:00+00,2023/08/07 00:00:00+00,2021/03/27 00:00:00+00,, ,1288 123rd Ave NE,Bellevue,98005,WA,US,47.621826,-122.175977, , ,888-758-4389, ,USCPIL5500671,ChargePoint Network,0,2,0,2, ,J1772,http://www.chargepoint.com/, , ,GPS
-13600575.7845,6044166.2069,923,974,BLOCK 16 FB BELLEVUE 12,186621,ELEC, ,24 hours daily,E,Public, , , ,2023/08/07 00:00:00+00,2023/08/07 00:00:00+00,2021/03/27 00:00:00+00,, ,1288 123rd Ave NE,Bellevue,98005,WA,US,47.621808,-122.176051, , ,888-758-4389, ,USCPIL5500701,ChargePoint Network,0,2,0,2, ,J1772,http://www.chargepoint.com/, , ,GPS
-13600564.9865,6044141.2682,924,975,BLOCK 16 FB BELLEVUE 23,186622,ELEC, ,24 hours daily,E,Public, , , ,2023/08/07 00:00:00+00,2023/08/07 00:00:00+00,2021/03/27 00:00:00+00,, ,1288 123rd Ave NE,Bellevue,98005,WA,US,47.621657,-122.175954, , ,888-758-4389, ,USCPIL5500711,ChargePoint Network,0,2,0,2, ,J1772,http://www.chargepoint.com/, , ,GPS
-13600549.0677999,6044205.1841,925,976,BLOCK 16 FB BELLEVUE 20,186623,ELEC, ,24 hours daily,E,Public, , , ,2023/08/07 00:00:00+00,2023/08/07 00:00:00+00,2021/03/27 00:00:00+00,, ,1288 123rd Ave NE,Bellevue,98005,WA,US,47.622044,-122.175811, , ,888-758-4389, ,USCPIL5500721,ChargePoint Network,0,2,0,2, ,J1772,http://www.chargepoint.com/, , ,GPS
-13600548.6225001,6044216.0845,926,977,BLOCK 16 FB BELLEVUE 18,186624,ELEC, ,24 hours daily,E,Public, , , ,2023/08/07 00:00:00+00,2023/08/07 00:00:00+00,2021/03/27 00:00:00+00,, ,1288 123rd Ave NE,Bellevue,98005,WA,US,47.62211,-122.175807, , ,888-758-4389, ,USCPIL5500731,ChargePoint Network,0,2,0,2, ,J1772,http://www.chargepoint.com/, , ,GPS
-13600571.777,6044184.86970001,927,978,BLOCK 16 FB BELLEVUE 14,186625,ELEC, ,24 hours daily,E,Public, , , ,2023/08/07 00:00:00+00,2023/08/07 00:00:00+00,2021/03/27 00:00:00+00,, ,1288 123rd Ave NE,Bellevue,98005,WA,US,47.621921,-122.176015, , ,888-758-4389, ,USCPIL5500771,ChargePoint Network,0,2,0,2, ,J1772,http://www.chargepoint.com/, , ,GPS
-13600563.6506,6044188.33799999,928,979,BLOCK 16 FB BELLEVUE 1,186626,ELEC, ,24 hours daily,E,Public, , , ,2023/08/07 00:00:00+00,2023/08/07 00:00:00+00,2021/03/27 00:00:00+00,, ,1288 123rd Ave NE,Bellevue,98005,WA,US,47.621942,-122.175942, , ,888-758-4389, ,USCPIL5500961,ChargePoint Network,0,1,0,1, ,J1772,http://www.chargepoint.com/, , ,GPS
-13613803.1003,6080900.48520001,929,980,SANDBERG VOLVO STATION 2,186833,ELEC, ,24 hours daily,E,Public, , , ,2023/08/07 00:00:00+00,2023/08/07 00:00:00+00,2021/04/02 00:00:00+00,, ,17025 Hwy 99,Lynnwood,98037,WA,US,47.843755,-122.294874, , ,888-758-4389, ,USCPIL6160141,ChargePoint Network,0,2,0,2, ,J1772,http://www.chargepoint.com/, , ,GPS
-13602224.3148,6058978.9825,930,981,"QFC 828 (Kirkland, WA)",186859,ELEC, ,24 hours daily,E,Public, , , ,2023/08/07 00:00:00+00,2023/08/07 00:00:00+00,2021/04/02 00:00:00+00,, ,11224 NE 124th St,Kirkland,98034,WA,US,47.71142,-122.19086, , ,833-632-2778, ,210221,Electrify America,0,1,3,4, ,"CHAdeMO, J1772, CCS",https://www.electrifyamerica.com/, , ,GPS
-13603484.5627,6042389.2978,931,982,Venn@Main - Tesla Supercharger,186869,ELEC,PAY_GARAGE,7am-11pm daily,E,Public, , , ,2023/07/01 00:00:00+00,2023/07/14 00:00:00+00,2021/03/29 00:00:00+00,, ,10333 NE 1st Street,Bellevue,98004,WA,US,47.611048,-122.202181, , ,877-798-3752,P,10582,Tesla,0,0,8,8, ,Tesla,https://www.tesla.com/supercharger,"$0.28 per kWh; $0.26 per minute above 60 kW and $0.13 per minute at or below 60 kW", ,GPS
-13617465.9568,6058179.774,932,983,Northgate Mall - Tesla Supercharger,186871,ELEC,SHOPPING_MALL,24 hours daily,E,Public, , , ,2023/07/01 00:00:00+00,2023/07/14 00:00:00+00,2021/03/29 00:00:00+00,, ,401 NE Northgate Way,Seattle,98125,WA,US,47.706589,-122.327778, , ,877-798-3752,P,7926,Tesla,0,0,16,16, ,Tesla,https://www.tesla.com/supercharger,"$0.28 per kWh; $0.26 per minute above 60 kW and $0.13 per minute at or below 60 kW", ,GPS
-13413100.5149,5878590.6363,933,984,Bob's Burgers & Brew - Tesla Supercharger,186877,ELEC,HOTEL,24 hours daily,E,Public, , , ,2023/07/01 00:00:00+00,2023/07/14 00:00:00+00,2021/03/29 00:00:00+00,, ,121 North Fair Avenue,Yakima,98901,WA,US,46.609653,-120.491932, , ,877-798-3752,P,14179,Tesla,0,0,8,8, ,Tesla,https://www.tesla.com/supercharger,"$0.28 per kWh; $0.26 per minute above 60 kW and $0.13 per minute at or below 60 kW", ,GPS
-13689700.8404,5953820.6677,934,985,Evergreen State College - Parking Lot C,187083,ELEC, , ,E,Public, , , ,2023/06/21 00:00:00+00,2023/06/21 00:00:00+00,2021/04/05 00:00:00+00,, ,2700 Evergreen Parkway,Olympia,98505,WA,US,47.071917,-122.976675,**There is a parking fee to be able to ||park at a stall to obtain an electric ||vehicle charge.||, ,888-998-2546, ,465ba1dd-d734-8158-93cc-330000561793,Blink Network,0,2,0,2, ,J1772,http://www.blinkcharging.com/,Free, ,GPS
-13593120.0502,6096582.16059999,935,986,KOZ WEAVER WEAVER RD LEFT,187087,ELEC, ,24 hours daily,E,Public, , , ,2023/08/07 00:00:00+00,2023/08/07 00:00:00+00,2021/04/06 00:00:00+00,, ,1900 Weaver Rd,Snohomish,98290,WA,US,47.938215,-122.109075, , ,888-758-4389, ,USCPIL5360951,ChargePoint Network,0,2,0,2, ,J1772,http://www.chargepoint.com/, , ,GPS
-13621735.2819,6072177.04939999,936,987,PCC NATURAL PCC EDMONDS,187110,ELEC, ,24 hours daily,E,Public, , , ,2023/08/07 00:00:00+00,2023/08/07 00:00:00+00,2021/04/07 00:00:00+00,, ,9803 Edmonds Way,Edmonds,98020,WA,US,47.791134,-122.36613, , ,888-758-4389, ,USCPIL6963901,ChargePoint Network,0,2,0,2, ,J1772,http://www.chargepoint.com/, , ,GPS
-13600559.8658,6044162.2431,937,988,BLOCK 16 FB BELLEVUE 5,187144,ELEC, ,24 hours daily,E,Public, , , ,2023/08/07 00:00:00+00,2023/08/07 00:00:00+00,2021/04/08 00:00:00+00,, ,1288 123rd Ave NE,Bellevue,98005,WA,US,47.621784,-122.175908, , ,888-758-4389, ,USCPIL5500691,ChargePoint Network,0,2,0,2, ,J1772,http://www.chargepoint.com/, , ,GPS
-13616029.0448,5993624.12479999,938,989,Celebration Center - Tesla Supercharger,187166,ELEC,SHOPPING_CENTER,24 hours daily,E,Public, , , ,2023/07/01 00:00:00+00,2023/07/14 00:00:00+00,2021/03/22 00:00:00+00,, ,32015 Pacific Highway South,Federal Way,98003,WA,US,47.314888,-122.31487, , ,877-798-3752,P,12056,Tesla,0,0,12,12, ,Tesla,https://www.tesla.com/supercharger,"$0.28 per kWh; $0.26 per minute above 60 kW and $0.13 per minute at or below 60 kW", ,GPS
-13604664.9946,6015005.42020001,939,990,VALLEY MED CTR NE GARAGE #1,187310,ELEC, ,24 hours daily,E,Public, , , ,2023/08/07 00:00:00+00,2023/08/07 00:00:00+00,2021/04/10 00:00:00+00,, ,3921 Talbot Rd S,Renton,98055,WA,US,47.444946,-122.212785, , ,888-758-4389, ,USCPIL1779001,ChargePoint Network,0,2,0,2, ,J1772,http://www.chargepoint.com/, , ,GPS
-13613323.4246,6074869.3453,940,991,Albertsons 4301 212th Street SW,187721,ELEC, ,"Mon 5:00am - 10:59pm; Tue 5:00am - 10:59pm; Wed 5:00am - 10:59pm; Thu 5:00am - 10:59pm; Fri 5:00am - 10:59pm; Sat 5:00am - 10:59pm; Sun 5:00am - 10:59pm",E,Public, ,False, ,2023/08/07 00:00:00+00,2023/08/07 00:00:00+00,2021/04/12 00:00:00+00,, ,4301 212th Street SW,Mountlake Terrace,98043,WA,US,47.80738,-122.290565, , ,888-264-2208, ,d2ad4337-7013-4f55-9493-bc7a2ef42429,Volta,0,2,0,2, ,J1772,https://voltacharging.com/, , ,GPS
-13599993.8618,6036575.2013,941,992,The Marketplace at Factoria,187722,ELEC, ,"Mon 5:00am - 10:59pm; Tue 5:00am - 10:59pm; Wed 5:00am - 10:59pm; Thu 5:00am - 10:59pm; Fri 5:00am - 10:59pm; Sat 5:00am - 10:59pm; Sun 5:00am - 10:59pm",E,Public, ,False, ,2023/08/07 00:00:00+00,2023/08/07 00:00:00+00,2021/04/12 00:00:00+00,, ,3901 Factoria Blvd Mall SE,Bellevue,98006,WA,US,47.5758255,-122.1708235, , ,888-264-2208, ,b16f17b2-e229-43d4-9860-969677499cb9,Volta,0,2,0,2, ,J1772,https://voltacharging.com/, , ,GPS
-13606311.5769,5986710.221,942,993,Albertsons 4010 A Street SE,187723,ELEC, ,"Mon 5:00am - 10:59pm; Tue 5:00am - 10:59pm; Wed 5:00am - 10:59pm; Thu 5:00am - 10:59pm; Fri 5:00am - 10:59pm; Sat 5:00am - 10:59pm; Sun 5:00am - 10:59pm",E,Public, ,False, ,2023/08/07 00:00:00+00,2023/08/07 00:00:00+00,2021/04/12 00:00:00+00,, ,4010 A Street SE,Auburn,98002,WA,US,47.2727635,-122.2275765, , ,888-264-2208, ,1803276b-8fae-46ee-b309-a620278203b7,Volta,0,2,0,2, ,J1772,https://voltacharging.com/, , ,GPS
-13616017.9129,6042856.93959999,943,994,"Madison Pike WA3-141 ( Seattle, WA)",187906,ELEC, ,24 hours daily,E,Public, , , ,2023/08/07 00:00:00+00,2023/08/07 00:00:00+00,2021/04/23 00:00:00+00,, ,1300 E MADISON ST,Seattle,98122,WA,US,47.61388,-122.31477, , ,833-632-2778, ,210219,Electrify America,0,0,4,4, ,"CHAdeMO, CCS",https://www.electrifyamerica.com/, , ,GPS
-13656235.6412,6050207.45990001,944,995,St. Michael Medical Center - North Garage,187971,ELEC, , ,E,Public, , , ,2023/06/21 00:00:00+00,2023/06/21 00:00:00+00,2021/04/26 00:00:00+00,, ,1950 Myhre Rd,Silverdale,98383,WA,US,47.658374,-122.676052, , ,888-998-2546, ,465ba1dd-d734-8158-93cc-330000567682,Blink Network,0,8,0,8, ,J1772,http://www.blinkcharging.com/,Free, ,GPS
-13616491.0207,6050941.46790001,945,996,UP EV STATION STATION 1,188009,ELEC, ,24 hours daily,E,Public, , , ,2023/08/07 00:00:00+00,2023/08/07 00:00:00+00,2021/04/27 00:00:00+00,, ,4540 8th Ave NE,Seattle,98105,WA,US,47.662815,-122.31902, , ,888-758-4389, ,USCPIL6242481,ChargePoint Network,0,2,0,2, ,J1772,http://www.chargepoint.com/, , ,GPS
-13616418.6631,6031976.62879999,946,997,"BoA Georgetown WA3-129 (Seattle, WA)",188130,ELEC, ,24 hours daily,E,Public, , , ,2023/08/07 00:00:00+00,2023/08/07 00:00:00+00,2021/04/29 00:00:00+00,, ,1112 S BAILEY ST,Seattle,98108,WA,US,47.54795,-122.31837, , ,833-632-2778, ,210226,Electrify America,0,0,4,4, ,"CHAdeMO, CCS",https://www.electrifyamerica.com/, , ,GPS
-13641167.7689,6075486.77300001,947,998,Albertsons 8196 SR 104,189004,ELEC, ,"Mon 5:00am - 10:59pm; Tue 5:00am - 10:59pm; Wed 5:00am - 10:59pm; Thu 5:00am - 10:59pm; Fri 5:00am - 10:59pm; Sat 5:00am - 10:59pm; Sun 5:00am - 10:59pm",E,Public, ,False, ,2023/08/07 00:00:00+00,2023/08/07 00:00:00+00,2021/04/19 00:00:00+00,, ,8196 SR 104,Kingston,98346,WA,US,47.811105,-122.540695, , ,888-264-2208, ,b2117a47-4be6-4627-b821-45867f634256,Volta,0,2,0,2, ,J1772,https://voltacharging.com/, , ,GPS
-13611339.1547,6013139.7024,948,999,CITY OF SEATAC CITY HALL 2,189107,ELEC, ,24 hours daily,E,Public, , , ,2023/08/07 00:00:00+00,2023/08/07 00:00:00+00,2021/05/03 00:00:00+00,, ,4800 S 188th St,SeaTac,98188,WA,US,47.43361,-122.27274, , ,888-758-4389, ,USCPIL474491,ChargePoint Network,0,2,0,2, ,J1772,http://www.chargepoint.com/, , ,GPS
-13631655.2957,6265123.1842,949,1000,Porch Swing Properties,189263,ELEC,OFFICE_BLDG,24 hours daily,E,Public, ,False, ,2022/10/11 00:00:00+00,2023/02/14 00:00:00+00,2021/04/06 00:00:00+00,, ,610 Front St,Lynden,98264,WA,US,48.942575,-122.455243, , ,833-692-6787,P, ,AMPUP,0,1,0,1, ,J1772,https://ampup.io/, ,NONE,200-9
-13608708.6751001,5990804.0307,950,1001,"The Outlet Collection ( Auburn, WA)",189391,ELEC, ,24 hours daily,E,Public, , , ,2023/08/07 00:00:00+00,2023/08/07 00:00:00+00,2021/05/08 00:00:00+00,, ,1101 Outlet Collection Way,Auburn,98001,WA,US,47.29771,-122.24911, , ,833-632-2778, ,210216,Electrify America,0,0,4,4, ,"CHAdeMO, CCS",https://www.electrifyamerica.com/, , ,GPS
-13615725.4766,6050237.7049,951,1002,Russell Hall Apartments,189905,ELEC, , ,T,Public, , , ,2023/06/20 00:00:00+00,2023/06/20 00:00:00+00,2021/05/20 00:00:00+00,2023/03/02 00:00:00+00, ,1414 NE 42nd Street,Seattle,98105,WA,US,47.658557,-122.312143,"Open M-F 7am-6pm; Closed Sat & Sun. ||Chargers are on P1.||", ,888-998-2546, ,465ba1dd-d734-8158-93cc-330000574480,Blink Network,0,3,0,3, ,J1772,http://www.blinkcharging.com/,Free, ,GPS
-13603327.7136,6042933.72639999,952,1003,LINC SQUARE EXP LSS P2 98-99,190042,ELEC, ,24 hours daily,E,Public, , , ,2023/08/07 00:00:00+00,2023/08/07 00:00:00+00,2021/05/25 00:00:00+00,, ,424 104th Ave NE,Bellevue,98004,WA,US,47.614345,-122.200772, , ,888-758-4389, ,USCPIL206833,ChargePoint Network,0,2,0,2, ,J1772,http://www.chargepoint.com/, , ,GPS
-13616710.3201001,6045805.05250001,953,1004,SAINT MARK'S SAINT MARKS,190176,ELEC, ,24 hours daily,E,Public, , , ,2023/08/07 00:00:00+00,2023/08/07 00:00:00+00,2021/05/27 00:00:00+00,, ,1245 10th Ave E,Seattle,98102,WA,US,47.63173,-122.32099, , ,888-758-4389, ,USCPIL7648081,ChargePoint Network,0,2,0,2, ,J1772,http://www.chargepoint.com/, , ,GPS
-13133498.2367,5831832.25159999,954,1005,Weinhard Hotel,190277,ELEC, , ,E,Public, , , ,2023/08/07 00:00:00+00,2023/08/07 00:00:00+00,2021/03/16 00:00:00+00,, ,235 E Main St,Dayton,99328,WA,US,46.320333,-117.980222, , ,866-816-7584, ,37b1cc8e-5e48-460d-a555-4a33dac0cdcd,EV Connect,0,3,0,3, ,J1772,http://evconnect.com/, , ,GPS
-13601259.954,6042467.0713,955,1006,Ridgewood Corporate Square Building G,190533,ELEC, , ,E,Public, , , ,2023/06/21 00:00:00+00,2023/06/21 00:00:00+00,2021/06/01 00:00:00+00,, ,11900 NE 1st Street,Bellevue,98005,WA,US,47.611519,-122.182197,Chargers are in Parking Garage. Level P||, ,888-998-2546, ,465ba1dd-d734-8158-93cc-330000578176,Blink Network,0,2,0,2, ,J1772,http://www.blinkcharging.com/,Free, ,GPS
-13600807.663,6042515.94829999,956,1007,Ridgewood Corporate Square Building D,190534,ELEC, , ,E,Public, , , ,2023/06/21 00:00:00+00,2023/06/21 00:00:00+00,2021/06/01 00:00:00+00,, ,220 120th Ave NE,Bellevue,98005,WA,US,47.611815,-122.178134,For tenants and visitors only.||, ,888-998-2546, ,465ba1dd-d734-8158-93cc-330000578177,Blink Network,0,2,0,2, ,J1772,http://www.blinkcharging.com/,Free, ,GPS
-13622718.4,6051856.9582,957,1008,Safeway Market Street,190816,ELEC, ,"Mon 5:00am - 10:59pm; Tue 5:00am - 10:59pm; Wed 5:00am - 10:59pm; Thu 5:00am - 10:59pm; Fri 5:00am - 10:59pm; Sat 5:00am - 10:59pm; Sun 5:00am - 10:59pm",E,Public, ,False, ,2023/08/07 00:00:00+00,2023/08/07 00:00:00+00,2021/06/01 00:00:00+00,, ,1423 NW Market Street,Seattle,98107,WA,US,47.6683535,-122.3749615, , ,888-264-2208, ,3fecf6aa-faf4-480f-97b3-f4e42d990867,Volta,0,2,0,2, ,J1772,https://voltacharging.com/, , ,GPS
-13732521.5524,6125162.79399999,958,1009,"Walmart 2196 (Port Angeles, WA)",190877,ELEC, ,24 hours daily,E,Public, , , ,2023/08/07 00:00:00+00,2023/08/07 00:00:00+00,2021/06/10 00:00:00+00,, ,3411 E KOLONELS WAY,Port Angeles,98362,WA,US,48.10993,-123.36134, , ,833-632-2778, ,110024,Electrify America,0,0,4,4, ,"CHAdeMO, CCS",https://www.electrifyamerica.com/, , ,GPS
-13521067.174,5734671.72579999,959,1010,The Society Hotel,190911,ELEC,HOTEL,"24 hours daily; for customer use only",E,Public, ,True, ,2023/06/12 00:00:00+00,2023/06/12 00:00:00+00,2021/06/01 00:00:00+00,, ,210 N Cedar St,Bingen,98605,WA,US,45.714228,-121.461813, , ,509-774-4437,P, ,Non-Networked,0,2,0,2, ,J1772, , , ,GPS
-13603588.7578,6053128.49119999,960,1011,KIRKLAND LIBRARY DUAL 2,191127,ELEC, ,24 hours daily,E,Public, , , ,2023/08/07 00:00:00+00,2023/08/07 00:00:00+00,2021/06/18 00:00:00+00,, ,308 Kirkland Ave,Kirkland,98033,WA,US,47.676045,-122.203117, , ,888-758-4389, ,USCPIL204397,ChargePoint Network,0,2,0,2, ,J1772,http://www.chargepoint.com/, , ,GPS
-13604063.6467,6053047.64579999,961,1012,KIRKLAND MARINA DUAL 2,191128,ELEC, ,24 hours daily,E,Public, , , ,2023/08/07 00:00:00+00,2023/08/07 00:00:00+00,2021/06/18 00:00:00+00,, ,52 Kirkland Ave,Kirkland,98033,WA,US,47.675556,-122.207383, , ,888-758-4389, ,USCPIL205623,ChargePoint Network,0,2,0,2, ,J1772,http://www.chargepoint.com/, , ,GPS
-13603577.0692,6053103.85719999,962,1013,KIRKLAND LIBRARY SOUTH 1,191129,ELEC, ,24 hours daily,E,Public, , , ,2023/08/07 00:00:00+00,2023/08/07 00:00:00+00,2021/06/18 00:00:00+00,, ,308 Kirkland Ave,Kirkland,98033,WA,US,47.675896,-122.203012, , ,888-758-4389, ,USCPIL211041,ChargePoint Network,0,2,0,2, ,J1772,http://www.chargepoint.com/, , ,GPS
-13604076.6710999,6053016.0683,963,1014,KIRKLAND MARINA PARK 1,191130,ELEC, ,24 hours daily,E,Public, , , ,2023/08/07 00:00:00+00,2023/08/07 00:00:00+00,2021/06/18 00:00:00+00,, ,9 Lakeshore Plaza,Kirkland,98033,WA,US,47.675365,-122.2075, , ,888-758-4389, ,USCPIL211399,ChargePoint Network,0,2,0,2, ,J1772,http://www.chargepoint.com/, , ,GPS
-13603999.4154001,6053530.41489999,964,1015,KIRKLAND CITY HALL 1,191131,ELEC, ,24 hours daily,E,Public, , , ,2023/08/07 00:00:00+00,2023/08/07 00:00:00+00,2021/06/18 00:00:00+00,, ,123 5th Ave,Kirkland,98033,WA,US,47.678476,-122.206806, , ,888-758-4389, ,USCPIL211441,ChargePoint Network,0,2,0,2, ,J1772,http://www.chargepoint.com/, , ,GPS
-13616703.7523,6042793.8593,965,1016,Harvard Market,191223,ELEC, , ,E,Public, , , ,2023/06/20 00:00:00+00,2023/06/20 00:00:00+00,2021/06/18 00:00:00+00,, ,1425 Broadway,Seattle,98122,WA,US,47.613498,-122.320931,Need Blink Membership InCard to Start ||Charger.||, ,888-998-2546, ,465ba1dd-d734-8158-93cc-330000583975,Blink Network,0,3,0,3, ,J1772,http://www.blinkcharging.com/,Free, ,GPS
-13620358.8164,6052176.2496,966,1017,DC CORRIDOR ZOO OTTER L2-S1,191238,ELEC, ,24 hours daily,E,Public, , , ,2023/08/07 00:00:00+00,2023/08/07 00:00:00+00,2021/06/19 00:00:00+00,, ,601 N 59th St,Seattle,98103,WA,US,47.670285,-122.353765, , ,888-758-4389, ,USCPIL8208241,ChargePoint Network,0,1,0,1, ,J1772,http://www.chargepoint.com/, , ,GPS
-13620351.1354,6052176.58030001,967,1018,DC CORRIDOR ZOO OTTER L2-D2,191239,ELEC, ,24 hours daily,E,Public, , , ,2023/08/07 00:00:00+00,2023/08/07 00:00:00+00,2021/06/19 00:00:00+00,, ,601 N 59th St,Seattle,98103,WA,US,47.670287,-122.353696, , ,888-758-4389, ,USCPIL8208321,ChargePoint Network,0,2,0,2, ,J1772,http://www.chargepoint.com/, , ,GPS
-13620343.4544,6052177.4068,968,1019,DC CORRIDOR ZOO OTTER L2-D1,191240,ELEC, ,24 hours daily,E,Public, , , ,2023/08/07 00:00:00+00,2023/08/07 00:00:00+00,2021/06/19 00:00:00+00,, ,601 N 59th St,Seattle,98103,WA,US,47.670292,-122.353627, , ,888-758-4389, ,USCPIL8208891,ChargePoint Network,0,2,0,2, ,J1772,http://www.chargepoint.com/, , ,GPS
-13620862.5371,6044663.67480001,969,1020,"BoA Queen Anne WA3-154 (Seattle, WA)",191264,ELEC, ,24 hours daily,E,Public, , , ,2023/08/07 00:00:00+00,2023/08/07 00:00:00+00,2021/06/21 00:00:00+00,, ,100 W MERCER ST,Seattle,98119,WA,US,47.62482,-122.35829, , ,833-632-2778, ,210223,Electrify America,0,0,3,3, ,"CHAdeMO, CCS",https://www.electrifyamerica.com/, , ,GPS
-13620663.9432,6057690.624,970,1021,North Building,191313,ELEC, , ,E,Public, , , ,2023/06/20 00:00:00+00,2023/06/20 00:00:00+00,2013/03/28 00:00:00+00,, ,211 N. 103rd ST,Seattle,98133,WA,US,47.703632,-122.356506, , ,800-663-5633, ,693,SemaCharge Network,0,1,0,1, ,J1772,https://semaconnect.com/,FREE, ,GPS
-13689680.3577,5895082.5754,971,1022,TWIN TRANSIT MELLEN ST. 1,191438,ELEC, ,24 hours daily,E,Public, , , ,2023/08/07 00:00:00+00,2023/08/07 00:00:00+00,2021/06/24 00:00:00+00,, ,12 Airport Rd,Centralia,98531,WA,US,46.711331,-122.976491, , ,888-758-4389, ,USCPIL7759731,ChargePoint Network,0,0,1,1, ,"CHAdeMO, CCS",http://www.chargepoint.com/, , ,GPS
-13689684.0312,5895076.08139999,972,1023,TWIN TRANSIT MELLEN ST. 2,191439,ELEC, ,24 hours daily,E,Public, , , ,2023/08/07 00:00:00+00,2023/08/07 00:00:00+00,2021/06/24 00:00:00+00,, ,12 Airport Rd,Centralia,98531,WA,US,46.711291,-122.976524, , ,888-758-4389, ,USCPIL7760081,ChargePoint Network,0,2,0,2, ,J1772,http://www.chargepoint.com/, , ,GPS
-13588262.8469,6109288.09229999,973,1024,NORTH COVE PARK STATION 1,191499,ELEC, ,24 hours daily,E,Public, , , ,2023/08/07 00:00:00+00,2023/08/07 00:00:00+00,2021/06/25 00:00:00+00,, ,1812 Main St,Lake Stevens,98258,WA,US,48.014624,-122.065442, , ,888-758-4389, ,USCPIL8321061,ChargePoint Network,0,2,0,2, ,J1772,http://www.chargepoint.com/, , ,GPS
-13601087.8541,6023928.60270001,974,1025,Safeway 2725 NE Sunset Blvd,191522,ELEC, ,"Mon 5:00am - 10:59pm; Tue 5:00am - 10:59pm; Wed 5:00am - 10:59pm; Thu 5:00am - 10:59pm; Fri 5:00am - 10:59pm; Sat 5:00am - 10:59pm; Sun 5:00am - 10:59pm",E,Public, ,False, ,2023/08/07 00:00:00+00,2023/08/07 00:00:00+00,2021/06/22 00:00:00+00,, ,2725 NE Sunset Blvd,Renton,98056,WA,US,47.499129,-122.180651, , ,888-264-2208, ,ba4bb16c-dcde-4f32-a805-cdd7e2fbfaa3,Volta,0,2,0,2, ,J1772,https://voltacharging.com/, , ,GPS
-13626032.4369,5714366.5184,975,1026,Camas Bike and Sport/ IQ ATM,191644,ELEC, , ,T,Public, , , ,2023/06/20 00:00:00+00,2023/06/20 00:00:00+00,2021/06/03 00:00:00+00,2022/09/09 00:00:00+00, ,403 Northeast 5th Avenue,Camas,98607,WA,US,45.586721,-122.404732, , ,800-663-5633, ,5383,SemaCharge Network,0,2,0,2, ,J1772,https://semaconnect.com/,FREE, ,GPS
-13782141.1022,5938226.06519999,976,1027,"Walmart 2037 (Aberdeen, WA)",191770,ELEC, ,24 hours daily,E,Public, , , ,2023/08/07 00:00:00+00,2023/08/07 00:00:00+00,2021/07/03 00:00:00+00,, ,909 E Wishkah St,Aberdeen,98520,WA,US,46.97642,-123.80708, , ,833-632-2778, ,110025,Electrify America,0,0,4,4, ,"CHAdeMO, CCS",https://www.electrifyamerica.com/, , ,GPS
-13632391.2289,6231522.8416,977,1028,Whole Foods Bellingham,191948,ELEC, ,24 hours daily,E,Public, , , ,2023/08/06 00:00:00+00,2023/08/06 00:00:00+00,2019/08/05 00:00:00+00,, ,1030 Lakeway Dr,Bellingham,98229,WA,US,48.74393,-122.461854, , ,877-455-3833, ,2240,eVgo Network,0,0,2,2, ,"CHAdeMO, CCS",https://www.evgo.com/, , ,GPS
-13588294.9069,6029229.42529999,978,1029,Timber Ridge At Talus,192654,ELEC, , ,E,Public, , , ,2023/06/21 00:00:00+00,2023/06/21 00:00:00+00,2021/07/08 00:00:00+00,, ,100 Timber Ridge Way NW,Issaquah,98027,WA,US,47.53129,-122.06573,Charger is under repairs||, ,888-998-2546, ,465ba1dd-d734-8158-93cc-330000576904,Blink Network,0,1,0,1, ,J1772,http://www.blinkcharging.com/,Free, ,GPS
-13606578.2426999,5992237.4394,979,1030,Pillar Properties - The Verge,192889,ELEC, , ,E,Public, , , ,2023/06/20 00:00:00+00,2023/06/20 00:00:00+00,2021/07/15 00:00:00+00,, ,109 S Division St,Auburn,98001,WA,US,47.306442,-122.229972, , ,888-998-2546, ,465ba1dd-d734-8158-93cc-330000580896,Blink Network,0,10,0,10, ,J1772,http://www.blinkcharging.com/,Free, ,GPS
-13596817.4158,6018418.6042,980,1031,Wonderland Estates,193046,ELEC, , ,E,Public, , , ,2023/06/21 00:00:00+00,2023/06/21 00:00:00+00,2021/07/21 00:00:00+00,, ,14645 Maple Valley Hwy,Renton,98058,WA,US,47.465678,-122.142289,Charger is in front of the office.||, ,888-998-2546, ,465ba1dd-d734-8158-93cc-330000597788,Blink Network,0,1,0,1, ,J1772,http://www.blinkcharging.com/,Free, ,GPS
-13740315.1412,6126794.47059999,981,1032,Port Angeles,193087,ELEC, ,24 hours daily,E,Public, , , ,2023/08/07 00:00:00+00,2023/08/07 00:00:00+00,2021/07/22 00:00:00+00,, ,123 Front St,Port Angeles,98362,WA,US,48.119716,-123.431351, , ,855-900-7584, ,2453,SHELL_RECHARGE,0,0,1,1, ,"CHAdeMO, CCS",https://shellrecharge.com/en-us/solutions, , ,GPS
-13603371.1282,6102415.71789999,982,1033,HOPEWORKS HOPEWORKS 1,193130,ELEC, ,24 hours daily,E,Public, , , ,2023/08/07 00:00:00+00,2023/08/07 00:00:00+00,2021/07/24 00:00:00+00,, ,3315 Broadway,Everett,98201,WA,US,47.97331,-122.201162, , ,888-758-4389, ,USCPIL1970871,ChargePoint Network,0,2,0,2, ,J1772,http://www.chargepoint.com/, , ,GPS
-13638598.9603,5970125.73049999,983,1034,"Walgreens - Lakewood, WA #3514",193317,ELEC, , ,T,Public, , , ,2023/06/20 00:00:00+00,2023/06/20 00:00:00+00,2020/03/03 00:00:00+00,2023/05/01 00:00:00+00, ,9505 Bridgeport Way SW,Lakewood,98499,WA,US,47.171582,-122.517619, , ,800-663-5633, ,276,SemaCharge Network,0,1,0,1, ,J1772,https://semaconnect.com/,$2.00/Hr Parking Fee, ,GPS
-13617682.1393,6041425.3621,984,1035,700 5th Ave Seattle,193408,ELEC, , ,E,Public, , , ,2023/08/07 00:00:00+00,2023/08/07 00:00:00+00,2021/07/31 00:00:00+00,, ,700 5th Ave,Seattle,98104,WA,US,47.60521,-122.32972, , ,855-885-9571, ,267,OpConnect,0,6,0,6, ,J1772,http://www.opconnect.com/, , ,GPS
-13619828.3791,6044868.484,985,1036,700 5th Ave Seattle- DC Fast Charger,193456,ELEC, , ,E,Public, , , ,2023/08/07 00:00:00+00,2023/08/07 00:00:00+00,2021/08/03 00:00:00+00,, ,700 5th Ave,Seattle,98104,WA,US,47.62606,-122.349, , ,855-885-9571, ,274,OpConnect,0,1,0,1, ,J1772,http://www.opconnect.com/, , ,GPS
-13603549.6846,6107983.3586,986,1037,Everett Community College - Lot F,193457,ELEC, , ,E,Public, , , ,2023/06/21 00:00:00+00,2023/06/21 00:00:00+00,2021/08/03 00:00:00+00,, ,2000 Tower St Lot F,Everett,98201,WA,US,48.006783,-122.202766,"From Broadway, go west on Tower St. ||Turn right where NO OUTLET sign is ||displayed.||", ,888-998-2546, ,465ba1dd-d734-8158-93cc-330000602821,Blink Network,0,6,0,6, ,J1772,http://www.blinkcharging.com/,Free, ,GPS
-13618855.1128,6043247.1558,987,1038,AMZ SEA41 - 1,193598,ELEC, ,24 hours daily,E,Public, , , ,2023/08/07 00:00:00+00,2023/08/07 00:00:00+00,2021/08/10 00:00:00+00,, ,2121 7th Ave,Seattle,98121,WA,US,47.616243,-122.340257, , ,888-758-4389, ,USCPIL332641,ChargePoint Network,0,2,0,2, ,J1772,http://www.chargepoint.com/, , ,GPS
-13618641.268,6043050.4767,988,1039,AMZ SEA40 - 5,193599,ELEC, ,24 hours daily,E,Public, , , ,2023/08/07 00:00:00+00,2023/08/07 00:00:00+00,2021/08/10 00:00:00+00,, ,2021 7th Ave,Seattle,98121,WA,US,47.615052,-122.338336, , ,888-758-4389, ,USCPIL642251,ChargePoint Network,0,2,0,2, ,J1772,http://www.chargepoint.com/, , ,GPS
-13618653.2905,6043039.5777,989,1040,AMZ SEA40 - 6,193600,ELEC, ,24 hours daily,E,Public, , , ,2023/08/07 00:00:00+00,2023/08/07 00:00:00+00,2021/08/10 00:00:00+00,, ,2021 7th Ave,Seattle,98121,WA,US,47.614986,-122.338444, , ,888-758-4389, ,USCPIL642271,ChargePoint Network,0,2,0,2, ,J1772,http://www.chargepoint.com/, , ,GPS
-13618690.4711999,6043131.0634,990,1041,AMZ SEA40 - 3,193601,ELEC, ,24 hours daily,E,Public, , , ,2023/08/07 00:00:00+00,2023/08/07 00:00:00+00,2021/08/10 00:00:00+00,, ,2021 7th Ave,Seattle,98121,WA,US,47.61554,-122.338778, , ,888-758-4389, ,USCPIL642291,ChargePoint Network,0,2,0,2, ,J1772,http://www.chargepoint.com/, , ,GPS
-13618654.4037,6043051.63260001,991,1042,AMZ SEA40 - 4,193602,ELEC, ,24 hours daily,E,Public, , , ,2023/08/07 00:00:00+00,2023/08/07 00:00:00+00,2021/08/10 00:00:00+00,, ,2021 7th Ave,Seattle,98121,WA,US,47.615059,-122.338454, , ,888-758-4389, ,USCPIL642301,ChargePoint Network,0,2,0,2, ,J1772,http://www.chargepoint.com/, , ,GPS
-13618696.7051,6043107.779,992,1043,AMZ SEA40 - 2,193603,ELEC, ,24 hours daily,E,Public, , , ,2023/08/07 00:00:00+00,2023/08/07 00:00:00+00,2021/08/10 00:00:00+00,, ,2021 7th Ave,Seattle,98121,WA,US,47.615399,-122.338834, , ,888-758-4389, ,USCPIL642311,ChargePoint Network,0,2,0,2, ,J1772,http://www.chargepoint.com/, , ,GPS
-13618691.3618,6043122.64140001,993,1044,AMZ SEA40 - 1,193604,ELEC, ,24 hours daily,E,Public, , , ,2023/08/07 00:00:00+00,2023/08/07 00:00:00+00,2021/08/10 00:00:00+00,, ,2021 7th Ave,Seattle,98121,WA,US,47.615489,-122.338786, , ,888-758-4389, ,USCPIL642321,ChargePoint Network,0,2,0,2, ,J1772,http://www.chargepoint.com/, , ,GPS
-13618846.9864,6043248.80720001,994,1045,AMZ SEA41 - 4,193605,ELEC, ,24 hours daily,E,Public, , , ,2023/08/07 00:00:00+00,2023/08/07 00:00:00+00,2021/08/10 00:00:00+00,, ,2121 7th Ave,Seattle,98121,WA,US,47.616253,-122.340184, , ,888-758-4389, ,USCPIL650001,ChargePoint Network,0,2,0,2, ,J1772,http://www.chargepoint.com/, , ,GPS
-13618846.9864,6043247.6512,995,1046,AMZ SEA41 - 3,193606,ELEC, ,24 hours daily,E,Public, , , ,2023/08/07 00:00:00+00,2023/08/07 00:00:00+00,2021/08/10 00:00:00+00,, ,2121 7th Ave,Seattle,98121,WA,US,47.616246,-122.340184, , ,888-758-4389, ,USCPIL650011,ChargePoint Network,0,2,0,2, ,J1772,http://www.chargepoint.com/, , ,GPS
-13618849.3241,6043245.1741,996,1047,AMZ SEA41 - 6,193607,ELEC, ,24 hours daily,E,Public, , , ,2023/08/07 00:00:00+00,2023/08/07 00:00:00+00,2021/08/10 00:00:00+00,, ,2121 7th Ave,Seattle,98121,WA,US,47.616231,-122.340205, , ,888-758-4389, ,USCPIL650031,ChargePoint Network,0,2,0,2, ,J1772,http://www.chargepoint.com/, , ,GPS
-13618832.2923,6043228.3299,997,1048,AMZ SEA41 - 2,193608,ELEC, ,24 hours daily,E,Public, , , ,2023/08/07 00:00:00+00,2023/08/07 00:00:00+00,2021/08/10 00:00:00+00,, ,2121 7th Ave,Seattle,98121,WA,US,47.616129,-122.340052, , ,888-758-4389, ,USCPIL650041,ChargePoint Network,0,2,0,2, ,J1772,http://www.chargepoint.com/, , ,GPS
-13618851.7732,6043244.0181,998,1049,AMZ SEA41 - 5,193609,ELEC, ,24 hours daily,E,Public, , , ,2023/08/07 00:00:00+00,2023/08/07 00:00:00+00,2021/08/10 00:00:00+00,, ,2121 7th Ave,Seattle,98121,WA,US,47.616224,-122.340227, , ,888-758-4389, ,USCPIL650071,ChargePoint Network,0,2,0,2, ,J1772,http://www.chargepoint.com/, , ,GPS
-13618446.2363,6044418.57079999,999,1050,AMZ SEA25.26 - 1,193611,ELEC, ,24 hours daily,E,Public, , , ,2023/08/07 00:00:00+00,2023/08/07 00:00:00+00,2021/08/10 00:00:00+00,, ,550 Terry Ave N,Seattle,98109,WA,US,47.623336,-122.336584, , ,888-758-4389, ,USCPIL780581,ChargePoint Network,0,1,0,1, ,J1772,http://www.chargepoint.com/, , ,GPS
-13618446.7928999,6044419.23149999,1000,1051,AMZ SEA25.26 - 2,193612,ELEC, ,24 hours daily,E,Public, , , ,2023/08/07 00:00:00+00,2023/08/07 00:00:00+00,2021/08/10 00:00:00+00,, ,550 Terry Ave N,Seattle,98109,WA,US,47.62334,-122.336589, , ,888-758-4389, ,USCPIL796931,ChargePoint Network,0,1,0,1, ,J1772,http://www.chargepoint.com/, , ,GPS
-13618453.3607,6044418.0753,1001,1052,AMZ SEA25.26 3,193613,ELEC, ,24 hours daily,E,Public, , , ,2023/08/07 00:00:00+00,2023/08/07 00:00:00+00,2021/08/10 00:00:00+00,, ,550 Terry Ave N,Seattle,98109,WA,US,47.623333,-122.336648, , ,888-758-4389, ,USCPIL806341,ChargePoint Network,0,1,0,1, ,J1772,http://www.chargepoint.com/, , ,GPS
-13618456.589,6044417.0844,1002,1053,AMZ SEA25.26 - 4,193614,ELEC, ,24 hours daily,E,Public, , , ,2023/08/07 00:00:00+00,2023/08/07 00:00:00+00,2021/08/10 00:00:00+00,, ,550 Terry Ave N,Seattle,98109,WA,US,47.623327,-122.336677, , ,888-758-4389, ,USCPIL806371,ChargePoint Network,0,1,0,1, ,J1772,http://www.chargepoint.com/, , ,GPS
-13618309.0907,6044436.078,1003,1054,AMZ SEA24 01,193615,ELEC, ,24 hours daily,E,Public, , , ,2023/08/07 00:00:00+00,2023/08/07 00:00:00+00,2021/08/10 00:00:00+00,, ,500 Boren Ave N.,Seattle,98109,WA,US,47.623442,-122.335352, , ,888-758-4389, ,USCPIL812401,ChargePoint Network,0,1,0,1, ,J1772,http://www.chargepoint.com/, , ,GPS
-13618322.6716,6044451.7685,1004,1055,AMZ SEA24 02,193616,ELEC, ,24 hours daily,E,Public, , , ,2023/08/07 00:00:00+00,2023/08/07 00:00:00+00,2021/08/10 00:00:00+00,, ,500 Boren Ave N,Seattle,98109,WA,US,47.623537,-122.335474, , ,888-758-4389, ,USCPIL818271,ChargePoint Network,0,1,0,1, ,J1772,http://www.chargepoint.com/, , ,GPS
-13618420.7441,6044325.91539999,1005,1056,AMZ SEA20-22 001,193617,ELEC, ,24 hours daily,E,Public, , , ,2023/08/07 00:00:00+00,2023/08/07 00:00:00+00,2021/08/10 00:00:00+00,, ,440 Terry Ave N,Seattle,98109,WA,US,47.622775,-122.336355, , ,888-758-4389, ,USCPIL1690931,ChargePoint Network,0,1,0,1, ,J1772,http://www.chargepoint.com/, , ,GPS
-13618419.7422,6044325.91539999,1006,1057,AMZ SEA20-22 002,193618,ELEC, ,24 hours daily,E,Public, , , ,2023/08/07 00:00:00+00,2023/08/07 00:00:00+00,2021/08/10 00:00:00+00,, ,440 Terry Ave N,Seattle,98109,WA,US,47.622775,-122.336346, , ,888-758-4389, ,USCPIL1690961,ChargePoint Network,0,1,0,1, ,J1772,http://www.chargepoint.com/, , ,GPS
-13618436.8854,6044367.5359,1007,1058,AMZ SEA20-22 004,193619,ELEC, ,24 hours daily,E,Public, , , ,2023/08/07 00:00:00+00,2023/08/07 00:00:00+00,2021/08/10 00:00:00+00,, ,440 Terry Ave N,Seattle,98109,WA,US,47.623027,-122.3365, , ,888-758-4389, ,USCPIL1698231,ChargePoint Network,0,1,0,1, ,J1772,http://www.chargepoint.com/, , ,GPS
-13618449.2419,6044365.3888,1008,1059,AMZ SEA20-22 003,193620,ELEC, ,24 hours daily,E,Public, , , ,2023/08/07 00:00:00+00,2023/08/07 00:00:00+00,2021/08/10 00:00:00+00,, ,440 Terry Ave N,Seattle,98109,WA,US,47.623014,-122.336611, , ,888-758-4389, ,USCPIL1698241,ChargePoint Network,0,1,0,1, ,J1772,http://www.chargepoint.com/, , ,GPS
-13618425.9761,6044155.9671,1009,1060,AMZ SEA27-28 P4 001,193621,ELEC, ,24 hours daily,E,Public, , , ,2023/08/07 00:00:00+00,2023/08/07 00:00:00+00,2021/08/10 00:00:00+00,, ,345 Boren Ave N,Seattle,98109,WA,US,47.621746,-122.336402, , ,888-758-4389, ,USCPIL1700911,ChargePoint Network,0,1,0,1, ,J1772,http://www.chargepoint.com/, , ,GPS
-13618422.4139,6044168.3539,1010,1061,AMZ SEA27-28 P4 002,193622,ELEC, ,24 hours daily,E,Public, , , ,2023/08/07 00:00:00+00,2023/08/07 00:00:00+00,2021/08/10 00:00:00+00,, ,345 Boren Ave N,Seattle,98109,WA,US,47.621821,-122.33637, , ,888-758-4389, ,USCPIL1700931,ChargePoint Network,0,1,0,1, ,J1772,http://www.chargepoint.com/, , ,GPS
-13618428.3138,6044173.30860001,1011,1062,AMZ SEA27 28 P4 003,193623,ELEC, ,24 hours daily,E,Public, , , ,2023/08/07 00:00:00+00,2023/08/07 00:00:00+00,2021/08/10 00:00:00+00,, ,345 Boren Ave N,Seattle,98109,WA,US,47.621851,-122.336423, , ,888-758-4389, ,USCPIL1734651,ChargePoint Network,0,2,0,2, ,J1772,http://www.chargepoint.com/, , ,GPS
-13618405.716,6043949.5233,1012,1063,AMZ SEA29 - 1,193625,ELEC, ,24 hours daily,E,Public, , , ,2023/08/07 00:00:00+00,2023/08/07 00:00:00+00,2021/08/10 00:00:00+00,, ,207 Boren Ave N,Seattle,98109,WA,US,47.620496,-122.33622, , ,888-758-4389, ,USCPIL1761021,ChargePoint Network,0,1,0,1, ,J1772,http://www.chargepoint.com/, , ,GPS
-13618409.3895001,6043913.02449999,1013,1064,AMZ SEA29 - 2,193626,ELEC, ,24 hours daily,E,Public, , , ,2023/08/07 00:00:00+00,2023/08/07 00:00:00+00,2021/08/10 00:00:00+00,, ,207 Boren Ave N,Seattle,98109,WA,US,47.620275,-122.336253, , ,888-758-4389, ,USCPIL1761031,ChargePoint Network,0,1,0,1, ,J1772,http://www.chargepoint.com/, , ,GPS
-13618410.7254,6043932.34740001,1014,1065,AMZ SEA29 - 4,193627,ELEC, ,24 hours daily,E,Public, , , ,2023/08/07 00:00:00+00,2023/08/07 00:00:00+00,2021/08/10 00:00:00+00,, ,207 Boren Ave N,Seattle,98109,WA,US,47.620392,-122.336265, , ,888-758-4389, ,USCPIL1770201,ChargePoint Network,0,1,0,1, ,J1772,http://www.chargepoint.com/, , ,GPS
-13618410.0574,6043911.70329999,1015,1066,AMZ SEA29 - 3,193628,ELEC, ,24 hours daily,E,Public, , , ,2023/08/07 00:00:00+00,2023/08/07 00:00:00+00,2021/08/10 00:00:00+00,, ,207 Boren Ave N,Seattle,98109,WA,US,47.620267,-122.336259, , ,888-758-4389, ,USCPIL1770791,ChargePoint Network,0,1,0,1, ,J1772,http://www.chargepoint.com/, , ,GPS
-13618409.2782,6043927.06250001,1016,1067,AMZ SEA29 - 5,193629,ELEC, ,24 hours daily,E,Public, , , ,2023/08/07 00:00:00+00,2023/08/07 00:00:00+00,2021/08/10 00:00:00+00,, ,207 Boren Ave,Seattle,98109,WA,US,47.62036,-122.336252, , ,888-758-4389, ,USCPIL1770821,ChargePoint Network,0,1,0,1, ,J1772,http://www.chargepoint.com/, , ,GPS
-13618569.9122,6044522.78870001,1017,1068,AMZ SEA23 P1 001,193630,ELEC, ,24 hours daily,E,Public, , , ,2023/08/07 00:00:00+00,2023/08/07 00:00:00+00,2021/08/10 00:00:00+00,, ,535 Terry Ave N,Seattle,98109,WA,US,47.623967,-122.337695, , ,888-758-4389, ,USCPIL1787121,ChargePoint Network,0,2,0,2, ,J1772,http://www.chargepoint.com/, , ,GPS
-13618701.4919,6043312.71650001,1018,1069,AMZ SEA42 - 7,193631,ELEC, ,24 hours daily,E,Public, , , ,2023/08/07 00:00:00+00,2023/08/07 00:00:00+00,2021/08/10 00:00:00+00,, ,2121 8th Ave,Seattle,98121,WA,US,47.61664,-122.338877, , ,888-758-4389, ,USCPIL1821711,ChargePoint Network,0,2,0,2, ,J1772,http://www.chargepoint.com/, , ,GPS
-13618711.0653,6043320.97349999,1019,1070,AMZ SEA42 - 1,193632,ELEC, ,24 hours daily,E,Public, , , ,2023/08/07 00:00:00+00,2023/08/07 00:00:00+00,2021/08/10 00:00:00+00,, ,2121 8th Ave,Seattle,98121,WA,US,47.61669,-122.338963, , ,888-758-4389, ,USCPIL1821791,ChargePoint Network,0,2,0,2, ,J1772,http://www.chargepoint.com/, , ,GPS
-13618717.8558,6043318.8267,1020,1071,AMZ SEA42 - 9,193633,ELEC, ,24 hours daily,E,Public, , , ,2023/08/07 00:00:00+00,2023/08/07 00:00:00+00,2021/08/10 00:00:00+00,, ,2121 8th Ave,Seattle,98121,WA,US,47.616677,-122.339024, , ,888-758-4389, ,USCPIL1821831,ChargePoint Network,0,2,0,2, ,J1772,http://www.chargepoint.com/, , ,GPS
-13618716.6313,6043319.98269999,1021,1072,AMZ SEA42 - 8,193634,ELEC, ,24 hours daily,E,Public, , , ,2023/08/07 00:00:00+00,2023/08/07 00:00:00+00,2021/08/10 00:00:00+00,, ,2121 8th Ave,Seattle,98121,WA,US,47.616684,-122.339013, , ,888-758-4389, ,USCPIL1821841,ChargePoint Network,0,2,0,2, ,J1772,http://www.chargepoint.com/, , ,GPS
-13618707.5031,6043318.6615,1022,1073,AMZ SEA42 - 3,193635,ELEC, ,24 hours daily,E,Public, , , ,2023/08/07 00:00:00+00,2023/08/07 00:00:00+00,2021/08/10 00:00:00+00,, ,2121 8th Ave,Seattle,98121,WA,US,47.616676,-122.338931, , ,888-758-4389, ,USCPIL1821851,ChargePoint Network,0,2,0,2, ,J1772,http://www.chargepoint.com/, , ,GPS
-13618713.5144,6043320.97349999,1023,1074,AMZ SEA42 - 4,193636,ELEC, ,24 hours daily,E,Public, , , ,2023/08/07 00:00:00+00,2023/08/07 00:00:00+00,2021/08/10 00:00:00+00,, ,2121 8th Ave,Seattle,98121,WA,US,47.61669,-122.338985, , ,888-758-4389, ,USCPIL1821861,ChargePoint Network,0,2,0,2, ,J1772,http://www.chargepoint.com/, , ,GPS
-13618711.8446,6043319.98269999,1024,1075,AMZ SEA42 - 10,193637,ELEC, ,24 hours daily,E,Public, , , ,2023/08/07 00:00:00+00,2023/08/07 00:00:00+00,2021/08/10 00:00:00+00,, ,2121 8th Ave,Seattle,98121,WA,US,47.616684,-122.33897, , ,888-758-4389, ,USCPIL1821881,ChargePoint Network,0,2,0,2, ,J1772,http://www.chargepoint.com/, , ,GPS
-13618722.9765001,6043324.6066,1025,1076,AMZ SEA42 - 2,193638,ELEC, ,24 hours daily,E,Public, , , ,2023/08/07 00:00:00+00,2023/08/07 00:00:00+00,2021/08/10 00:00:00+00,, ,2121 8th Ave,Seattle,98121,WA,US,47.616712,-122.33907, , ,888-758-4389, ,USCPIL1821901,ChargePoint Network,0,2,0,2, ,J1772,http://www.chargepoint.com/, , ,GPS
-13618708.7276,6043311.39530001,1026,1077,AMZ SEA42 - 6,193639,ELEC, ,24 hours daily,E,Public, , , ,2023/08/07 00:00:00+00,2023/08/07 00:00:00+00,2021/08/10 00:00:00+00,, ,2121 8th Ave,Seattle,98121,WA,US,47.616632,-122.338942, , ,888-758-4389, ,USCPIL1821911,ChargePoint Network,0,2,0,2, ,J1772,http://www.chargepoint.com/, , ,GPS
-13618702.7164,6043315.0284,1027,1078,AMZ SEA42 - 5,193640,ELEC, ,24 hours daily,E,Public, , , ,2023/08/07 00:00:00+00,2023/08/07 00:00:00+00,2021/08/10 00:00:00+00,, ,2121 8th Ave,Seattle,98121,WA,US,47.616654,-122.338888, , ,888-758-4389, ,USCPIL1821971,ChargePoint Network,0,2,0,2, ,J1772,http://www.chargepoint.com/, , ,GPS
-13618932.8138,6043456.39029999,1028,1079,AMZ SEA43 - 5,193641,ELEC, ,24 hours daily,E,Public, , , ,2023/08/07 00:00:00+00,2023/08/07 00:00:00+00,2021/08/10 00:00:00+00,, ,2250 7th Ave,Seattle,98121,WA,US,47.61751,-122.340955, , ,888-758-4389, ,USCPIL2083131,ChargePoint Network,0,2,0,2, ,J1772,http://www.chargepoint.com/, , ,GPS
-13618939.3816,6043446.9771,1029,1080,AMZ SEA43 - 2,193642,ELEC, ,24 hours daily,E,Public, , , ,2023/08/07 00:00:00+00,2023/08/07 00:00:00+00,2021/08/10 00:00:00+00,, ,2250 7th Ave,Seattle,98121,WA,US,47.617453,-122.341014, , ,888-758-4389, ,USCPIL2083171,ChargePoint Network,0,1,0,1, ,J1772,http://www.chargepoint.com/, , ,GPS
-13618930.0308,6043456.39029999,1030,1081,AMZ SEA43 - 7,193643,ELEC, ,24 hours daily,E,Public, , , ,2023/08/07 00:00:00+00,2023/08/07 00:00:00+00,2021/08/10 00:00:00+00,, ,2250 7th Ave,Seattle,98121,WA,US,47.61751,-122.34093, , ,888-758-4389, ,USCPIL2083191,ChargePoint Network,0,1,0,1, ,J1772,http://www.chargepoint.com/, , ,GPS
-13618929.8081,6043459.36280001,1031,1082,AMZ SEA43 - 6,193644,ELEC, ,24 hours daily,E,Public, , , ,2023/08/07 00:00:00+00,2023/08/07 00:00:00+00,2021/08/10 00:00:00+00,, ,2250 7th Ave,Seattle,98121,WA,US,47.617528,-122.340928, , ,888-758-4389, ,USCPIL2083231,ChargePoint Network,0,2,0,2, ,J1772,http://www.chargepoint.com/, , ,GPS
-13618937.0439,6043450.2799,1032,1083,AMZ SEA43 - 3,193645,ELEC, ,24 hours daily,E,Public, , , ,2023/08/07 00:00:00+00,2023/08/07 00:00:00+00,2021/08/10 00:00:00+00,, ,2250 7th Ave,Seattle,98121,WA,US,47.617473,-122.340993, , ,888-758-4389, ,USCPIL2083241,ChargePoint Network,0,2,0,2, ,J1772,http://www.chargepoint.com/, , ,GPS
-13618934.9287999,6043453.9131,1033,1084,AMZ SEA43 - 4,193646,ELEC, ,24 hours daily,E,Public, , , ,2023/08/07 00:00:00+00,2023/08/07 00:00:00+00,2021/08/10 00:00:00+00,, ,2250 7th Ave,Seattle,98121,WA,US,47.617495,-122.340974, , ,888-758-4389, ,USCPIL2083251,ChargePoint Network,0,2,0,2, ,J1772,http://www.chargepoint.com/, , ,GPS
-13618941.942,6043443.0136,1034,1085,AMZ SEA43 - 1,193647,ELEC, ,24 hours daily,E,Public, , , ,2023/08/07 00:00:00+00,2023/08/07 00:00:00+00,2021/08/10 00:00:00+00,, ,2250 7th Ave,Seattle,98121,WA,US,47.617429,-122.341037, , ,888-758-4389, ,USCPIL2087811,ChargePoint Network,0,2,0,2, ,J1772,http://www.chargepoint.com/, , ,GPS
-13618885.9483,6043415.76500001,1035,1086,AMZ SEA44 - 2,193665,ELEC, ,24 hours daily,E,Public, , , ,2023/08/07 00:00:00+00,2023/08/07 00:00:00+00,2021/08/10 00:00:00+00,, ,2205 7th Ave,Seattle,98121,WA,US,47.617264,-122.340534, , ,888-758-4389, ,USCPIL5573731,ChargePoint Network,0,2,0,2, ,J1772,http://www.chargepoint.com/, , ,GPS
-13618882.72,6043419.5633,1036,1087,AMZ SEA44 - 3,193666,ELEC, ,24 hours daily,E,Public, , , ,2023/08/07 00:00:00+00,2023/08/07 00:00:00+00,2021/08/10 00:00:00+00,, ,2205 7th Ave,Seattle,98121,WA,US,47.617287,-122.340505, , ,888-758-4389, ,USCPIL5573751,ChargePoint Network,0,2,0,2, ,J1772,http://www.chargepoint.com/, , ,GPS
-13618879.8257,6043422.8662,1037,1088,AMZ SEA44 - 4,193667,ELEC, ,24 hours daily,E,Public, , , ,2023/08/07 00:00:00+00,2023/08/07 00:00:00+00,2021/08/10 00:00:00+00,, ,2205 7th Ave,Seattle,98121,WA,US,47.617307,-122.340479, , ,888-758-4389, ,USCPIL5573981,ChargePoint Network,0,2,0,2, ,J1772,http://www.chargepoint.com/, , ,GPS
-13618891.9595,6043409.81989999,1038,1089,AMZ SEA44 - 1,193668,ELEC, ,24 hours daily,E,Public, , , ,2023/08/07 00:00:00+00,2023/08/07 00:00:00+00,2021/08/10 00:00:00+00,, ,2205 7th Ave,Seattle,98121,WA,US,47.617228,-122.340588, , ,888-758-4389, ,USCPIL5574241,ChargePoint Network,0,2,0,2, ,J1772,http://www.chargepoint.com/, , ,GPS
-13602877.8715,6042771.7318,1039,1090,AMZ SEA94 05,193683,ELEC, ,24 hours daily,E,Public, , , ,2023/08/07 00:00:00+00,2023/08/07 00:00:00+00,2021/08/10 00:00:00+00,, ,333 108th Ave NE,Bellevue,98004,WA,US,47.613364,-122.196731, , ,888-758-4389, ,USCPIL7290261,ChargePoint Network,0,2,0,2, ,J1772,http://www.chargepoint.com/, , ,GPS
-13602885.1073,6042773.05280001,1040,1091,AMZ SEA94 10,193684,ELEC, ,24 hours daily,E,Public, , , ,2023/08/07 00:00:00+00,2023/08/07 00:00:00+00,2021/08/10 00:00:00+00,, ,333 108th Ave NE,Bellevue,98004,WA,US,47.613372,-122.196796, , ,888-758-4389, ,USCPIL7290271,ChargePoint Network,0,2,0,2, ,J1772,http://www.chargepoint.com/, , ,GPS
-13602889.894,6042768.264,1041,1092,AMZ SEA94 09,193685,ELEC, ,24 hours daily,E,Public, , , ,2023/08/07 00:00:00+00,2023/08/07 00:00:00+00,2021/08/10 00:00:00+00,, ,333 108th Ave NE,Bellevue,98004,WA,US,47.613343,-122.196839, , ,888-758-4389, ,USCPIL7290281,ChargePoint Network,0,2,0,2, ,J1772,http://www.chargepoint.com/, , ,GPS
-13602870.7471,6042775.3646,1042,1093,AMZ SEA94 04,193686,ELEC, ,24 hours daily,E,Public, , , ,2023/08/07 00:00:00+00,2023/08/07 00:00:00+00,2021/08/10 00:00:00+00,, ,333 108th Ave NE,Bellevue,98004,WA,US,47.613386,-122.196667, , ,888-758-4389, ,USCPIL7290291,ChargePoint Network,0,2,0,2, ,J1772,http://www.chargepoint.com/, , ,GPS
-13602876.7583,6042773.05280001,1043,1094,AMZ SEA94 01,193687,ELEC, ,24 hours daily,E,Public, , , ,2023/08/07 00:00:00+00,2023/08/07 00:00:00+00,2021/08/10 00:00:00+00,, ,333 108th Ave NE,Bellevue,98004,WA,US,47.613372,-122.196721, , ,888-758-4389, ,USCPIL7290301,ChargePoint Network,0,2,0,2, ,J1772,http://www.chargepoint.com/, , ,GPS
-13602875.5338,6042775.3646,1044,1095,AMZ SEA94 02,193688,ELEC, ,24 hours daily,E,Public, , , ,2023/08/07 00:00:00+00,2023/08/07 00:00:00+00,2021/08/10 00:00:00+00,, ,333 108th Ave NE,Bellevue,98004,WA,US,47.613386,-122.19671, , ,888-758-4389, ,USCPIL7290321,ChargePoint Network,0,2,0,2, ,J1772,http://www.chargepoint.com/, , ,GPS
-13602887.4449999,6042769.4199,1045,1096,AMZ SEA94 11,193689,ELEC, ,24 hours daily,E,Public, , , ,2023/08/07 00:00:00+00,2023/08/07 00:00:00+00,2021/08/10 00:00:00+00,, ,333 108th Ave NE,Bellevue,98004,WA,US,47.61335,-122.196817, , ,888-758-4389, ,USCPIL7290341,ChargePoint Network,0,2,0,2, ,J1772,http://www.chargepoint.com/, , ,GPS
-13602875.5338,6042777.8416,1046,1097,AMZ SEA94 06,193690,ELEC, ,24 hours daily,E,Public, , , ,2023/08/07 00:00:00+00,2023/08/07 00:00:00+00,2021/08/10 00:00:00+00,, ,333 108th Ave NE,Bellevue,98004,WA,US,47.613401,-122.19671, , ,888-758-4389, ,USCPIL7290351,ChargePoint Network,0,2,0,2, ,J1772,http://www.chargepoint.com/, , ,GPS
-13602894.6808,6042770.5759,1047,1098,AMZ SEA94 13,193691,ELEC, ,24 hours daily,E,Public, , , ,2023/08/07 00:00:00+00,2023/08/07 00:00:00+00,2021/08/10 00:00:00+00,, ,333 108th Ave NE,Bellevue,98004,WA,US,47.613357,-122.196882, , ,888-758-4389, ,USCPIL7290361,ChargePoint Network,0,2,0,2, ,J1772,http://www.chargepoint.com/, , ,GPS
-13602882.6583,6042771.7318,1048,1099,AMZ SEA94 08,193692,ELEC, ,24 hours daily,E,Public, , , ,2023/08/07 00:00:00+00,2023/08/07 00:00:00+00,2021/08/10 00:00:00+00,, ,333 108th Ave NE,Bellevue,98004,WA,US,47.613364,-122.196774, , ,888-758-4389, ,USCPIL7290371,ChargePoint Network,0,2,0,2, ,J1772,http://www.chargepoint.com/, , ,GPS
-13602865.9603,6042770.5759,1049,1100,AMZ SEA94 12,193693,ELEC, ,24 hours daily,E,Public, , , ,2023/08/07 00:00:00+00,2023/08/07 00:00:00+00,2021/08/10 00:00:00+00,, ,333 108th Ave NE,Bellevue,98004,WA,US,47.613357,-122.196624, , ,888-758-4389, ,USCPIL7290381,ChargePoint Network,0,2,0,2, ,J1772,http://www.chargepoint.com/, , ,GPS
-13602880.3206,6042768.264,1050,1101,AMZ SEA94 07,193694,ELEC, ,24 hours daily,E,Public, , , ,2023/08/07 00:00:00+00,2023/08/07 00:00:00+00,2021/08/10 00:00:00+00,, ,333 108th Ave NE,Bellevue,98004,WA,US,47.613343,-122.196753, , ,888-758-4389, ,USCPIL7290391,ChargePoint Network,0,2,0,2, ,J1772,http://www.chargepoint.com/, , ,GPS
-13602874.3093,6042768.264,1051,1102,AMZ SEA94 03,193695,ELEC, ,24 hours daily,E,Public, , , ,2023/08/07 00:00:00+00,2023/08/07 00:00:00+00,2021/08/10 00:00:00+00,, ,333 108th Ave NE,Bellevue,98004,WA,US,47.613343,-122.196699, , ,888-758-4389, ,USCPIL7290401,ChargePoint Network,0,2,0,2, ,J1772,http://www.chargepoint.com/, , ,GPS
-13602902.8071,6042780.1534,1052,1103,AMZ SEA94 14,193711,ELEC, ,24 hours daily,E,Public, , , ,2023/08/07 00:00:00+00,2023/08/07 00:00:00+00,2021/08/10 00:00:00+00,, ,333 108th Ave NE,Bellevue,98004,WA,US,47.613415,-122.196955, , ,888-758-4389, ,USCPIL8549851,ChargePoint Network,0,2,0,2, ,J1772,http://www.chargepoint.com/, , ,GPS
-13619591.7138,6043688.91570001,1053,1104,The Century Apartments - Retail Parking,193780,ELEC, , ,E,Public, , , ,2023/06/21 00:00:00+00,2023/06/21 00:00:00+00,2021/08/11 00:00:00+00,, ,101 Taylor Ave N,Seattle,98109,WA,US,47.618918,-122.346874,Access to Retail Garage is currently ||restricted.||, ,888-998-2546, ,465ba1dd-d734-8158-93cc-330000605698,Blink Network,0,4,0,4, ,J1772,http://www.blinkcharging.com/,Free, ,GPS
-13619593.0497,6043783.0506,1054,1105,The Century Apartments - Residential Parking,193830,ELEC, , ,E,Public, , , ,2023/06/21 00:00:00+00,2023/06/21 00:00:00+00,2021/08/12 00:00:00+00,, ,101 Taylor Ave N,Seattle,98109,WA,US,47.619488,-122.346886,Residents only. Chargers are on the ||right when entering the garage.||, ,888-998-2546, ,465ba1dd-d734-8158-93cc-330000605699,Blink Network,0,6,0,6, ,J1772,http://www.blinkcharging.com/,Free, ,GPS
-13602561.1676,6066968.52260001,1055,1106,UWB CASCADIA CC WEST LEVEL 2 N,193876,ELEC, ,24 hours daily,E,Public, , , ,2023/08/07 00:00:00+00,2023/08/07 00:00:00+00,2021/08/14 00:00:00+00,, ,18231 110th Ave NE,Bothell,98011,WA,US,47.75969,-122.193886, , ,888-758-4389, ,USCPIL5480671,ChargePoint Network,0,2,0,2, ,J1772,http://www.chargepoint.com/, , ,GPS
-13602562.726,6066960.90519999,1056,1107,UWB CASCADIA CC WEST LEVEL 4 W,193877,ELEC, ,24 hours daily,E,Public, , , ,2023/08/07 00:00:00+00,2023/08/07 00:00:00+00,2021/08/14 00:00:00+00,, ,18231 110th Ave NE,Bothell,98011,WA,US,47.759644,-122.1939, , ,888-758-4389, ,USCPIL5480681,ChargePoint Network,0,2,0,2, ,J1772,http://www.chargepoint.com/, , ,GPS
-13602559.3865,6066963.5547,1057,1108,UWB CASCADIA CC WEST LEVEL 2E,193878,ELEC, ,24 hours daily,E,Public, , , ,2023/08/07 00:00:00+00,2023/08/07 00:00:00+00,2021/08/14 00:00:00+00,, ,18231 110th Ave NE,Bothell,98011,WA,US,47.75966,-122.19387, , ,888-758-4389, ,USCPIL5480691,ChargePoint Network,0,2,0,2, ,J1772,http://www.chargepoint.com/, , ,GPS
-13602561.1676,6066961.40200001,1058,1109,UWB CASCADIA CC WEST LEVEL 1 W,193879,ELEC, ,24 hours daily,E,Public, , , ,2023/08/07 00:00:00+00,2023/08/07 00:00:00+00,2021/08/14 00:00:00+00,, ,18231 110th Ave NE,Bothell,98011,WA,US,47.759647,-122.193886, , ,888-758-4389, ,USCPIL5480711,ChargePoint Network,0,2,0,2, ,J1772,http://www.chargepoint.com/, , ,GPS
-13602558.2733,6066963.5547,1059,1110,UWB CASCADIA CC WEST LEVEL 3 E,193880,ELEC, ,24 hours daily,E,Public, , , ,2023/08/07 00:00:00+00,2023/08/07 00:00:00+00,2021/08/14 00:00:00+00,, ,18231 110th Ave NE,Bothell,98011,WA,US,47.75966,-122.19386, , ,888-758-4389, ,USCPIL5480721,ChargePoint Network,0,2,0,2, ,J1772,http://www.chargepoint.com/, , ,GPS
-13602563.8392,6066960.2429,1060,1111,UWB CASCADIA CC WEST LEVEL 2 W,193881,ELEC, ,24 hours daily,E,Public, , , ,2023/08/07 00:00:00+00,2023/08/07 00:00:00+00,2021/08/14 00:00:00+00,, ,18231 110th Ave NE,Bothell,98011,WA,US,47.75964,-122.19391, , ,888-758-4389, ,USCPIL5481211,ChargePoint Network,0,2,0,2, ,J1772,http://www.chargepoint.com/, , ,GPS
-13680867.5275,5948172.1854,1061,1112,NRB Visitor Parking Lot,193923,ELEC, ,24 hours daily,E,Public, , , ,2023/08/07 00:00:00+00,2023/08/07 00:00:00+00,2021/08/14 00:00:00+00,, ,1111 Washington St SE,Olympia,98501,WA,US,47.037347,-122.897324, , ,855-900-7584, ,3152,SHELL_RECHARGE,0,0,2,2, ,"CHAdeMO, CCS",https://shellrecharge.com/en-us/solutions, , ,GPS
-13651043.4775001,6024818.57639999,1062,1113,"Kroger Fred Meyer 655 (Port Orchard, WA)",193924,ELEC, ,24 hours daily,E,Public, , , ,2023/08/07 00:00:00+00,2023/08/07 00:00:00+00,2021/08/14 00:00:00+00,, ,1900 SE Sedgwick Rd,Port Orchard,98366,WA,US,47.50453,-122.62941, , ,833-632-2778, ,110143,Electrify America,0,0,4,4, ,"CHAdeMO, CCS",https://www.electrifyamerica.com/, , ,GPS
-13602562.9487,6066953.28789999,1063,1114,UWB CASCADIA CC WEST LEVEL 1 E,193929,ELEC, ,24 hours daily,E,Public, , , ,2023/08/07 00:00:00+00,2023/08/07 00:00:00+00,2021/08/15 00:00:00+00,, ,18231 110th Ave NE,Bothell,98011,WA,US,47.759598,-122.193902, , ,888-758-4389, ,USCPIL5480601,ChargePoint Network,0,2,0,2, ,J1772,http://www.chargepoint.com/, , ,GPS
-13601698.7755,6044064.80089999,1064,1115,Overlake Medical Pavilion,193933,ELEC, , ,E,Public, , , ,2023/06/21 00:00:00+00,2023/06/21 00:00:00+00,2021/08/16 00:00:00+00,, ,1231 116th Ave NE,Bellevue,98004,WA,US,47.621194,-122.186139, , ,888-998-2546, ,465ba1dd-d734-8158-93cc-330000529000,Blink Network,0,4,0,4, ,J1772,http://www.blinkcharging.com/,Free, ,GPS
-13614288.6759,5972371.71630001,1065,1116,Red Parking Lot,194033,ELEC, , ,E,Public, , , ,2023/06/20 00:00:00+00,2023/06/20 00:00:00+00,2021/08/18 00:00:00+00,, ,110 9th Ave SW,Puyallup,98371,WA,US,47.185296,-122.299236, , ,888-998-2546, ,465ba1dd-d734-8158-93cc-330000139023,Blink Network,0,5,0,5, ,J1772,http://www.blinkcharging.com/,Free, ,GPS
-13640546.2721,5721540.9238,1066,1117,HAAGEN HAAGEN 1,194315,ELEC, ,24 hours daily,E,Public, , , ,2023/08/07 00:00:00+00,2023/08/07 00:00:00+00,2021/08/27 00:00:00+00,, ,1318 NE 136th Ave,Vancouver,98684,WA,US,45.631806,-122.535112, , ,888-758-4389, ,USCPIL8438631,ChargePoint Network,0,2,0,2, ,J1772,http://www.chargepoint.com/, , ,GPS
-13640698.2232,5721773.0326,1067,1118,HAAGEN HAAGEN 2,194316,ELEC, ,24 hours daily,E,Public, , , ,2023/08/07 00:00:00+00,2023/08/07 00:00:00+00,2021/08/27 00:00:00+00,, ,1501 NE 131st Ave,Vancouver,98684,WA,US,45.633264,-122.536477, , ,888-758-4389, ,USCPIL8439601,ChargePoint Network,0,2,0,2, ,J1772,http://www.chargepoint.com/, , ,GPS
-13649081.8054,6192575.39490001,1068,1119,Safeway 911 11th St,194585,ELEC, ,"Mon 5:00am - 10:59pm; Tue 5:00am - 10:59pm; Wed 5:00am - 10:59pm; Thu 5:00am - 10:59pm; Fri 5:00am - 10:59pm; Sat 5:00am - 10:59pm; Sun 5:00am - 10:59pm",E,Public, ,False, ,2023/08/07 00:00:00+00,2023/08/07 00:00:00+00,2021/08/26 00:00:00+00,, ,911 11th Street,Anacortes,98221,WA,US,48.5126865,-122.611788, , ,888-264-2208, ,c41600be-15c6-4d85-8203-0d4ecbe2ecc6,Volta,0,2,0,2, ,J1772,https://voltacharging.com/, , ,GPS
-13644419.1148,6059252.62329999,1069,1120,Clearwater Casino 01 - 04,194586,ELEC, ,"Mon 11:00pm - 10:59pm; Tue 11:00pm - 10:59pm; Wed 11:00pm - 10:59pm; Thu 11:00pm - 10:59pm; Fri 11:00pm - 10:59pm; Sat 11:00pm - 10:59pm; Sun 11:00pm - 10:59pm",E,Public, ,False, ,2023/08/07 00:00:00+00,2023/08/07 00:00:00+00,2021/08/26 00:00:00+00,, ,15347 Suquamish Way Northeast,Suquamish,98392,WA,US,47.713073982,-122.569902338, , ,888-264-2208, ,8975b1f6-7768-4681-9c28-0494a106b40f,Volta,0,4,0,4, ,J1772,https://voltacharging.com/, , ,GPS
-13634227.2212,6232180.2243,1070,1121,1217 STATE SATURNA 01,194653,ELEC, ,24 hours daily,E,Public, , , ,2023/08/07 00:00:00+00,2023/08/07 00:00:00+00,2021/08/29 00:00:00+00,, ,1217 N State St,Bellingham,98225,WA,US,48.747824,-122.478347, , ,888-758-4389, ,USCPIL8629041,ChargePoint Network,0,2,0,2, ,J1772,http://www.chargepoint.com/, , ,GPS
-13613945.144,6012548.2735,1071,1122,HUB Garage,194709,ELEC, , ,E,Public, , , ,2023/06/21 00:00:00+00,2023/06/21 00:00:00+00,2020/10/28 00:00:00+00,, ,19235 International Boulevard,Seattle,98188,WA,US,47.430016,-122.29615,Alaska Airlines Corporate Hub Parking Garage. Accessible only to employees of Alaska Airlines Group and their valued guests., ,800-663-5633, ,4317,SemaCharge Network,0,1,0,1, ,J1772,https://semaconnect.com/,"$0.00-$1.00/Hr Variable Parking Fee, $0.15/kWh Energy Fee", ,GPS
-13629918.823,5982397.61619999,1072,1123,531608 : UW Tacoma C17 Garage,194710,ELEC, , ,E,Public, , , ,2023/06/21 00:00:00+00,2023/06/21 00:00:00+00,2019/01/03 00:00:00+00,, ,1717 Market Street,Tacoma,98402,WA,US,47.246471,-122.439644, , ,800-663-5633, ,2957,SemaCharge Network,0,6,0,6, ,J1772,https://semaconnect.com/,$0.00-$5.00/Hr Variable Parking Fee, ,GPS
-13615063.9049,6098333.7231,1073,1124,Light House Park,194789,ELEC, , ,E,Public, , , ,2023/06/20 00:00:00+00,2023/06/20 00:00:00+00,2018/07/10 00:00:00+00,, ,609 Front Street,Mukilteo,98275,WA,US,47.948755,-122.3062, , ,800-663-5633, ,3881,SemaCharge Network,0,3,0,3, ,J1772,https://semaconnect.com/,FREE, ,GPS
-13622708.6596,6075388.8104,1074,1125,Main Street #5,194790,ELEC, , ,E,Public, , , ,2023/06/21 00:00:00+00,2023/06/21 00:00:00+00,2019/04/12 00:00:00+00,, ,Main & 6th Streets.,Edmonds,98020,WA,US,47.810514,-122.374874, , ,800-663-5633, ,3386,SemaCharge Network,0,1,0,1, ,J1772,https://semaconnect.com/,$1.50/Hr Parking Fee, ,GPS
-13598097.1447,6057653.0746,1075,1126,Willows A,194791,ELEC, , ,E,Public, , , ,2023/06/21 00:00:00+00,2023/06/21 00:00:00+00,2012/01/05 00:00:00+00,, ,11431 Willows Road,Redmond,98052,WA,US,47.703405,-122.153785, , ,800-663-5633, ,614,SemaCharge Network,0,2,0,2, ,J1772,https://semaconnect.com/,$1.75/Hr Parking Fee, ,GPS
-13703150.5726001,6120155.4903,1076,1127,Sequim City/ Clallam PUD,194793,ELEC, , ,E,Public, , , ,2023/06/21 00:00:00+00,2023/06/21 00:00:00+00,2019/06/10 00:00:00+00,, ,150 N. Govan Ave,Sequim,98382,WA,US,48.079887,-123.097496,Charging station owner is City of Sequim. Landowner is Clallam County PUD., ,800-663-5633, ,3834,SemaCharge Network,0,2,0,2, ,J1772,https://semaconnect.com/,$0.00-$10.00/Hr Variable Parking Fee, ,GPS
-13619282.023,6060395.93589999,1077,1128,Cochran Main Office,194794,ELEC, , ,E,Public, , , ,2023/06/20 00:00:00+00,2023/06/20 00:00:00+00,2012/02/07 00:00:00+00,, ,12500 Aurora Avenue,Seattle,98133,WA,US,47.719984,-122.344092, , ,800-663-5633, ,3546,SemaCharge Network,0,4,0,4, ,J1772,https://semaconnect.com/,FREE, ,GPS
-13618307.7548,6044069.26009999,1078,1129,Troy Block (Stations Not Installed),194796,ELEC, , ,E,Public, , , ,2023/06/20 00:00:00+00,2023/06/20 00:00:00+00,2015/02/16 00:00:00+00,, ,300 Boren Avenue North,Seattle,98109,WA,US,47.621221,-122.33534, , ,800-663-5633, ,5192,SemaCharge Network,0,7,0,7, ,J1772,https://semaconnect.com/,$0.00-$5.00/Hr Variable Parking Fee, ,GPS
-13616892.7728,6043003.24790001,1079,1130,Pike Motorworks,194798,ELEC, , ,E,Public, , , ,2023/06/20 00:00:00+00,2023/06/20 00:00:00+00,2015/07/10 00:00:00+00,, ,715 East Pine Street,Seattle,98122,WA,US,47.614766,-122.322629, , ,800-663-5633, ,5454,SemaCharge Network,0,4,0,4, ,J1772,https://semaconnect.com/,FREE, ,GPS
-13654190.7021,5731227.6036,1080,1131,"Walgreens - Vancouver, Wa #5816",194807,ELEC, , ,T,Public, , , ,2023/06/20 00:00:00+00,2023/06/20 00:00:00+00,2011/11/22 00:00:00+00,2022/10/08 00:00:00+00, ,9812 NE Highway 99,Vancouver,98665,WA,US,45.692621,-122.657682, , ,800-663-5633, ,287,SemaCharge Network,0,1,0,1, ,J1772,https://semaconnect.com/,$2.00/Hr Parking Fee, ,GPS
-13648204.2739,5727294.32169999,1081,1132,"Walgreens - Vancouver, WA #11653",194808,ELEC, , ,T,Public, , , ,2023/06/20 00:00:00+00,2023/06/20 00:00:00+00,2011/11/24 00:00:00+00,2022/09/16 00:00:00+00, ,6708 NE 63rd St,Vancouver,98661,WA,US,45.667935,-122.603905, , ,800-663-5633, ,304,SemaCharge Network,0,1,0,1, ,J1772,https://semaconnect.com/,$2.00/Hr Parking Fee, ,GPS
-13610155.8285,6004571.22039999,1082,1133,Kent,194916,ELEC, ,24 hours daily,E,Public, , , ,2023/08/07 00:00:00+00,2023/08/07 00:00:00+00,2021/09/02 00:00:00+00,, ,24437 Russell Road,Kent,98032,WA,US,47.381517,-122.26211, , ,855-900-7584, ,3181,SHELL_RECHARGE,0,4,2,6, ,"CHAdeMO, J1772, CCS",https://shellrecharge.com/en-us/solutions, , ,GPS
-13561352.2505999,6028634.7526,1083,1134,SNOQUALMIE CITY FALLS AVE,194942,ELEC, ,24 hours daily,E,Public, , , ,2023/08/07 00:00:00+00,2023/08/07 00:00:00+00,2021/09/02 00:00:00+00,, ,8125 Falls Ave SE,Snoqualmie,98065,WA,US,47.527683,-121.8237, , ,888-758-4389, ,USCPIL9092401,ChargePoint Network,0,2,0,2, ,J1772,http://www.chargepoint.com/, , ,GPS
-13566851.9899999,6029465.3603,1084,1135,SNOQUALMIE CITY COMMUNITY LOT,194943,ELEC, ,24 hours daily,E,Public, , , ,2023/08/07 00:00:00+00,2023/08/07 00:00:00+00,2021/09/02 00:00:00+00,, ,35016 SE Ridge St,Snoqualmie,98065,WA,US,47.532721,-121.873105, , ,888-758-4389, ,USCPIL9092721,ChargePoint Network,0,2,0,2, ,J1772,http://www.chargepoint.com/, , ,GPS
-13561631.6625,6028550.1795,1085,1136,SNOQUALMIE CITY CITY HALL,194944,ELEC, ,24 hours daily,E,Public, , , ,2023/08/07 00:00:00+00,2023/08/07 00:00:00+00,2021/09/02 00:00:00+00,, ,8161 Maple Ave SE,Snoqualmie,98065,WA,US,47.52717,-121.82621, , ,888-758-4389, ,USCPIL9095591,ChargePoint Network,0,2,0,2, ,J1772,http://www.chargepoint.com/, , ,GPS
-13805917.8322,5897304.62190001,1086,1137,Shoalwater Bay Casino,194995,ELEC, , ,E,Public, , , ,2023/06/21 00:00:00+00,2023/06/21 00:00:00+00,2018/08/20 00:00:00+00,, ,4112 State Route 105,Grayland,98590,WA,US,46.725016,-124.02067, , ,800-663-5633, ,2762,SemaCharge Network,0,2,0,2, ,J1772,https://semaconnect.com/,$1.25/Hr Parking Fee, ,GPS
-13604871.8262,6106855.16759999,1087,1138,Hotel lndigo Everett,195057,ELEC, , ,E,Public, , , ,2023/06/21 00:00:00+00,2023/06/21 00:00:00+00,2019/06/14 00:00:00+00,, ,1028 13th Street,Everett,98201,WA,US,48.000002,-122.214643, , ,800-663-5633, ,3810,SemaCharge Network,0,4,0,4, ,J1772,https://semaconnect.com/,$1.35/Hr Parking Fee, ,GPS
-13152759.6256,5823843.44210001,1088,1139,City of Waitsburg,195058,ELEC, , ,E,Public, , , ,2023/06/21 00:00:00+00,2023/06/21 00:00:00+00,2019/12/18 00:00:00+00,, ,128 Coppei Avenue,Waitsburg,99361,WA,US,46.270748,-118.15325, , ,800-663-5633, ,4335,SemaCharge Network,0,1,0,1, ,J1772,https://semaconnect.com/,$1.00/Hr Parking Fee, ,GPS
-13649467.4161,6190660.36259999,1089,1140,1203 Parking Lot,195114,ELEC, ,24 hours daily,E,Public, , , ,2023/06/21 00:00:00+00,2023/06/21 00:00:00+00,2014/12/26 00:00:00+00,, ,1203 26th Street,Anacortes,98221,WA,US,48.501289,-122.615252, , ,800-663-5633, ,1101,SemaCharge Network,0,1,0,1, ,J1772,https://semaconnect.com/,$1.70/Hr Parking Fee, ,GPS
-13604210.9224001,6075033.60159999,1090,1141,"Walgreens - Bothell, WA #6614",195115,ELEC, , ,T,Public, , , ,2023/06/20 00:00:00+00,2023/06/20 00:00:00+00,2015/11/11 00:00:00+00,2023/02/27 00:00:00+00, ,20812 Bothell-Everett Hwy,Bothell,98201,WA,US,47.808371,-122.208706, , ,800-663-5633, ,294,SemaCharge Network,0,1,0,1, ,J1772,https://semaconnect.com/,$2.00/Hr Parking Fee, ,GPS
-13597710.866,6055240.4949,1091,1142,531606 : Willows Commerce Park - DigiPen,195116,ELEC, , ,E,Public, , , ,2023/06/21 00:00:00+00,2023/06/21 00:00:00+00,2019/01/03 00:00:00+00,, ,9931 Willows Road,Redmond,98052,WA,US,47.688818,-122.150315, , ,800-663-5633, ,2902,SemaCharge Network,0,6,0,6, ,J1772,https://semaconnect.com/,$1.25/Hr Parking Fee, ,GPS
-13603483.0043,6042382.36270001,1092,1143,Venn at Main Apartments,195118,ELEC, , ,E,Public, , , ,2023/06/20 00:00:00+00,2023/06/20 00:00:00+00,2016/06/23 00:00:00+00,, ,10333 NE 1st St,Bellevue,98004,WA,US,47.611006,-122.202167, , ,800-663-5633, ,3723,SemaCharge Network,0,5,0,5, ,J1772,https://semaconnect.com/,FREE, ,GPS
-13598119.8538001,6037660.967,1093,1144,Sunset North,195119,ELEC, , ,E,Public, , , ,2023/06/21 00:00:00+00,2023/06/21 00:00:00+00,2018/06/19 00:00:00+00,, ,3100 139th Avenue Southeast,Bellevue,98005,WA,US,47.582405,-122.153989, , ,800-663-5633, ,2267,SemaCharge Network,0,6,0,6, ,J1772,https://semaconnect.com/,$1.00-$5.00/Hr Variable Parking Fee, ,GPS
-13617866.1504,6043401.56270001,1094,1145,431602 : Kinects Tower - 1823 Minor Avenue,195120,ELEC, ,24 hours daily,E,Public, , , ,2023/06/21 00:00:00+00,2023/06/21 00:00:00+00,2018/09/14 00:00:00+00,, ,1823 Minor Avenue,Seattle,98101,WA,US,47.617178,-122.331373,The stations are in an access only garage. No public charging available., ,800-663-5633, ,2629,SemaCharge Network,0,3,0,3, ,J1772,https://semaconnect.com/,FREE, ,GPS
-13618203.4485,6042750.43000001,1095,1146,1600 Seventh,195122,ELEC, ,24 hours daily,T,Public, , , ,2023/06/20 00:00:00+00,2023/06/20 00:00:00+00,2015/11/12 00:00:00+00,2022/09/09 00:00:00+00, ,1600 7th Ave,Seattle,98191,WA,US,47.613235,-122.334403,Daily parking rates posted at garage entrance., ,800-663-5633, ,1495,SemaCharge Network,0,3,0,3, ,J1772,https://semaconnect.com/,$1.80/Hr Parking Fee, ,GPS
-13620976.9736,6044627.9989,1096,1147,Queen Anne Square,195123,ELEC, , ,E,Public, , , ,2023/06/20 00:00:00+00,2023/06/20 00:00:00+00,2012/02/24 00:00:00+00,, ,200 West Mercer Street,Seattle,98119,WA,US,47.624604,-122.359318, , ,800-663-5633, ,551,SemaCharge Network,0,2,0,2, ,J1772,https://semaconnect.com/,$1.00-$3.00/Hr Variable Parking Fee, ,GPS
-13617873.6088,6042443.78869999,1097,1148,Washington State Convention Center Parking Garage,195124,ELEC, ,24 hours daily,E,Public, , , ,2023/06/21 00:00:00+00,2023/06/21 00:00:00+00,2016/07/05 00:00:00+00,, ,705 Pike ST,Seattle,98101,WA,US,47.611378,-122.33144,"The stations are located on the Blue Level, aisle A. The garage opens at 5:30 am and closes at midnight.", ,800-663-5633, ,1605,SemaCharge Network,0,4,0,4, ,J1772,https://semaconnect.com/,$0.00-$2.00/Hr Variable Parking Fee, ,GPS
-13661553.9298001,6046450.7989,1098,1149,Valley Supply - Silverdale,195127,ELEC, , ,E,Public, , , ,2023/06/20 00:00:00+00,2023/06/20 00:00:00+00,2012/02/24 00:00:00+00,, ,"5455 NW Newberry Hill Rd., #201",Silverdale,98383,WA,US,47.635639,-122.723827, , ,800-663-5633, ,607,SemaCharge Network,0,1,0,1, ,J1772,https://semaconnect.com/,FREE, ,GPS
-13602728.3694,5989696.63340001,1099,1150,Muckleshoot Casino,195128,ELEC, , ,E,Public, , , ,2023/06/20 00:00:00+00,2023/06/20 00:00:00+00,2012/02/13 00:00:00+00,, ,2402 Auburn Way,Auburn,98002,WA,US,47.290963,-122.195388, , ,800-663-5633, ,501,SemaCharge Network,0,4,0,4, ,J1772,https://semaconnect.com/,FREE, ,GPS
-13638483.522,5988104.8025,1100,1151,"Walgreens - Tacoma, WA #7356",195129,ELEC, , ,E,Public, , , ,2023/06/21 00:00:00+00,2023/06/21 00:00:00+00,2011/11/24 00:00:00+00,, ,3540 N Pearl St,Tacoma,98407,WA,US,47.281263,-122.516582, , ,800-663-5633, ,300,SemaCharge Network,0,1,0,1, ,J1772,https://semaconnect.com/,$2.00/Hr Parking Fee, ,GPS
-13673151.5284,5942096.1079,1101,1152,Cornerstone,195133,ELEC, , ,E,Public, , , ,2023/06/21 00:00:00+00,2023/06/21 00:00:00+00,2018/12/12 00:00:00+00,, ,4501 Intelco Loop SE,Lacey,98503,WA,US,47.000135,-122.82801, , ,800-663-5633, ,3855,SemaCharge Network,0,2,0,2, ,J1772,https://semaconnect.com/,FREE, ,GPS
-13844978.2831,6041476.0494,1102,1153,Kalaloch Lodge,195135,ELEC, , ,E,Public, , , ,2023/06/21 00:00:00+00,2023/06/21 00:00:00+00,2018/01/09 00:00:00+00,, ,157151 Hwy 101,Forks,98331,WA,US,47.605517,-124.371556, , ,800-663-5633, ,2432,SemaCharge Network,0,4,0,4, ,J1772,https://semaconnect.com/,FREE, ,GPS
-13653737.9658,5718933.6967,1103,1154,Franklin IDE,195138,ELEC, , ,E,Public, , , ,2023/06/20 00:00:00+00,2023/06/20 00:00:00+00,2013/03/20 00:00:00+00,, ,1701 SE Columbia River Drive,Vancouver,98661,WA,US,45.615426,-122.653615, , ,800-663-5633, ,429,SemaCharge Network,0,2,0,2, ,J1772,https://semaconnect.com/,FREE, ,GPS
-13604741.1372,5987382.99509999,1104,1155,"White River Property, LLC.",195248,ELEC, ,24 hours daily,E,Public, , , ,2023/06/20 00:00:00+00,2023/06/20 00:00:00+00,2015/06/08 00:00:00+00,, ,"4111 ""A"" Street SE",Auburn,98002,WA,US,47.276864,-122.213469,Hours of use 5:00 am - 12 Midnight., ,800-663-5633, ,1081,SemaCharge Network,0,1,0,1, ,J1772,https://semaconnect.com/,FREE, ,GPS
-13630735.6854,5983558.3684,1105,1156,Blue Lot,195253,ELEC, ,24 hours daily,E,Public, , , ,2023/06/21 00:00:00+00,2023/06/21 00:00:00+00,2018/11/14 00:00:00+00,, ,"712 Nollmeyer Lane, Tacoma, WA",Tacoma,98405,WA,US,47.253549,-122.446982, , ,800-663-5633, ,3841,SemaCharge Network,0,1,0,1, ,J1772,https://semaconnect.com/,FREE, ,GPS
-13735062.865,5812871.64609999,1106,1157,Hotel Cathlamet Rear Parking Lot,195256,ELEC, , ,E,Public, , , ,2023/06/21 00:00:00+00,2023/06/21 00:00:00+00,2021/09/05 00:00:00+00,, ,69 Main Street,Cathlamet,98612,WA,US,46.202575,-123.384169, , ,800-663-5633, ,2281,SemaCharge Network,0,1,0,1, ,J1772,https://semaconnect.com/,"$1.00/Hr Parking Fee , $0.08/kWh Energy Fee", ,GPS
-13634494.4993,6232053.60579999,1107,1158,Railroad Avenue South Lot,195281,ELEC, , ,E,Public, , , ,2023/06/20 00:00:00+00,2023/06/20 00:00:00+00,2012/02/28 00:00:00+00,, ,1100 Railroad Avenue,Bellingham,98225,WA,US,48.747074,-122.480748, , ,800-663-5633, ,798,SemaCharge Network,0,2,0,2, ,J1772,https://semaconnect.com/,FREE, ,GPS
-13278092.6818,5963217.15529999,1108,1159,Sinkiuse Square,195283,ELEC, ,24 hours daily,E,Public, , , ,2023/06/20 00:00:00+00,2023/06/20 00:00:00+00,2012/03/22 00:00:00+00,, ,306 Ash Street,Moses Lake,98837,WA,US,47.129376,-119.279136, , ,800-663-5633, ,559,SemaCharge Network,0,2,0,2, ,J1772,https://semaconnect.com/,FREE, ,GPS
-13614561.854,6076005.6122,1109,1160,"531632: MR Creekside, LLC",195284,ELEC, , ,E,Public, , , ,2023/06/21 00:00:00+00,2023/06/21 00:00:00+00,2018/10/15 00:00:00+00,, ,20311 52nd Avenue West,Lynnwood,98036,WA,US,47.814235,-122.30169, , ,800-663-5633, ,3190,SemaCharge Network,0,6,0,6, ,J1772,https://semaconnect.com/,"$0.00-$2.00/Hr Variable Parking Fee, $0.00-$0.11/kWh Variable Energy Fee", ,GPS
-13607036.4337,6038364.3658,1110,1161,"Walgreens - Mercer Island, WA #3733",195288,ELEC, , ,T,Public, , , ,2023/06/20 00:00:00+00,2023/06/20 00:00:00+00,2015/05/05 00:00:00+00,2022/09/28 00:00:00+00, ,7707 SE 27th St,Mercer Island,98040,WA,US,47.586667,-122.234088, , ,800-663-5633, ,280,SemaCharge Network,0,1,0,1, ,J1772,https://semaconnect.com/,$2.00/Hr Parking Fee, ,GPS
-13617057.5256,6042083.99029999,1111,1162,531616 - Marion & Minor Garage,195289,ELEC, , ,E,Public, , , ,2023/06/21 00:00:00+00,2023/06/21 00:00:00+00,2018/10/19 00:00:00+00,, ,1101 Madison Street,Seattle,98104,WA,US,47.609199,-122.324109, , ,800-663-5633, ,3106,SemaCharge Network,0,6,0,6, ,J1772,https://semaconnect.com/,$1.00-$5.00/Hr Variable Parking Fee, ,GPS
-13618291.0569,6040350.7616,1112,1163,450 Alaskan Garage,195292,ELEC, , ,E,Public, , , ,2023/06/21 00:00:00+00,2023/06/21 00:00:00+00,2021/09/06 00:00:00+00,, ,450 Alaskan Way,Seattle,98104,WA,US,47.598701,-122.33519, , ,800-663-5633, ,2506,SemaCharge Network,0,3,0,3, ,J1772,https://semaconnect.com/,$0.00-$5.00/Hr Variable Parking Fee, ,GPS
-13605054.1676,6020419.85769999,1113,1164,"Walgreens - Renton, WA #4627",195293,ELEC, , ,T,Public, , , ,2023/06/20 00:00:00+00,2023/06/20 00:00:00+00,2011/11/24 00:00:00+00,2023/02/27 00:00:00+00, ,275 Rainer Ave S,Renton,98056,WA,US,47.47783,-122.216281, , ,800-663-5633, ,282,SemaCharge Network,0,1,0,1, ,J1772,https://semaconnect.com/,$2.00/Hr Parking Fee, ,GPS
-13655304.0084,5721331.5854,1114,1165,Comfort Inn & Suites  - 401 East,195297,ELEC, , ,E,Public, , , ,2023/06/21 00:00:00+00,2023/06/21 00:00:00+00,2016/07/20 00:00:00+00,, ,401 East 13th Street,Vancouver,98660,WA,US,45.630491,-122.667683, , ,800-663-5633, ,1769,SemaCharge Network,0,2,0,2, ,J1772,https://semaconnect.com/,$2.00/Hr Parking Fee, ,GPS
-13178777.7736,5787207.8787,1115,1166,City Hall,195412,ELEC, , ,E,Public, , , ,2023/06/21 00:00:00+00,2023/06/21 00:00:00+00,2020/03/23 00:00:00+00,, ,625 S College Ave,College Place,99324,WA,US,46.042783,-118.386975, , ,800-663-5633, ,4562,SemaCharge Network,0,2,0,2, ,J1772,https://semaconnect.com/,$1.00/Hr Parking Fee, ,GPS
-13602301.7932,6043500.6489,1116,1167,Plaza East,195413,ELEC, ,24 hours daily,E,Public, , , ,2023/06/21 00:00:00+00,2023/06/21 00:00:00+00,2021/09/07 00:00:00+00,, ,11100 Northeast 8th Street,Bellevue,98004,WA,US,47.617778,-122.191556, , ,800-663-5633, ,5241,SemaCharge Network,0,2,0,2, ,J1772,https://semaconnect.com/,$0.00-$1.50/Hr Variable Parking Fee, ,GPS
-13623586.859,6049795.44439999,1117,1168,"Port of Seattle, Fishermen's Terminal, West Wall BLDG",195414,ELEC, ,24 hours daily,E,Public, , , ,2023/06/21 00:00:00+00,2023/06/21 00:00:00+00,2017/12/20 00:00:00+00,, ,4005 20th Avenue West,Seattle,98199,WA,US,47.655881,-122.382763,"Member pricing begins at $1.25/hour for first 4 hours
Public pricing begins at $1.75/hour for first 2 hours

Note: FT Tenants  need to request to become a Member for special pricing", ,800-663-5633, ,2354,SemaCharge Network,0,4,0,4, ,J1772,https://semaconnect.com/,$1.00-$4.50/Hr Variable Parking Fee, ,GPS
-13619037.788,6045252.3492,1118,1169,531613 - 1000-1100 Dexter Avenue N,195415,ELEC, ,24 hours daily,E,Public, , , ,2023/06/20 00:00:00+00,2023/06/20 00:00:00+00,2011/12/01 00:00:00+00,, ,1000 Dexter Avenue North,Seattle,98109,WA,US,47.628384,-122.341898,Public hours are M-F 6 am -9pm., ,800-663-5633, ,2494,SemaCharge Network,0,8,0,8, ,J1772,https://semaconnect.com/,$0.00-$15.00/Hr Variable Parking Fee, ,GPS
-13740420.6721,6126796.63840001,1119,1170,Gateway Transit Center,195417,ELEC, , ,E,Public, , , ,2023/06/21 00:00:00+00,2023/06/21 00:00:00+00,2017/09/19 00:00:00+00,, ,123 East Front Street,Port Angeles,98362,WA,US,48.119729,-123.432299, , ,800-663-5633, ,2250,SemaCharge Network,0,1,0,1, ,J1772,https://semaconnect.com/,$1.50-$5.00/Hr Variable Parking Fee, ,GPS
-13618238.4028,6040139.9516,1120,1171,505 First Garage,195418,ELEC, , ,E,Public, , , ,2023/06/21 00:00:00+00,2023/06/21 00:00:00+00,2021/09/07 00:00:00+00,, ,505 1st Avenue South,Seattle,98104,WA,US,47.597424,-122.334717, , ,800-663-5633, ,2504,SemaCharge Network,0,15,0,15, ,J1772,https://semaconnect.com/,$0.00-$5.00/Hr Variable Parking Fee, ,GPS
-13613065.1634,5975587.1026,1121,1172,Valley Supply - Puyallup,195419,ELEC, ,24 hours daily,E,Public, , , ,2023/06/20 00:00:00+00,2023/06/20 00:00:00+00,2011/10/22 00:00:00+00,, ,516 Valley Avenue NE,Puyallup,98372,WA,US,47.204923,-122.288245, , ,800-663-5633, ,606,SemaCharge Network,0,1,0,1, ,J1772,https://semaconnect.com/,FREE, ,GPS
-13618056.952,6043263.0092,1122,1173,1007 Stewart Street/ service decline,195496,ELEC, , ,E,Public, , , ,2023/06/20 00:00:00+00,2023/06/20 00:00:00+00,2016/11/30 00:00:00+00,, ,1007 Stewart Street,Seattle,98101,WA,US,47.616339,-122.333087, , ,800-663-5633, ,3599,SemaCharge Network,0,4,0,4, ,J1772,https://semaconnect.com/,FREE, ,GPS
-13618351.5034,6037452.53289999,1123,1174,Starbucks Center Main Parking Lot,195498,ELEC, , ,E,Public, , , ,2023/06/21 00:00:00+00,2023/06/21 00:00:00+00,2021/05/19 00:00:00+00,, ,2401 Utah Avenue South,Seattle,98134,WA,US,47.581142,-122.335733, , ,800-663-5633, ,5368,SemaCharge Network,0,2,0,2, ,J1772,https://semaconnect.com/,$2.00-$2.25/Hr Variable Parking Fee, ,GPS
-13618175.1733,6182732.9552,1124,1175,La Quinta Burlington,195545,ELEC, , ,E,Public, , , ,2023/06/21 00:00:00+00,2023/06/21 00:00:00+00,2018/11/16 00:00:00+00,, ,1670 S. Burlington Blvd,Burlington,98233,WA,US,48.454081,-122.334149, , ,800-663-5633, ,4811,SemaCharge Network,0,2,0,2, ,J1772,https://semaconnect.com/,"$1.00/Hr Parking Fee , $0.20/kWh Energy Fee", ,GPS
-13619577.9102,6043677.35529999,1125,1176,The Corydon,195549,ELEC, ,24 hours daily,E,Public, , , ,2023/06/21 00:00:00+00,2023/06/21 00:00:00+00,2019/06/27 00:00:00+00,, ,"5101 25th Ave NE,",Seattle,98105,WA,US,47.618848,-122.34675,Garage Entrance located at back of building off Ravenna Place NE., ,800-663-5633, ,4774,SemaCharge Network,0,2,0,2, ,J1772,https://semaconnect.com/,$0.20/kWh Energy Fee, ,GPS
-13618592.5101,6041304.0109,1126,1177,Waterfront Place,195550,ELEC, , ,E,Public, , , ,2023/06/21 00:00:00+00,2023/06/21 00:00:00+00,2019/01/11 00:00:00+00,, ,1011 Western Avenue,Seattle,98104,WA,US,47.604475,-122.337898, , ,800-663-5633, ,5167,SemaCharge Network,0,1,0,1, ,J1772,https://semaconnect.com/,FREE, ,GPS
-13781602.2045,6116357.17119999,1127,1178,Lake Crescent Lodge,195554,ELEC, , ,T,Public, , , ,2023/06/20 00:00:00+00,2023/06/20 00:00:00+00,2017/09/19 00:00:00+00,2023/02/27 00:00:00+00, ,416 Lake Crescent Road,Port Angeles,98363,WA,US,48.057086,-123.802239, , ,800-663-5633, ,2380,SemaCharge Network,0,2,0,2, ,J1772,https://semaconnect.com/,FREE, ,GPS
-13637102.4924,5718953.272,1128,1179,Columbia Center Building,195716,ELEC, , ,E,Public, , , ,2023/06/21 00:00:00+00,2023/06/21 00:00:00+00,2021/09/08 00:00:00+00,, ,1115 SE 164th Avenue,Vancouver,98683,WA,US,45.615549,-122.504176,Chargers are for customers only.||, ,888-998-2546, ,465ba1dd-d734-8158-93cc-330000617611,Blink Network,0,2,0,2, ,J1772,http://www.blinkcharging.com/,Free, ,GPS
-13864229.7386,6092693.2646,1129,1180,Quillayute River Resort,196041,ELEC,HOTEL,24 hours daily,E,Public,CREDIT_CARD_ALWAYS,False,"American Express, Discover, Debit, MasterCard, Visa",2023/06/12 00:00:00+00,2023/06/12 00:00:00+00,2021/09/11 00:00:00+00,, ,473 Mora Rd,Forks,98331,WA,US,47.9148059463057,-124.544494767, , ,360-374-7447,P, ,Non-Networked,0,2,0,2, ,J1772, ,"Free for guests; $10 per session for non-guests", ,GPS
-13675077.5184,5780987.5102,1130,1181,EZstop Kalama Waterfront,196042,ELEC,PARK,24 hours daily,E,Public,CREDIT_CARD_ALWAYS,False,"American Express, Discover, Debit, MasterCard, Visa",2023/06/12 00:00:00+00,2023/06/12 00:00:00+00,2021/09/11 00:00:00+00,, ,215 N Hendrickson Dr,Kalama,98625,WA,US,46.0039829278164,-122.845311463, , ,503-257-6111,P, ,Non-Networked,0,0,2,2, ,"CHAdeMO, CCS", ,$0.50 per session + $0.45 per kWh, ,GPS
-13069167.2596,6052016.2305,1131,1182,COLLEGE HALL CROSBY HOUSE,196377,ELEC, ,24 hours daily,E,Public, , , ,2023/08/07 00:00:00+00,2023/08/07 00:00:00+00,2021/09/25 00:00:00+00,, ,508 E Sharp Ave,Spokane,99258,WA,US,47.669317,-117.402327, , ,888-758-4389, ,USCPIL9762621,ChargePoint Network,0,2,0,2, ,J1772,http://www.chargepoint.com/, , ,GPS
-13628285.4320999,5991644.47980001,1132,1183,TPS FACILITIES BROWNS POINTE 2,196578,ELEC, ,24 hours daily,E,Public, , , ,2023/08/07 00:00:00+00,2023/08/07 00:00:00+00,2021/10/01 00:00:00+00,, ,1526 51st St NE,Tacoma,98422,WA,US,47.30283,-122.424971, , ,888-758-4389, ,USCPIL8208731,ChargePoint Network,0,2,0,2, ,J1772,http://www.chargepoint.com/, , ,GPS
-13596120.7784,6046021.6175,1133,1184,The Village at Overlake,197048,ELEC, , ,E,Public, , , ,2023/06/21 00:00:00+00,2023/06/21 00:00:00+00,2021/10/01 00:00:00+00,, ,2580 152nd Avenue NE,Redmond,98052,WA,US,47.633041,-122.136031, , ,888-998-2546, ,465ba1dd-d734-8158-93cc-330000626179,Blink Network,0,2,0,2, ,J1772,http://www.blinkcharging.com/,Free, ,GPS
-13599117.9444,6065941.07020001,1134,1185,Schoolhouse District,197049,ELEC, , ,E,Public, , , ,2023/06/20 00:00:00+00,2023/06/20 00:00:00+00,2021/10/01 00:00:00+00,, ,13205 NE 175th St.,Woodinville,98072,WA,US,47.753485,-122.162955,All chargers are on P2||, ,888-998-2546, ,465ba1dd-d734-8158-93cc-330000594104,Blink Network,0,10,0,10, ,J1772,http://www.blinkcharging.com/,Free, ,GPS
-13619365.5126,6066902.4506,1135,1186,Geo Apartments,197153,ELEC, , ,E,Public, , , ,2023/06/21 00:00:00+00,2023/06/21 00:00:00+00,2020/03/18 00:00:00+00,, ,17990 Midvale Avenue North,Shoreline,98133,WA,US,47.759291,-122.344842, , ,800-663-5633, ,5558,SemaCharge Network,0,2,0,2, ,J1772,https://semaconnect.com/,FREE, ,GPS
-13647095.8641,5931316.8122,1136,1187,Safeway 1109 E. Yelm Ave,197426,ELEC, ,"Mon 5:00am - 10:59pm; Tue 5:00am - 10:59pm; Wed 5:00am - 10:59pm; Thu 5:00am - 10:59pm; Fri 5:00am - 10:59pm; Sat 5:00am - 10:59pm; Sun 5:00am - 10:59pm",E,Public, ,False, ,2023/08/07 00:00:00+00,2023/08/07 00:00:00+00,2021/10/07 00:00:00+00,, ,1109 E. Yelm Ave,Yelm,98597,WA,US,46.934055045,-122.593947986, , ,888-264-2208, ,ce4b9389-2038-41ec-991e-6be1b11617d8,Volta,0,2,0,2, ,J1772,https://voltacharging.com/, , ,GPS
-13680908.1035,5945127.9024,1137,1188,Safeway 500 Cleveland,197427,ELEC, ,"Mon 5:00am - 10:59pm; Tue 5:00am - 10:59pm; Wed 5:00am - 10:59pm; Thu 5:00am - 10:59pm; Fri 5:00am - 10:59pm; Sat 5:00am - 10:59pm; Sun 5:00am - 10:59pm",E,Public, ,False, ,2023/08/07 00:00:00+00,2023/08/07 00:00:00+00,2021/10/07 00:00:00+00,, ,500 Cleveland,Tumwater,98501,WA,US,47.018706,-122.8976885, , ,888-264-2208, ,453adec1-e9df-4f6d-92b1-44dbda97eeb1,Volta,0,2,0,2, ,J1772,https://voltacharging.com/, , ,GPS
-13613753.1019999,5964168.56399999,1138,1189,Meridian Town Center,197428,ELEC, ,"Mon 5:00am - 10:59pm; Tue 5:00am - 10:59pm; Wed 5:00am - 10:59pm; Thu 5:00am - 10:59pm; Fri 5:00am - 10:59pm; Sat 5:00am - 10:59pm; Sun 5:00am - 10:59pm",E,Public, ,False, ,2023/08/07 00:00:00+00,2023/08/07 00:00:00+00,2021/10/07 00:00:00+00,, ,13308 Meridian Ave E.,Puyallup,98373,WA,US,47.135190354,-122.294424858, , ,888-264-2208, ,15fd46e2-c1ca-4965-8034-9114c6438e7a,Volta,0,2,0,2, ,J1772,https://voltacharging.com/, , ,GPS
-13618112.163,6173494.80170001,1139,1190,IBEW Local 191,197436,ELEC,UTILITY,24 hours daily,E,Public,CREDIT_CARD_ALWAYS,False,"American Express, Discover, Debit, MasterCard, Visa",2021/11/04 00:00:00+00,2023/07/12 00:00:00+00,2021/10/04 00:00:00+00,, ,306 Anderson Rd,Mt. Vernon,98273,WA,US,48.3990120273125,-122.333582969, , , ,P, ,Non-Networked,0,1,0,1, ,J1772, , , ,GPS
-13591285.7489,6050943.0507,1140,1191,Genie HQ,197437,ELEC,OFFICE_BLDG,24 hours daily,E,Public,CREDIT_CARD_ALWAYS,True,"American Express, Discover, Debit, MasterCard, Visa",2021/11/04 00:00:00+00,2023/07/13 00:00:00+00,2021/10/04 00:00:00+00,, ,6464 185 Ave NE,Redmond,98052,WA,US,47.6628245758785,-122.092597191, , ,425-881-1800,P, ,Non-Networked,0,2,0,2, ,J1772, , , ,GPS
-13639471.0372,5719494.3932,1141,1192,Hampton Inn & Suites Portland/Vancouver,197438,ELEC,HOTEL,"24 hours daily; guests only",E,Public,CREDIT_CARD_ALWAYS,True,"American Express, Discover, Debit, MasterCard, Visa",2023/07/11 00:00:00+00,2023/07/11 00:00:00+00,2021/10/04 00:00:00+00,, ,315 SE Olympia Dr,Vancouver,98684,WA,US,45.618949,-122.525453, , ,360-891-3000,P, ,Non-Networked,0,1,0,1, ,J1772, ,Free, ,GPS
-13603924.2747,6107022.8645,1142,1193,Providence Regional Medical Center Everett,197638,ELEC, , ,E,Public, , , ,2023/06/21 00:00:00+00,2023/06/21 00:00:00+00,2020/08/27 00:00:00+00,, ,1717 13th Street,Everett,98201,WA,US,48.00101,-122.206131, , ,800-663-5633, ,5581,SemaCharge Network,0,7,0,7, ,J1772,https://semaconnect.com/,FREE, ,GPS
-13631246.72,5978474.55210001,1143,1194,Safeway 1302 S 38th,197721,ELEC, ,"Mon 5:00am - 10:59pm; Tue 5:00am - 10:59pm; Wed 5:00am - 10:59pm; Thu 5:00am - 10:59pm; Fri 5:00am - 10:59pm; Sat 5:00am - 10:59pm; Sun 5:00am - 10:59pm",E,Public, ,False, ,2023/08/07 00:00:00+00,2023/08/07 00:00:00+00,2021/10/09 00:00:00+00,, ,1302 South 38th Street,Tacoma,98408,WA,US,47.222542058,-122.451572702, , ,888-264-2208, ,29b311c6-636d-462b-aaac-3a49be15eb84,Volta,0,2,0,2, ,J1772,https://voltacharging.com/, , ,GPS
-13635314.1184999,5986243.7055,1144,1195,Safeway 2411 North Proctor,197722,ELEC, ,"Mon 5:00am - 10:59pm; Tue 5:00am - 10:59pm; Wed 5:00am - 10:59pm; Thu 5:00am - 10:59pm; Fri 5:00am - 10:59pm; Sat 5:00am - 10:59pm; Sun 5:00am - 10:59pm",E,Public, ,False, ,2023/08/07 00:00:00+00,2023/08/07 00:00:00+00,2021/10/09 00:00:00+00,, ,2411 North Proctor,Tacoma,98406,WA,US,47.269919942,-122.488110764, , ,888-264-2208, ,6aafb88e-f0b8-4847-8770-561a21394e61,Volta,0,2,0,2, ,J1772,https://voltacharging.com/, , ,GPS
-13638234.4278,5986687.5402,1145,1196,Westgate North,197723,ELEC, ,"Mon 5:00am - 10:59pm; Tue 5:00am - 10:59pm; Wed 5:00am - 10:59pm; Thu 5:00am - 10:59pm; Fri 5:00am - 10:59pm; Sat 5:00am - 10:59pm; Sun 5:00am - 10:59pm",E,Public, ,False, ,2023/08/07 00:00:00+00,2023/08/07 00:00:00+00,2021/10/09 00:00:00+00,, ,2637 North Pearl Street,Tacoma,98407,WA,US,47.272625257,-122.514344349, , ,888-264-2208, ,c0fd16b9-3e13-48fa-948a-e19f20e3b091,Volta,0,2,0,2, ,J1772,https://voltacharging.com/, , ,GPS
-13591664.9921,6094559.73549999,1146,1197,Lakeview Place,197724,ELEC, ,"Mon 5:00am - 10:59pm; Tue 5:00am - 10:59pm; Wed 5:00am - 10:59pm; Thu 5:00am - 10:59pm; Fri 5:00am - 10:59pm; Sat 5:00am - 10:59pm; Sun 5:00am - 10:59pm",E,Public, ,False, ,2023/08/07 00:00:00+00,2023/08/07 00:00:00+00,2021/10/09 00:00:00+00,, ,1119 13th Street,Snohomish,98290,WA,US,47.926042415,-122.09600399, , ,888-264-2208, ,4ce46e00-3c09-4789-9ab6-daf72748f52b,Volta,0,2,0,2, ,J1772,https://voltacharging.com/, , ,GPS
-13820520.8980001,6076577.5801,1147,1198,Hoh Valley Cabins,197726,ELEC,CAMPGROUND,"24 hours daily; guests only",E,Public,CREDIT_CARD_ALWAYS,True,"American Express, Discover, Debit, MasterCard, Visa",2023/07/11 00:00:00+00,2023/07/11 00:00:00+00,2021/10/08 00:00:00+00,, ,5843 Upper Hoh Rd,Forks,98331,WA,US,47.8176852900045,-124.151851572, , , ,P, ,Non-Networked,0,2,0,2, ,J1772, ,Free, ,GPS
-13877090.9784,6162463.96100001,1148,1199,Hobuck Beach Resorts South,197727,ELEC,CAMPGROUND,24 hours daily,E,Public,CREDIT_CARD_ALWAYS,True,"American Express, Discover, Debit, MasterCard, Visa",2021/11/04 00:00:00+00,2023/07/13 00:00:00+00,2021/10/08 00:00:00+00,, ,2726 Makah Passage,Neah Bay,98357,WA,US,48.3331786074504,-124.66002925, , ,360-645-2339,P, ,Non-Networked,0,1,0,1, ,J1772, , , ,GPS
-13596626.0576,6072521.5354,1149,1200,KING COUNTY WTD BRIGHTWATER - 1,197830,ELEC, ,24 hours daily,E,Public, , , ,2023/08/07 00:00:00+00,2023/08/07 00:00:00+00,2021/10/16 00:00:00+00,, ,22503 WA-9,Woodinville,98072,WA,US,47.793213,-122.14057, , ,888-758-4389, ,USCPIL8742301,ChargePoint Network,0,2,0,2, ,J1772,http://www.chargepoint.com/, , ,GPS
-13672527.4713,5949260.7489,1150,1,City of Lacey - City Hall Parking,33351,ELEC,MUNI_GOV,24 hours daily,E,Public, ,False, ,2023/01/10 00:00:00+00,2023/02/14 00:00:00+00,2018/01/15 00:00:00+00,, ,420 College St,Lacey,98503,WA,US,47.044011,-122.822404,"At 3rd Ave SE, next to police station", ,360-491-3214,LG, ,Non-Networked,0,4,0,4, ,J1772, ,"Free; 3 hour maximum charging session", ,200-9
-13600571.109,6044064.1403,1151,1222,BLOCK 24 FB STATION 2,199481,ELEC, ,24 hours daily,E,Public, , , ,2023/08/07 00:00:00+00,2023/08/07 00:00:00+00,2021/10/30 00:00:00+00,, ,12355 NE District Wy,Bellevue,98005,WA,US,47.62119,-122.176009, , ,888-758-4389, ,USCPIL8612041,ChargePoint Network,0,2,0,2, ,J1772,http://www.chargepoint.com/, , ,GPS
-13613953.9382,6014747.1648,1152,2,Seattle-Tacoma International Airport - General Parking,33717,ELEC,AIRPORT,"24 hours daily; pay lot; Drivers must bring their own J1772 cordset for Level 1 charging",E,Public, ,False, ,2021/12/09 00:00:00+00,2023/07/12 00:00:00+00,2010/03/01 00:00:00+00,, ,17801 Pacific Hwy S,Seattle,98188,WA,US,47.443377,-122.296229,"5th floor parking garage; rows D, G, and I", ,206-787-5388,P, ,Non-Networked,121,0,0,0, ,NEMA 5-20, ,Free, ,200-8
-13067676.2463,6052682.4455,1153,3,Avista Corp,35620,ELEC,OFFICE_BLDG,"24 hours daily; Drivers must bring their own J1772 cordset for Level 1 charging",E,Public, ,False, ,2023/06/12 00:00:00+00,2023/06/12 00:00:00+00,2010/04/15 00:00:00+00,, ,1411 E Mission Ave,Spokane,99252,WA,US,47.673347,-117.388933, , ,509-489-0500,P, ,Non-Networked,1,2,0,2, ,"J1772, NEMA 5-20", ,Free, ,GPS
-13071542.4502,6049780.76560001,1154,4,Steam Plant Parking,35621,ELEC,RESTAURANT,24 hours daily,E,Public, ,False, ,2023/04/06 00:00:00+00,2023/04/06 00:00:00+00,2010/04/15 00:00:00+00,, ,130 S Post St,Spokane,99201,WA,US,47.65579218,-117.4236637, , ,800-227-9187,P, ,Non-Networked,0,6,0,6, ,J1772, ,Free, ,GPS
-13602480.5722999,6042999.615,1155,5,BELLEVUE BELLEVUE CH 1,37181,ELEC, ,24 hours daily,E,Public, , , ,2023/08/07 00:00:00+00,2023/08/07 00:00:00+00,2010/12/15 00:00:00+00,, ,450 110th Ave NE,Bellevue,98004,WA,US,47.614744,-122.193162, , ,888-758-4389, ,USCPIL479461,ChargePoint Network,0,2,0,2, ,J1772,http://www.chargepoint.com/, , ,GPS
-13583148.6068,6031543.54829999,1156,6,KING COUNTY DES ISSAQUAH P&R 2,38082,ELEC, ,24 hours daily,E,Public, , , ,2023/08/07 00:00:00+00,2023/08/07 00:00:00+00,2008/02/15 00:00:00+00,, ,1755 Highlands Dr NE,Issaquah,98027,WA,US,47.545324,-122.0195, , ,888-758-4389, ,USCPIL5420341,ChargePoint Network,0,2,0,2, ,J1772,http://www.chargepoint.com/, , ,GPS
-13602341.7569,6067330.85090001,1157,7,UWB CASCADIA CC NORTH LEVEL 3 N,38952,ELEC, ,24 hours daily,E,Public, , , ,2023/08/07 00:00:00+00,2023/08/07 00:00:00+00,2011/03/15 00:00:00+00,, ,18500 Campus Way NE,Bothell,98011,WA,US,47.761878,-122.191915, , ,888-758-4389, ,USCPIL205055,ChargePoint Network,0,2,0,2, ,J1772,http://www.chargepoint.com/, , ,GPS
-13595443.8445999,6053654.08759999,1158,8,CITY OF REDMOND CITY HALL DUAL,38959,ELEC, ,24 hours daily,E,Public, , , ,2023/08/07 00:00:00+00,2023/08/07 00:00:00+00,2011/03/15 00:00:00+00,, ,15670 NE 85th St,Redmond,98052,WA,US,47.679224,-122.12995, , ,888-758-4389, ,USCPIL134377,ChargePoint Network,0,2,0,2, ,J1772,http://www.chargepoint.com/, , ,GPS
-13592002.2912,6052519.11060001,1159,9,CITY OF REDMOND MOC #1 PUBLIC,38966,ELEC, ,24 hours daily,E,Public, , , ,2023/08/07 00:00:00+00,2023/08/07 00:00:00+00,2011/03/15 00:00:00+00,, ,18080 NE 76th St,Redmond,98052,WA,US,47.672359,-122.099034, , ,888-758-4389, ,USCPIL134289,ChargePoint Network,0,2,0,2, ,J1772,http://www.chargepoint.com/, , ,GPS
-13597346.406,6062750.3738,1160,10,WILLOWS LODGE WILLOWS #2,38976,ELEC, ,24 hours daily,T,Public, , , ,2023/08/07 00:00:00+00,2023/08/07 00:00:00+00,2011/03/15 00:00:00+00,2022/09/09 00:00:00+00, ,14580 NE 145th St,Woodinville,98072,WA,US,47.734211,-122.147041, , ,888-758-4389, ,USCPIL795821,ChargePoint Network,0,2,0,2, ,J1772,http://www.chargepoint.com/, , ,GPS
-13631531.6198,6233494.29829999,1161,11,Bellingham Nissan,39778,ELEC,CAR_DEALER,Dealership business hours,E,Public,CALL,False, ,2020/06/09 00:00:00+00,2021/03/11 00:00:00+00,2011/03/15 00:00:00+00,, ,1516 Iowa St,Bellingham,98229,WA,US,48.755607,-122.454132, , ,360-733-7300,P, ,Non-Networked,0,2,1,3, ,"CHAdeMO, J1772", ,Free, ,200-9
-13657152.2459,6034320.85189999,1162,12,Advantage Nissan,39779,ELEC,CAR_DEALER,Dealership business hours,E,Public,CALL,False, ,2020/06/09 00:00:00+00,2023/02/15 00:00:00+00,2011/03/15 00:00:00+00,, ,5101 Auto Center Blvd,Bremerton,98312,WA,US,47.562162,-122.684286, , ,360-373-6300,P, ,Non-Networked,0,1,0,1, ,J1772, ,Free, ,200-9
-13618075.8763,6017231.114,1163,13,Burien Nissan,39780,ELEC,CAR_DEALER,Dealership business hours,E,Public,CALL,False, ,2022/02/10 00:00:00+00,2022/02/10 00:00:00+00,2011/03/15 00:00:00+00,, ,16042 1st Ave S,Burien,98148,WA,US,47.458466,-122.333257, , ,206-242-7070,P, ,Non-Networked,0,2,1,3, ,"CHAdeMO, J1772", ,Free, ,200-9
-13619365.0673,6070039.02549999,1164,14,Campbell-Nelson Nissan,39782,ELEC,CAR_DEALER,Dealership business hours,E,Public,CALL,False, ,2020/07/13 00:00:00+00,2023/02/15 00:00:00+00,2011/03/15 00:00:00+00,, ,24325 Highway 99,Edmonds,98026,WA,US,47.778229,-122.344838, , , ,P, ,Non-Networked,0,2,0,2, ,J1772, ,Free, ,GPS
-13684532.4991,5947146.4727,1165,15,Olympia Nissan,39786,ELEC,CAR_DEALER,Dealership business hours,E,Public,CALL,False, ,2022/03/07 00:00:00+00,2023/02/14 00:00:00+00,2011/03/15 00:00:00+00,, ,2220 Carriage Dr SW,Olympia,98502,WA,US,47.031067,-122.930247, , ,360-352-8558,P, ,Non-Networked,0,1,1,2, ,"CHAdeMO, J1772, CCS", ,Free, ,200-9
-13261379.3961,5818347.06899999,1166,16,Bill Robertson Nissan,39787,ELEC,CAR_DEALER,Dealership business hours,E,Public,CALL,False, ,2020/06/09 00:00:00+00,2023/02/15 00:00:00+00,2011/03/15 00:00:00+00,, ,928 N 28th Ave,Pasco,99301,WA,US,46.236607,-119.128998, , ,509-545-3000,P, ,Non-Networked,0,1,0,1, ,J1772, ,Free, ,200-9
-13730399.0236,6123984.66520001,1167,17,Dan Wilder Nissan,39788,ELEC,CAR_DEALER,Dealership business hours,E,Public,CALL,False, ,2022/02/10 00:00:00+00,2022/02/10 00:00:00+00,2011/03/15 00:00:00+00,, ,53 Jetta Way,Port Angeles,98362,WA,US,48.102863,-123.342273, , ,360-452-9268,P, ,Non-Networked,0,2,1,3, ,"CHAdeMO, J1772", ,Free, ,200-9
-13613816.7926,5975987.5734,1168,18,Bill Korum's Puyallup Nissan,39789,ELEC,CAR_DEALER,Dealership business hours,E,Public,CALL,False, ,2022/02/10 00:00:00+00,2022/02/10 00:00:00+00,2011/03/15 00:00:00+00,, ,101 Valley Ave NW,Puyallup,98371,WA,US,47.207367,-122.294997, , ,253-848-4507,P, ,Non-Networked,0,1,1,2, ,"CHAdeMO, J1772, CCS", ,Free, ,200-9
-13605334.5814,6015566.39909999,1169,19,Younker Nissan,39791,ELEC,CAR_DEALER,Dealership business hours,E,Public, ,False, ,2022/03/07 00:00:00+00,2023/02/14 00:00:00+00,2011/03/15 00:00:00+00,, ,3401 E Valley Rd,Renton,98058,WA,US,47.448354,-122.2188, , , ,P, ,Non-Networked,0,1,1,2, ,"CHAdeMO, J1772, CCS", ,Free, ,GPS
-13070014.4009,6063546.53019999,1170,20,Wendle Nissan,39795,ELEC,CAR_DEALER,Dealership business hours,E,Public,CALL,False, ,2020/06/09 00:00:00+00,2021/03/11 00:00:00+00,2011/03/15 00:00:00+00,, ,9000 N Division St,Spokane,99218,WA,US,47.739021,-117.409937, , ,509-468-9000,P, ,Non-Networked,0,1,0,1, ,J1772, ,Free, ,200-9
-13059169.7674,6050024.00890001,1171,21,Dave Smith Nissan - Spokane,39796,ELEC,CAR_DEALER,Dealership business hours,E,Public,CALL,False, ,2022/02/10 00:00:00+00,2022/02/10 00:00:00+00,2011/03/15 00:00:00+00,, ,6901 E Sprague Ave,Spokane Valley,99212,WA,US,47.657264,-117.312518, , ,509-924-6242,P, ,Non-Networked,0,2,1,3, ,"CHAdeMO, J1772", ,Free, ,200-9
-13635052.4326,5978021.83659999,1172,22,Tacoma Nissan,39797,ELEC,CAR_DEALER,Dealership business hours,E,Public,CALL,False, ,2022/02/10 00:00:00+00,2022/02/10 00:00:00+00,2011/03/15 00:00:00+00,, ,4030 S Tacoma Way,Tacoma,98409,WA,US,47.21978,-122.48576, , ,253-473-6200,P, ,Non-Networked,0,1,1,2, ,"CHAdeMO, J1772, CCS", ,Free, ,200-9
-13647541.8116,5724134.2629,1173,23,Alan Webb Nissan,39798,ELEC,CAR_DEALER,Dealership business hours,E,Public,CALL,False, ,2022/02/10 00:00:00+00,2022/02/10 00:00:00+00,2011/03/15 00:00:00+00,, ,3608 NE Auto Mall Dr,Vancouver,98662,WA,US,45.648094,-122.597954, , ,360-892-9004,P, ,Non-Networked,0,1,1,2, ,"CHAdeMO, J1772, CCS", ,Free, ,200-9
-13175040.8896,5787958.6247,1174,24,O'Brien Nissan,39799,ELEC,CAR_DEALER,Dealership business hours,E,Public,CALL,False, ,2020/06/09 00:00:00+00,2021/03/11 00:00:00+00,2011/03/15 00:00:00+00,, ,1395 Dalles Military Rd,Walla Walla,99362,WA,US,46.047464,-118.353406, , ,509-529-7000,P, ,Non-Networked,0,1,0,1, ,J1772, ,Free, ,200-9
-13602903.3637,6043224.2014,1175,25,KEY CENTER KEY CENTER 6,40383,ELEC, ,24 hours daily,E,Public, , , ,2023/08/07 00:00:00+00,2023/08/07 00:00:00+00,2011/05/15 00:00:00+00,, ,601 108th Ave NE,Bellevue,98004,WA,US,47.616104,-122.19696, , ,888-758-4389, ,USCPIL2075181,ChargePoint Network,0,2,0,2, ,J1772,http://www.chargepoint.com/, , ,GPS
-13602577.9768,6042932.9007,1176,26,KRC SKYLINE SKYLINE #1,40384,ELEC, ,24 hours daily,E,Public, , , ,2023/08/07 00:00:00+00,2023/08/07 00:00:00+00,2011/05/15 00:00:00+00,, ,10900 NE 4th St,Bellevue,98004,WA,US,47.61434,-122.194037, , ,888-758-4389, ,USCPIL1846191,ChargePoint Network,0,2,0,2, ,J1772,http://www.chargepoint.com/, , ,GPS
-13618036.9145,6041244.57419999,1177,27,Caplan's Rainbow Parking,41579,ELEC,PARKING_GARAGE,"Garage business hours; see the valet for access",T,Public, ,False, ,2022/01/10 00:00:00+00,2022/02/10 00:00:00+00,2011/10/01 00:00:00+00,2022/12/31 00:00:00+00, ,214 Columbia St,Seattle,98104,WA,US,47.604115,-122.332907, , ,206-682-2991,P, ,Non-Networked,0,2,0,2, ,J1772, ,Free, ,200-8
-13611388.4692,6013207.3392,1178,28,CITY OF SEATAC CITY HALL 1,41776,ELEC, ,24 hours daily,E,Public, , , ,2023/08/07 00:00:00+00,2023/08/07 00:00:00+00,2011/12/31 00:00:00+00,, ,4800 S 188th St,SeaTac,98188,WA,US,47.434021,-122.273183, , ,888-758-4389, ,USCPIL204445,ChargePoint Network,0,2,0,2, ,J1772,http://www.chargepoint.com/, , ,GPS
-13597150.9290001,6035427.7005,1179,29,BELLEVUE SBCC #2,42228,ELEC, ,24 hours daily,E,Public, , , ,2023/08/07 00:00:00+00,2023/08/07 00:00:00+00,2011/11/15 00:00:00+00,, ,14509 SE Newport Way,Bellevue,98006,WA,US,47.568871,-122.145285, , ,888-758-4389, ,USCPIL2109291,ChargePoint Network,0,2,0,2, ,J1772,http://www.chargepoint.com/, , ,GPS
-13585089.7961,6040838.7646,1180,30,SAMMAMISH GARAGE 1,42240,ELEC, ,24 hours daily,E,Public, , , ,2023/08/07 00:00:00+00,2023/08/07 00:00:00+00,2011/11/15 00:00:00+00,, ,801 228th Ave SE,Sammamish,98075,WA,US,47.601657,-122.036938, , ,888-758-4389, ,USCPIL215697,ChargePoint Network,0,2,0,2, ,J1772,http://www.chargepoint.com/, , ,GPS
-13609544.5731999,6011594.8974,1181,31,IBEW LOCAL 46 IBEW LOCAL 46 1,43299,ELEC, ,24 hours daily,E,Public, , , ,2023/08/07 00:00:00+00,2023/08/07 00:00:00+00,2012/01/15 00:00:00+00,, ,19802 62nd Ave S,Kent,98032,WA,US,47.424222,-122.256619, , ,888-758-4389, ,USCPIL286761,ChargePoint Network,0,2,0,2, ,J1772,http://www.chargepoint.com/, , ,GPS
-13604627.1459999,6014727.0841,1182,32,VALLEY MED CTR MAIN LOT #5,43303,ELEC, ,24 hours daily,E,Public, , , ,2023/08/06 00:00:00+00,2023/08/06 00:00:00+00,2012/01/15 00:00:00+00,, ,400 S 43rd St,Renton,98055,WA,US,47.443255,-122.212445, , ,888-758-4389, ,USCPIL96239,ChargePoint Network,0,2,0,2, ,J1772,http://www.chargepoint.com/, , ,GPS
-13604854.9057,6014949.45599999,1183,33,VALLEY MED CTR N GARAGE #1,43305,ELEC, ,24 hours daily,E,Public, , , ,2023/08/07 00:00:00+00,2023/08/07 00:00:00+00,2012/01/15 00:00:00+00,, ,4033 Talbot Rd S,Renton,98055,WA,US,47.444606,-122.214491, , ,888-758-4389, ,USCPIL376691,ChargePoint Network,0,2,0,2, ,J1772,http://www.chargepoint.com/, , ,GPS
-13603795.7006999,6019877.50390001,1184,34,City of Renton - City Hall,43796,ELEC,MUNI_GOV,24 hours daily,E,Public, ,False, ,2022/01/10 00:00:00+00,2023/07/12 00:00:00+00,2017/01/12 00:00:00+00,, ,1055 S Grady Way,Renton,98057,WA,US,47.474537,-122.204976, , ,425-430-6600,LG, ,Non-Networked,0,2,0,2, ,J1772, ,Free, ,200-9
-13629672.2503,5983601.0099,1185,35,TAC PW PARKING A ST GARAGE 01,43804,ELEC, ,24 hours daily,E,Public, , , ,2023/08/07 00:00:00+00,2023/08/07 00:00:00+00,2012/01/31 00:00:00+00,, ,110 S 10th St,Tacoma,98402,WA,US,47.253809,-122.437429, , ,888-758-4389, ,USCPIL342971,ChargePoint Network,0,2,0,2, ,J1772,http://www.chargepoint.com/, , ,GPS
-13629288.3094,5982309.55749999,1186,36,TAC PW PARKING GLASS MUSEUM 01,43806,ELEC, ,24 hours daily,E,Public, , , ,2023/08/07 00:00:00+00,2023/08/07 00:00:00+00,2012/01/31 00:00:00+00,, ,1801 Dock St,Tacoma,98402,WA,US,47.245934,-122.43398, , ,888-758-4389, ,USCPIL342931,ChargePoint Network,0,2,0,2, ,J1772,http://www.chargepoint.com/, , ,GPS
-13618009.8639,6041668.72999999,1187,37,City of Seattle - Central Library,44153,ELEC,LIBRARY,24 hours daily,E,Public, ,False, ,2023/01/10 00:00:00+00,2023/02/14 00:00:00+00,2011/12/01 00:00:00+00,, ,1000 4th Ave,Seattle,98104,WA,US,47.606684,-122.332664, , ,206-386-4636,LG, ,Non-Networked,0,3,0,3, ,J1772, ,$2 per session, ,200-9
-13619619.5437001,6044211.9556,1188,38,City of Seattle - Seattle Center,44159,ELEC,MUNI_GOV,24 hours daily,E,Public,CREDIT_CARD_ALWAYS,False,"American Express, Discover, MasterCard, Visa",2023/01/10 00:00:00+00,2023/02/14 00:00:00+00,2011/12/01 00:00:00+00,, ,516 Harrison St,Seattle,98109,WA,US,47.622085,-122.347124,Located in the 5th Ave Garage, ,206-684-7340,LG, ,Non-Networked,0,6,0,6, ,J1772, ,"Free; parking fee", ,200-8
-13414075.1171,5875446.38560001,1189,39,Valley Nissan,44509,ELEC,CAR_DEALER,Dealership business hours,E,Public,CALL,False, ,2020/06/09 00:00:00+00,2023/02/15 00:00:00+00,2011/11/30 00:00:00+00,, ,1010 S 1st St,Yakima,98901,WA,US,46.590246,-120.500687, , ,509-453-3125,P, ,Non-Networked,0,1,0,1, ,J1772, ,Free, ,200-9
-13579580.7059,6085074.43599999,1190,40,Snohomish County - Evergreen Fairgrounds,45209,ELEC,MUNI_GOV,8am-5pm M-F,E,Public, ,False, ,2021/11/04 00:00:00+00,2023/07/13 00:00:00+00,2012/01/20 00:00:00+00,, ,14405 179th Ave SE,Monroe,98272,WA,US,47.868914,-121.987449, , ,425-388-6619,LG, ,Non-Networked,0,2,0,2, ,J1772, , , ,200-9
-13498764.7593,6219635.9411,1191,41,Seattle City Light - Newhalem Parking Lot,45654,ELEC,UTILITY,24 hours daily,E,Public, ,False, ,2023/01/10 00:00:00+00,2023/02/14 00:00:00+00,2012/01/01 00:00:00+00,, ,500 Newhalem St,Rockport,98283,WA,US,48.673466,-121.261467, , , ,LG, ,Non-Networked,0,4,0,4, ,J1772, , , ,200-8
-13637082.9001,5721280.4852,1192,42,PeaceHealth,47885,ELEC,OFFICE_BLDG,"Employee and guest use only; non-employee use after hours",E,Public, ,True, ,2021/12/09 00:00:00+00,2023/06/28 00:00:00+00,2012/05/31 00:00:00+00,, ,1115 SE 164th Ave,Vancouver,98684,WA,US,45.63017,-122.504, , , ,P, ,Non-Networked,0,2,0,2, ,J1772, , , ,GPS
-13617825.6301,6040344.48840001,1193,43,KING COUNTY DES KSC STATION #1,49230,ELEC, ,24 hours daily,E,Public, , , ,2023/08/07 00:00:00+00,2023/08/07 00:00:00+00,2012/07/31 00:00:00+00,, ,201 S Jackson St,Seattle,98104,WA,US,47.598663,-122.331009, , ,888-758-4389, ,USCPIL160467,ChargePoint Network,0,1,0,1, ,J1772,http://www.chargepoint.com/, , ,GPS
-13617211.7030999,6179961.9163,1194,44,SKAGIT COUNTY ADMIN STATION 2,50210,ELEC, ,24 hours daily,E,Public, , , ,2023/08/06 00:00:00+00,2023/08/06 00:00:00+00,2012/11/20 00:00:00+00,, ,1800 Continental Pl,Mount Vernon,98273,WA,US,48.437569,-122.325494, , ,888-758-4389, ,USCPIL95457,ChargePoint Network,0,1,0,1, ,J1772,http://www.chargepoint.com/, , ,GPS
-13704932.1298,6121067.46400001,1195,45,Nikola Broadband,51905,ELEC,OFFICE_BLDG,24 hours daily,E,Public, ,False, ,2023/06/12 00:00:00+00,2023/06/12 00:00:00+00,2013/05/15 00:00:00+00,, ,615 N 5th Ave,Sequim,98382,WA,US,48.08536,-123.1135, , ,360-582-1051,P, ,Non-Networked,0,1,0,1, ,J1772, ,Free, ,200-8
-13403589.6003,6206331.5068,1196,46,Mazama Country Inn,53702,ELEC,HOTEL,"24 hours daily; for guest use only; Drivers must bring their own J1772 cordset for Level 1 charging",E,Public,CALL,True, ,2021/12/09 00:00:00+00,2022/02/10 00:00:00+00,2013/11/01 00:00:00+00,, ,15 Country Rd,Mazama,98833,WA,US,48.594482,-120.406494, , ,800-843-7951,P, ,Non-Networked,2,1,0,1, ,"J1772, NEMA 14-50", ,Free, ,200-9
-13618760.2686,6042857.435,1197,47,VIA6 VIA6-SOUTH,55995,ELEC, ,24 hours daily,E,Public, , , ,2023/08/07 00:00:00+00,2023/08/07 00:00:00+00,2014/01/20 00:00:00+00,, ,2121 6th Ave,Seattle,98121,WA,US,47.613883,-122.339405, , ,888-758-4389, ,USCPIL1693751,ChargePoint Network,0,2,0,2, ,J1772,http://www.chargepoint.com/, , ,GPS
-13617782.9947,6041489.5881,1198,48,800 FIFTH AVE STATION 2,56870,ELEC, ,24 hours daily,T,Public, , , ,2023/08/06 00:00:00+00,2023/08/06 00:00:00+00,2011/03/15 00:00:00+00,2022/09/09 00:00:00+00, ,800  5th Ave,Seattle,98104,WA,US,47.605599,-122.330626, , ,888-758-4389, ,USCPIL96235,ChargePoint Network,0,2,0,2, ,J1772,http://www.chargepoint.com/, , ,GPS
-13360554.1531,6080261.1085,1199,49,Campbell's Lake Chelan Resort,60002,ELEC,HOTEL,"24 hours daily; Drivers must bring their own J1772 cordset for Level 1 charging",E,Public, ,False, ,2021/12/09 00:00:00+00,2022/02/10 00:00:00+00,2013/10/04 00:00:00+00,, ,104 W Woodin Ave,Chelan,98816,WA,US,47.8399,-120.0199, , ,800-553-8225,P, ,Non-Networked,10,0,0,0, ,NEMA 5-20, ,Free, ,200-9
-13360554.1531,6080261.1085,1200,50,Campbell's Lake Chelan Resort,60003,ELEC,HOTEL,"24 hours daily; for guest use only",E,Public, ,True, ,2021/12/09 00:00:00+00,2022/02/10 00:00:00+00,2013/10/04 00:00:00+00,, ,104 W Woodin Ave,Chelan,98816,WA,US,47.8399,-120.0199, , ,800-553-8225,P, ,Non-Networked,0,1,0,1, ,J1772, ,Free, ,200-9
-13378465.0139,6186503.96850001,1201,51,Pine Near RV Park,60004,ELEC,RV_PARK,"24 hours daily; donations accepted",E,Public, ,False, ,2021/12/09 00:00:00+00,2022/02/10 00:00:00+00,2013/09/23 00:00:00+00,, ,316 Castle Ave,Winthrop,98862,WA,US,48.476543,-120.180796, , ,509-341-4062,P, ,Non-Networked,0,1,0,1, ,J1772, ,Free, ,200-8
-13303121.9787,6177253.33789999,1202,52,Omak Inn,60005,ELEC,INN,24 hours daily,E,Public, ,False, ,2021/12/09 00:00:00+00,2022/02/10 00:00:00+00,2013/10/04 00:00:00+00,, ,912 Koala Dr,Omak,98841,WA,US,48.421424,-119.503978, , ,"800-204-4800, 509-826-3822",P, ,Non-Networked,0,1,0,1, ,J1772, ,Free, ,GPS
-13440984.2663,6066760.53840001,1203,53,59er Diner,60006,ELEC,RESTAURANT,24 hours daily,E,Public, ,False, ,2021/12/09 00:00:00+00,2022/02/10 00:00:00+00,2014/01/15 00:00:00+00,, ,15361 US 2,Leavenworth,98826,WA,US,47.758434,-120.742416, , ,509-763-2267,P, ,Non-Networked,0,1,0,1, ,J1772, ,Free, ,200-9
-13347374.5933,6115481.003,1204,54,Howard's Lakeshore Inn,60007,ELEC,HOTEL,24 hours daily,E,Public, ,False, ,2023/01/10 00:00:00+00,2023/02/14 00:00:00+00,2013/12/28 00:00:00+00,, ,233 Lakeshore Dr,Pateros,98846,WA,US,48.051825,-119.901506, , ,877-923-9555,P, ,Non-Networked,0,1,0,1, ,J1772, ,Free, ,GPS
-13654762.2164,5740068.60569999,1205,55,Birkenstock,60229,ELEC,PARKING_LOT,"Store business hours; free with purchase",E,Public,CALL,False, ,2021/01/14 00:00:00+00,2023/07/14 00:00:00+00,2014/01/01 00:00:00+00,, ,17506 NE Delfel Ct,Ridgefield,98642,WA,US,45.748069,-122.662816,Exit I-5 at 179th St, ,360-574-4332,P, ,Non-Networked,0,1,0,1, ,J1772, ,Free, ,GPS
-13602403.4279,6043998.57389999,1206,56,PARKMETRO1 PARK METRO #1,60241,ELEC, ,24 hours daily,E,Public, , , ,2023/08/06 00:00:00+00,2023/08/06 00:00:00+00,2014/02/07 00:00:00+00,, ,11101 NE 12th St,Bellevue,98004,WA,US,47.620793,-122.192469, , ,888-758-4389, ,USCPIL96533,ChargePoint Network,0,2,0,2, ,J1772,http://www.chargepoint.com/, , ,GPS
-13604637.4987,6014705.3575,1207,57,VALLEY MED CTR MAIN LOT #8,60331,ELEC, ,24 hours daily,E,Public, , , ,2023/08/06 00:00:00+00,2023/08/06 00:00:00+00,2014/02/13 00:00:00+00,, ,4109-4251 Talbot Rd S,Renton,98055,WA,US,47.443123,-122.212538, , ,888-758-4389, ,USCPIL94339,ChargePoint Network,0,2,0,2, ,J1772,http://www.chargepoint.com/, , ,GPS
-13656155.8251,6033601.4515,1208,58,Haselwood Chevrolet Buick GMC,60718,ELEC,CAR_DEALER,"Dealership business hours; for Chevrolet vehicles only",E,Public, ,True, ,2021/12/09 00:00:00+00,2023/07/12 00:00:00+00,2014/01/01 00:00:00+00,, ,501 W Hills Blvd,Bremerton,98312,WA,US,47.557801,-122.675335, , ,360-479-4910,P, ,Non-Networked,0,2,0,2, ,J1772, ,Free, ,200-9
-13614568.9784,5788562.347,1209,59,Lakeside 24 Hour Fuel,60814,ELEC,GAS_STATION,"6am-9pm daily (summer); 6am-6pm daily (winter)",E,Public, ,False, ,2023/06/12 00:00:00+00,2023/06/12 00:00:00+00,2014/03/06 00:00:00+00,, ,16835 Lewis River Rd,Cougar,98616,WA,US,46.051228,-122.301754, , ,360-238-5202,P, ,Non-Networked,0,1,0,1, ,J1772, ,$12 per session, ,200-9
-13650587.0676,6034554.7812,1210,60,Kitsap Transit Harborside Garage,61877,ELEC, , ,E,Public, , , ,2023/08/07 00:00:00+00,2023/08/07 00:00:00+00,2013/12/31 00:00:00+00,, ,60 Washington Ave,Bremerton,98337,WA,US,47.56358,-122.62531, , ,855-885-9571, ,92,OpConnect,0,4,0,4, ,J1772,http://www.opconnect.com/, , ,GPS
-13667058.0107001,6273122.53199999,1211,61,Semiahmoo Resort,62286,ELEC,HOTEL,"24 hours daily; for guest use only",E,Public, ,True, ,2023/06/12 00:00:00+00,2023/06/12 00:00:00+00,2014/04/01 00:00:00+00,, ,9565 Semiahmoo Pkwy,Blaine,98230,WA,US,48.989751,-122.773271,Located by the tennis courts, ,360-318-2000,P, ,Non-Networked,0,1,0,1, ,J1772, , , ,GPS
-13392581.6611,6011784.60989999,1212,62,Pybus Public Market,62516,ELEC,GROCERY,24 hours daily,E,Public, ,False, ,2021/12/09 00:00:00+00,2022/02/10 00:00:00+00,2014/07/07 00:00:00+00,, ,7 N Worthen St,Wenatchee,98801,WA,US,47.425375,-120.307608, , ,509-888-3900,P, ,Non-Networked,0,2,0,2, ,J1772, ,Free, ,200-9
-13602929.4124,6043829.9533,1213,63,UDR ASHTON BELL #2,62654,ELEC, ,24 hours daily,E,Public, , , ,2023/08/06 00:00:00+00,2023/08/06 00:00:00+00,2014/07/30 00:00:00+00,, ,10710 NE 10th St,Bellevue,98004,WA,US,47.619772,-122.197194, , ,888-758-4389, ,USCPIL103817,ChargePoint Network,0,2,0,2, ,J1772,http://www.chargepoint.com/, , ,GPS
-13634871.0932,6238201.68080001,1214,64,Best Western Plus - Heritage Inn,62692,ELEC,HOTEL,"24 hours daily; for guest use only",E,Public, ,True, ,2023/01/10 00:00:00+00,2023/02/14 00:00:00+00,2014/03/21 00:00:00+00,, ,151 E McLeod Rd,Bellingham,98226,WA,US,48.783478,-122.484131,Located at Telegraph Road and East McLeod Road, ,360-647-1912,P, ,Non-Networked,0,1,0,1, ,J1772, ,Free, ,GPS
-13602799.8366,6043841.1836,1215,65,UDR TEN20 #1,62728,ELEC, ,24 hours daily,E,Public, , , ,2023/08/06 00:00:00+00,2023/08/06 00:00:00+00,2014/07/31 00:00:00+00,, ,1020 108th Ave NE,Bellevue,98004,WA,US,47.61984,-122.19603, , ,888-758-4389, ,USCPIL102943,ChargePoint Network,0,2,0,2, ,J1772,http://www.chargepoint.com/, , ,GPS
-13617873.8314,6044384.54749999,1216,66,AMLI SLU AMLI SLU #1,62796,ELEC, ,24 hours daily,T,Public, , , ,2023/08/06 00:00:00+00,2023/08/06 00:00:00+00,2014/08/06 00:00:00+00,2023/04/26 00:00:00+00, ,1250-1282 Republican St,Seattle,98109,WA,US,47.62313,-122.331442, , ,888-758-4389, ,USCPIL99071,ChargePoint Network,0,2,0,2, ,J1772,http://www.chargepoint.com/, , ,GPS
-13360387.3965,6080416.67749999,1217,67,City of Chelan,62973,ELEC,MUNI_GOV,24 hours daily,E,Public, ,False, ,2021/12/09 00:00:00+00,2022/02/10 00:00:00+00,2014/08/18 00:00:00+00,, ,137 E Johnson Ave,Chelan,98816,WA,US,47.840838,-120.018402,Located behind City Hall, ,509-682-8019,LG, ,Non-Networked,0,2,0,2, ,J1772, ,Free, ,200-8
-13685639.5715,5803121.5617,1218,68,LCC LCC H&S #1,63088,ELEC, ,24 hours daily,E,Public, , , ,2023/08/06 00:00:00+00,2023/08/06 00:00:00+00,2014/08/27 00:00:00+00,, ,1810 Maple Street,Longview,98632,WA,US,46.141922,-122.940192, , ,888-758-4389, ,USCPIL98101,ChargePoint Network,0,2,0,2, ,J1772,http://www.chargepoint.com/, , ,GPS
-13602272.6275001,6046885.2883,1219,69,UWMC UWMC #1,63110,ELEC, ,24 hours daily,E,Public, , , ,2023/08/06 00:00:00+00,2023/08/06 00:00:00+00,2014/08/28 00:00:00+00,, ,3100 Northup Way,Bellevue,98004,WA,US,47.638269,-122.191294, , ,888-758-4389, ,USCPIL100233,ChargePoint Network,0,2,0,2, ,J1772,http://www.chargepoint.com/, , ,GPS
-13616433.1346,6050304.47559999,1220,70,UWMC 4245 UWMC 4245 #1,63313,ELEC, ,24 hours daily,E,Public, , , ,2023/08/06 00:00:00+00,2023/08/06 00:00:00+00,2014/09/17 00:00:00+00,, ,4245 Roosevelt Ave NE,Seattle,98105,WA,US,47.658961,-122.3185, , ,888-758-4389, ,USCPIL107653,ChargePoint Network,0,2,0,2, ,J1772,http://www.chargepoint.com/, , ,GPS
-13616421.1121,6050213.2444,1221,71,UWMC 4225 UWMC 4225 #1,63338,ELEC, ,24 hours daily,E,Public, , , ,2023/08/06 00:00:00+00,2023/08/06 00:00:00+00,2014/09/19 00:00:00+00,, ,4225 Roosevelt Way NE,Seattle,98105,WA,US,47.658409,-122.318392, , ,888-758-4389, ,USCPIL107329,ChargePoint Network,0,2,0,2, ,J1772,http://www.chargepoint.com/, , ,GPS
-13389404.9368,6007739.18810001,1222,72,Town Nissan,63444,ELEC,CAR_DEALER,Dealership business hours,E,Public,CALL,False, ,2022/02/10 00:00:00+00,2022/02/10 00:00:00+00,2010/12/17 00:00:00+00,, ,555 3rd St SE,East Wenatchee,98802,WA,US,47.400783,-120.279071, , ,509-662-5125,P, ,Non-Networked,0,1,1,2, ,"CHAdeMO, J1772", ,Free, ,200-9
-13600954.716,6059746.00120001,1223,73,MAIN HOSPITAL SILVER PARKING,63780,ELEC, ,24 hours daily,E,Public, , , ,2023/08/06 00:00:00+00,2023/08/06 00:00:00+00,2014/10/17 00:00:00+00,, ,11300-11398 128th Ave NE,Kirkland,98034,WA,US,47.716056,-122.179455, , ,888-758-4389, ,USCPIL104731,ChargePoint Network,0,2,0,2, ,J1772,http://www.chargepoint.com/, , ,GPS
-13600948.4821,6059477.8016,1224,74,MAIN HOSPITAL DEYOUNG1,63781,ELEC, ,24 hours daily,E,Public, , , ,2023/08/06 00:00:00+00,2023/08/06 00:00:00+00,2014/10/17 00:00:00+00,, ,12039 NE 128th St,Kirkland,98034,WA,US,47.714435,-122.179399, , ,888-758-4389, ,USCPIL104735,ChargePoint Network,0,2,0,2, ,J1772,http://www.chargepoint.com/, , ,GPS
-13600666.8438001,6059537.03320001,1225,75,MAIN HOSPITAL BLUE PARKING,63782,ELEC, ,24 hours daily,E,Public, , , ,2023/08/06 00:00:00+00,2023/08/06 00:00:00+00,2014/10/17 00:00:00+00,, ,12040 NE 128th St,Kirkland,98034,WA,US,47.714793,-122.176869, , ,888-758-4389, ,USCPIL104737,ChargePoint Network,0,2,0,2, ,J1772,http://www.chargepoint.com/, , ,GPS
-13265094.0162,5814586.0513,1226,76,Leskovar Mitsubishi,64135,ELEC,CAR_DEALER,"Dealership business hours; for customer use only",E,Public,CALL,True, ,2023/06/12 00:00:00+00,2023/06/12 00:00:00+00,2014/03/01 00:00:00+00,, ,3020 W Clearwater Ave,Kennewick,99336,WA,US,46.213233,-119.162367,Located by the sales and service departments, ,509-783-6141,P, ,Non-Networked,0,3,0,3, ,J1772, ,Free, ,200-9
-13617042.8314,6039581.6682,1227,77,BMW SEATTLE BMW SALES,64185,ELEC, ,24 hours daily,E,Public, , , ,2023/08/06 00:00:00+00,2023/08/06 00:00:00+00,2014/11/14 00:00:00+00,, ,1002 Airport Way S,Seattle,98065,WA,US,47.594042,-122.323977, , ,888-758-4389, ,USCPIL95397,ChargePoint Network,0,2,0,2, ,J1772,http://www.chargepoint.com/, , ,GPS
-13612923.3424,6088644.4482,1228,78,HARBOUR POINT HBP STATION A,64475,ELEC, ,24 hours daily,T,Public, , , ,2023/08/07 00:00:00+00,2023/08/07 00:00:00+00,2014/12/03 00:00:00+00,2023/04/09 00:00:00+00, ,11700 Mukilteo Speedway,Mukilteo,98275,WA,US,47.890423,-122.286971, , ,888-758-4389, ,USCPIL113039,ChargePoint Network,0,2,0,2, ,J1772,http://www.chargepoint.com/, , ,GPS
-13366018.091,6079485.4321,1229,79,Mellisoni Vineyard,64500,ELEC,BREWERY_DISTILLERY_WINERY,"24 hours daily; Drivers must bring their own J1772 cordset for Level 1 charging",E,Public, ,False, ,2021/12/09 00:00:00+00,2022/02/10 00:00:00+00,2014/11/29 00:00:00+00,, ,3155 US 97A,Chelan,98816,WA,US,47.8352228229098,-120.06898339, , ,509-293-1891,P, ,Non-Networked,2,1,0,1, ,"J1772, NEMA 14-50", ,Free, ,GPS
-13563365.6862,6027222.0123,1230,80,Snoqualmie Casino,65414,ELEC,OTHER_ENTERTAINMENT,"24 hours daily; guest use only",E,Public, ,False, ,2023/06/12 00:00:00+00,2023/06/12 00:00:00+00,2015/01/01 00:00:00+00,, ,37500 SE N Bend,Issaquah,98065,WA,US,47.519113,-121.841787,Located in the parking garage on each level of the garage, ,425-888-1234,P, ,Non-Networked,0,8,0,8, ,J1772, ,Free, ,200-9
-13393117.3305,6012126.037,1231,81,Wenatchee - Wenatchee Convention Center,65859,ELEC, ,24 hours daily,E,Public, , , ,2023/05/30 00:00:00+00,2023/06/08 00:00:00+00,2012/06/30 00:00:00+00,, ,200 N Columbia St,Wenatchee,98801,WA,US,47.42745,-120.31242, , ,888-833-2148, , ,EVCS,0,1,1,2, ,"CHAdeMO, J1772",https://evcs.com,"Level 2: $4 per session or $19.99 for monthly plan, DC Fast: $7.50 per session or $19.99 for monthly plan", ,200-8
-13689427.5511,5897345.8695,1232,82,Centralia - Wendy's,65861,ELEC, ,24 hours daily,E,Public, , , ,2023/05/30 00:00:00+00,2023/06/08 00:00:00+00,2012/05/31 00:00:00+00,, ,817 Harrison Avenue,Centralia,98531,WA,US,46.72527,-122.97422, , ,888-833-2148, , ,EVCS,0,1,1,2, ,"CHAdeMO, J1772",https://evcs.com,"Level 2: $4 per session or $19.99 for monthly plan, DC Fast: $7.50 per session or $19.99 for monthly plan", ,200-8
-13633428.2813,6229365.68760001,1233,83,Bellingham - Sehome Village,65862,ELEC, ,24 hours daily,E,Public, , , ,2023/05/30 00:00:00+00,2023/06/08 00:00:00+00,2012/05/31 00:00:00+00,, ,222 36th St,Bellingham,98325,WA,US,48.73115,-122.47117, , ,888-833-2148, , ,EVCS,0,1,1,2, ,"CHAdeMO, J1772",https://evcs.com,"DC Fast: $7.50 per session or $19.99 for monthly plan, Level 2: $4 per session or $19.99 for monthly plan", ,200-8
-13682291.9717,5824724.69990001,1234,84,Castle Rock - Cascade Select Market,65864,ELEC, ,24 hours daily,E,Public, , , ,2023/05/30 00:00:00+00,2023/06/08 00:00:00+00,2012/08/09 00:00:00+00,, ,204 W. Cowlitz Street,Castle Rock,98611,WA,US,46.27622,-122.91012, , ,888-833-2148, , ,EVCS,0,1,1,2, ,"CHAdeMO, J1772",https://evcs.com,"Level 2: $4 per session or $19.99 for monthly plan, DC Fast: $7.50 per session or $19.99 for monthly plan", ,200-8
-13618775.2967,6183097.0231,1235,85,Burlington - The Outlet Shoppes,65865,ELEC, ,24 hours daily,E,Public, , , ,2023/05/30 00:00:00+00,2023/06/08 00:00:00+00,2012/05/31 00:00:00+00,, ,448 Fashion Way,Burlington,98233,WA,US,48.45625,-122.33954, , ,888-833-2148, , ,EVCS,0,1,1,2, ,"CHAdeMO, J1772",https://evcs.com,"DC Fast: $7.50 per session or $19.99 for monthly plan, Level 2: $4 per session or $19.99 for monthly plan", ,200-8
-13657074.7675,5751149.94710001,1236,86,Ridgefield - Country Café,65866,ELEC, ,24 hours daily,E,Public, , , ,2023/05/30 00:00:00+00,2023/06/08 00:00:00+00,2012/05/31 00:00:00+00,, ,6370 N. 1st Circle,Ridgefield,98642,WA,US,45.81749,-122.68359, , ,888-833-2148, , ,EVCS,0,1,1,2, ,"CHAdeMO, J1772",https://evcs.com,"DC Fast: $7.50 per session or $19.99 for monthly plan, Level 2: $4 per session or $19.99 for monthly plan", ,200-8
-13652836.8345,6262404.25429999,1237,87,I-5 Custer SB Rest Area,65868,ELEC, ,24 hours daily,E,Public, , , ,2023/05/30 00:00:00+00,2023/06/08 00:00:00+00,2012/05/31 00:00:00+00,, ,3063 Creasy Rd,Custer,98240,WA,US,48.92653,-122.64552, , ,888-833-2148, , ,EVCS,0,2,0,2, ,J1772,https://evcs.com,Level 2: $4 per session or $19.99 for monthly plan, ,200-8
-13509814.6659,6058975.6737,1238,88,Skykomish - Sky Deli,65869,ELEC, ,24 hours daily,E,Public, , , ,2023/05/30 00:00:00+00,2023/06/08 00:00:00+00,2012/05/31 00:00:00+00,, ,148 5th Street N,Skykomish,98288,WA,US,47.7114,-121.36073, , ,888-833-2148, , ,EVCS,0,1,1,2, ,"CHAdeMO, J1772",https://evcs.com,"DC Fast: $7.50 per session or $19.99 for monthly plan, Level 2: $4 per session or $19.99 for monthly plan", ,200-8
-13655450.6161,5744638.75939999,1239,89,I-5 Gee Creek NB Rest Area,65870,ELEC,REST_STOP,24 hours daily,E,Public,CREDIT_CARD_ALWAYS,False,"American Express, Discover, Debit, MasterCard, Visa",2023/07/11 00:00:00+00,2023/07/11 00:00:00+00,2012/05/31 00:00:00+00,, ,"Interstate 5, Milepost 11 South",Ridgefield,98642,WA,US,45.77671,-122.669, , ,866-300-3827,P, ,EVCS,0,2,0,2, ,J1772,https://evcs.com,Level 2: $4 per session or $19.99 for monthly plan, ,GPS
-13616766.6478,6058405.0867,1240,90,525 NORTHGATE RETAIL #1,66221,ELEC, ,24 hours daily,E,Public, , , ,2023/08/07 00:00:00+00,2023/08/07 00:00:00+00,2015/02/28 00:00:00+00,, ,525 NE Northgate Way,Seattle,98125,WA,US,47.707951,-122.321496, , ,888-758-4389, ,USCPIL114019,ChargePoint Network,0,2,0,2, ,J1772,http://www.chargepoint.com/, , ,GPS
-13671508.6753,6122446.35659999,1241,91,Power Trip Energy Corp,66418,ELEC,OFFICE_BLDG,24 hours daily,E,Public, ,False, ,2022/09/14 00:00:00+00,2023/02/14 00:00:00+00,2012/06/01 00:00:00+00,, ,83 Denny Ave,Port Townsend,98368,WA,US,48.093634,-122.813252, , ,360-643-3080,P, ,Non-Networked,0,2,0,2, ,J1772, ,Free,SOLAR,200-9
-13670288.391,6123908.98509999,1242,92,John L Scott Real Estate,66419,ELEC,OFFICE_BLDG,24 hours daily,E,Public,CALL,False, ,2022/09/14 00:00:00+00,2023/02/14 00:00:00+00,2015/02/01 00:00:00+00,, ,2219 W Sims Way,Port Townsend,98368,WA,US,48.102409,-122.80229,First space in parking lot against building, ,360-385-4115,P, ,Non-Networked,0,1,0,1, ,J1772, ,Free, ,200-9
-13669381.4712001,6124017.67130001,1243,93,GreenPod Development,66421,ELEC,OFFICE_BLDG,24 hours daily,E,Public, ,False, ,2022/07/12 00:00:00+00,2023/02/14 00:00:00+00,2015/02/03 00:00:00+00,, ,1531 W Sims Way,Port Townsend,98368,WA,US,48.103061,-122.794143, , ,360-358-5614,P, ,Non-Networked,0,2,0,2, ,J1772, ,Free, ,200-9
-13665641.2475999,6125677.64060001,1244,94,Windermere Real Estate,66422,ELEC,OFFICE_BLDG,8am-5pm daily,E,Public,CALL,False, ,2022/09/14 00:00:00+00,2023/02/14 00:00:00+00,2015/02/04 00:00:00+00,, ,1220 Water St,Port Townsend,98368,WA,US,48.113018,-122.760544,On the far end of the old brick gas house at rear of parking lot., ,360-385-9344,P, ,Non-Networked,0,1,0,1, ,J1772, ,Free, ,200-9
-13601827.1268,6042498.77529999,1245,95,HAMPTON INN WEST BACK,66594,ELEC, ,24 hours daily,E,Public, , , ,2023/08/07 00:00:00+00,2023/08/07 00:00:00+00,2015/04/02 00:00:00+00,, ,11505 NE 2nd Pl,Bellevue,98004,WA,US,47.611711,-122.187292, , ,888-758-4389, ,USCPIL117729,ChargePoint Network,0,2,0,2, ,J1772,http://www.chargepoint.com/, , ,GPS
-13084443.9673,6044708.6003,1246,96,SIA W GARAGE F.1 #1,66622,ELEC, ,24 hours daily,E,Public, , , ,2023/08/07 00:00:00+00,2023/08/07 00:00:00+00,2015/04/07 00:00:00+00,, ,9000 W Airport Dr,Spokane,99224,WA,US,47.625092,-117.53956, , ,888-758-4389, ,USCPIL118063,ChargePoint Network,0,2,0,2, ,J1772,http://www.chargepoint.com/, , ,GPS
-13600972.3045,6059747.6558,1247,97,MAIN HOSPITAL SILVER #2,66645,ELEC, ,24 hours daily,E,Public, , , ,2023/08/07 00:00:00+00,2023/08/07 00:00:00+00,2015/04/09 00:00:00+00,, ,12001-12099 NE 130th Ln,Kirkland,98034,WA,US,47.716066,-122.179613, , ,888-758-4389, ,USCPIL114993,ChargePoint Network,0,2,0,2, ,J1772,http://www.chargepoint.com/, , ,GPS
-13638790.5411,6044680.35670001,1248,98,WINSLOW WAY WINSLOW #1,66696,ELEC, ,24 hours daily,E,Public, , , ,2023/08/07 00:00:00+00,2023/08/07 00:00:00+00,2015/04/11 00:00:00+00,, ,232-240 Winslow Way E,Bainbridge Island,98110,WA,US,47.624921,-122.51934, , ,888-758-4389, ,USCPIL114599,ChargePoint Network,0,2,0,2, ,J1772,http://www.chargepoint.com/, , ,GPS
-13703317.5519,6120157.15650001,1249,99,The Co-op Farm and Garden,67125,ELEC,COOP,"8am-6pm M-F, 9am-5pm Sat, 10am-4pm Sun",E,Public, ,False, ,2023/06/12 00:00:00+00,2023/06/12 00:00:00+00,2015/01/01 00:00:00+00,, ,216 E Washington St,Sequim,98382,WA,US,48.079897,-123.098996, , ,360-683-4111,P, ,Non-Networked,0,1,0,1, ,J1772, ,Free, ,200-9
-13629674.8107,5983323.51590001,1250,100,VISITOR GARAGE PEDESTAL UNIT,67692,ELEC, ,24 hours daily,E,Public, , , ,2023/08/07 00:00:00+00,2023/08/07 00:00:00+00,2015/06/06 00:00:00+00,, ,1201 Pacific Ave,Tacoma,98402,WA,US,47.252117,-122.437452, , ,888-758-4389, ,USCPIL119479,ChargePoint Network,0,1,0,1, ,J1772,http://www.chargepoint.com/, , ,GPS
-13279061.9406,6043319.98269999,1251,101,Banks Lake Brew and Bistro,68846,ELEC,RESTAURANT,24 hours daily,E,Public, ,False, ,2021/12/09 00:00:00+00,2022/02/10 00:00:00+00,2015/08/03 00:00:00+00,, ,695 N 2nd St,Coulee City,99115,WA,US,47.616684,-119.287843, , ,509-632-5510,P, ,Non-Networked,0,1,0,1, ,J1772, ,Free, ,GPS
-13617311.7793,6042138.3141,1252,102,VM CHARGERS VIRGINIA MASON2,68940,ELEC, ,24 hours daily,E,Public, , , ,2023/08/07 00:00:00+00,2023/08/07 00:00:00+00,2015/08/11 00:00:00+00,, ,1012 Terry Ave,Seattle,98101,WA,US,47.609528,-122.326393, , ,888-758-4389, ,USCPIL120191,ChargePoint Network,0,1,0,1, ,J1772,http://www.chargepoint.com/, , ,GPS
-13638586.7151,6044559.6204,1253,103,CHARGEPOINT T&C BAINBRIDGE,69209,ELEC, ,24 hours daily,E,Public, , , ,2023/08/07 00:00:00+00,2023/08/07 00:00:00+00,2015/08/27 00:00:00+00,, ,343 Winslow Way E,Bainbridge Island,98110,WA,US,47.62419,-122.517509, , ,888-758-4389, ,USCPIL112349,ChargePoint Network,0,2,0,2, ,J1772,http://www.chargepoint.com/, , ,GPS
-13619124.0606,6043301.3217,1254,104,INSIGNIA 953 EV216,69853,ELEC, ,24 hours daily,E,Public, , , ,2023/08/07 00:00:00+00,2023/08/07 00:00:00+00,2015/09/12 00:00:00+00,, ,588 Bell St,Seattle,98121,WA,US,47.616571,-122.342673, , ,888-758-4389, ,USCPIL124567,ChargePoint Network,0,1,0,1, ,J1772,http://www.chargepoint.com/, , ,GPS
-13602470.8875,6066937.2253,1255,105,UWB CASCADIA CC TRULY HOUSE #1,70092,ELEC, ,24 hours daily,E,Public, , , ,2023/08/07 00:00:00+00,2023/08/07 00:00:00+00,2015/09/29 00:00:00+00,, ,18140 Campus Way NE,Bothell,98011,WA,US,47.759501,-122.193075, , ,888-758-4389, ,USCPIL127429,ChargePoint Network,0,2,0,2, ,J1772,http://www.chargepoint.com/, , ,GPS
-13602208.6187,6066662.5094,1256,106,UWB CASCADIA CC SOUTH L 3 N,70095,ELEC, ,24 hours daily,E,Public, , , ,2023/08/07 00:00:00+00,2023/08/07 00:00:00+00,2015/09/29 00:00:00+00,, ,11237-11299 NE 180th St,Bothell,98011,WA,US,47.757842,-122.190719, , ,888-758-4389, ,USCPIL120273,ChargePoint Network,0,2,0,2, ,J1772,http://www.chargepoint.com/, , ,GPS
-13614452.4269,5993476.5142,1257,107,Best Western Plus - Evergreen Inn and Suites,71773,ELEC,HOTEL,"24 hours daily; for guest use only; see front desk for access",E,Public, ,True, ,2022/06/14 00:00:00+00,2023/02/14 00:00:00+00,2019/06/28 00:00:00+00,, ,32124 25th Ave S,Federal Way,98003,WA,US,47.313989,-122.300707, , ,253-529-4000,P, ,Non-Networked,0,1,0,1, ,J1772, ,Free, ,GPS
-13628480.3525001,5981137.33090001,1258,108,Best Western Plus - Tacoma Dome Hotel,71774,ELEC,HOTEL,"24 hours daily; for guest use only; see front desk for access",E,Public,KEY_AFTER_HOURS,True, ,2022/01/10 00:00:00+00,2022/02/10 00:00:00+00,2015/12/01 00:00:00+00,, ,2611 East E St,Tacoma,98421,WA,US,47.238785,-122.426722,Lot B, ,253-272-7737,P, ,Non-Networked,0,2,0,2, ,J1772, ,Free, ,GPS
-13594911.0695,6036777.4261,1259,109,ESSEX SAMMAMISH VIEW,71918,ELEC, ,24 hours daily,E,Public, , , ,2023/08/07 00:00:00+00,2023/08/07 00:00:00+00,2015/12/18 00:00:00+00,, ,16160 SE Eastgate Way,Bellevue,98008,WA,US,47.577051,-122.125164, , ,888-758-4389, ,USCPIL125279,ChargePoint Network,0,2,0,2, ,J1772,http://www.chargepoint.com/, , ,GPS
-13616835.4432,6042230.61589999,1260,110,MADISON GARAGE MADISON GARAGE2,72656,ELEC, ,24 hours daily,E,Public, , , ,2023/08/07 00:00:00+00,2023/08/07 00:00:00+00,2016/01/23 00:00:00+00,, ,1229 Madison St,Seattle,98104,WA,US,47.610087,-122.322114, , ,888-758-4389, ,USCPIL123325,ChargePoint Network,0,2,0,2, ,J1772,http://www.chargepoint.com/, , ,GPS
-13620487.6131001,6044409.2392,1261,111,Expo Apartments,72739,ELEC,MULTI_UNIT_DWELLING,"24 hours daily; apartment residents only",E,Public, ,True, ,2021/12/09 00:00:00+00,2023/07/14 00:00:00+00,2016/01/25 00:00:00+00,, ,118 Republican St,Seattle,98109,WA,US,47.6232795,-122.354922, , ,855-443-3873,P,164438G01001010000,Non-Networked,0,1,0,1, ,J1772, ,Free, ,GPS
-13618688.6901,6019008.1288,1262,112,KING COUNTY DES BURIEN P&R #5,73197,ELEC, ,24 hours daily,T,Public, , , ,2023/08/07 00:00:00+00,2023/08/07 00:00:00+00,2016/01/28 00:00:00+00,2022/09/09 00:00:00+00, ,14900 4th Ave SW,Burien,98166,WA,US,47.469258,-122.338762, , ,888-758-4389, ,USCPIL126591,ChargePoint Network,0,1,0,1, ,J1772,http://www.chargepoint.com/, , ,GPS
-13084552.3924,6045682.64869999,1263,113,SIA CELL LOT,73219,ELEC, ,24 hours daily,E,Public, , , ,2023/08/07 00:00:00+00,2023/08/07 00:00:00+00,2016/01/29 00:00:00+00,, ,8909 W Airport Dr,Spokane,99224,WA,US,47.630989,-117.540534, , ,888-758-4389, ,USCPIL125369,ChargePoint Network,0,2,0,2, ,J1772,http://www.chargepoint.com/, , ,GPS
-13682082.6911,5941039.2845,1264,114,Tumwater - Shell Station & Deli Mart,73412,ELEC, ,24 hours daily,E,Public, , , ,2023/05/30 00:00:00+00,2023/06/08 00:00:00+00,2016/02/09 00:00:00+00,, ,6131 Capital Blvd SW,Tumwater,98501,WA,US,46.99366,-122.90824, , ,888-833-2148, , ,EVCS,0,1,1,2, ,"CHAdeMO, J1772",https://evcs.com,"Level 2: $4 per session or $19.99 for monthly plan, DC Fast: $7.50 per session or $19.99 for monthly plan", ,200-8
-13432259.4899,6039771.1702,1265,115,Leavenworth - City Hall,73413,ELEC, ,24 hours daily,E,Public, , , ,2023/05/30 00:00:00+00,2023/06/08 00:00:00+00,2016/02/09 00:00:00+00,, ,700 US Hwy 2,Leavenworth,98826,WA,US,47.59519,-120.66404, , ,888-833-2148, , ,EVCS,0,1,1,2, ,"CHAdeMO, J1772",https://evcs.com,"DC Fast: $7.50 per session or $19.99 for monthly plan, Level 2: $4 per session or $19.99 for monthly plan", ,200-8
-13560560.769,6083952.0698,1266,116,Sultan - Sultan Visitor Information Center,73415,ELEC, ,24 hours daily,E,Public, , , ,2023/05/30 00:00:00+00,2023/06/08 00:00:00+00,2016/02/09 00:00:00+00,, ,320 Main St,Sultan,98294,WA,US,47.86215,-121.81659, , ,888-833-2148, , ,EVCS,0,1,1,2, ,"CHAdeMO, J1772",https://evcs.com,"Level 2: $4 per session or $19.99 for monthly plan, DC Fast: $7.50 per session or $19.99 for monthly plan", ,200-8
-13471862.5119,5976189.6182,1267,117,Cle Elum,73431,ELEC, ,24 hours daily,E,Public, , , ,2023/05/30 00:00:00+00,2023/06/08 00:00:00+00,2016/02/09 00:00:00+00,, ,3600 Suncadia Trail,Cle Elum,98922,WA,US,47.2086,-121.0198, , ,888-833-2148, , ,EVCS,0,1,1,2, ,"CHAdeMO, J1772",https://evcs.com,"Level 2: $4 per session or $19.99 for monthly plan, DC Fast: $7.50 per session or $19.99 for monthly plan", ,200-8
-13515579.9023,6011316.50639999,1268,118,Snoqualmie - Snoqualmie Pass Chevron,73433,ELEC, ,24 hours daily,E,Public, , , ,2023/05/30 00:00:00+00,2023/06/08 00:00:00+00,2016/02/09 00:00:00+00,, ,519 SR 906,Snoqualmie Pass,98068,WA,US,47.42253,-121.41252, , ,888-833-2148, , ,EVCS,0,1,1,2, ,"CHAdeMO, J1772",https://evcs.com,"DC Fast: $7.50 per session or $19.99 for monthly plan, Level 2: $4 per session or $19.99 for monthly plan", ,200-8
-13607427.4991,6091281.95430001,1269,119,Kia of Everett,74196,ELEC,CAR_DEALER,Dealership business hours,E,Public,CALL,False, ,2022/09/14 00:00:00+00,2023/02/14 00:00:00+00,2016/01/01 00:00:00+00,, ,229 SW Everett Mall Way,Everett,98204,WA,US,47.906308,-122.237601, , ,425-609-5600,P, ,Non-Networked,0,0,1,1, ,"CHAdeMO, CCS", , , ,GPS
-13617143.019,6050738.9938,1270,120,Bedrooms & More,74301,ELEC,SHOPPING_CENTER,"9am-6pm M-F, 9am-6pm Sat, 10am-6pm Sun; customer use only",E,Public, ,False, ,2023/06/12 00:00:00+00,2023/06/12 00:00:00+00,2011/10/01 00:00:00+00,, ,300 NE 45th St,Seattle,98105,WA,US,47.66159,-122.324877, , ,206-633-4505,P, ,Non-Networked,0,1,0,1, ,J1772, ,Free, ,200-9
-13618134.3191,6041573.29730001,1271,121,SAFECO PLAZA SAFECO PLAZA #1,75391,ELEC, ,24 hours daily,T,Public, , , ,2023/08/07 00:00:00+00,2023/08/07 00:00:00+00,2016/04/26 00:00:00+00,2023/05/01 00:00:00+00, ,1001 4th Ave Safeco Plaza,Seattle,98154,WA,US,47.606106,-122.333782, , ,888-758-4389, ,USCPIL138251,ChargePoint Network,0,2,0,2, ,J1772,http://www.chargepoint.com/, , ,GPS
-13600442.6463,6058296.3999,1272,122,Lee Johnson Nissan of Kirkland,75997,ELEC,CAR_DEALER,Dealership business hours,E,Public, ,False, ,2022/07/12 00:00:00+00,2023/02/14 00:00:00+00,2016/05/01 00:00:00+00,, ,11930 124th Ave NE,Kirkland,98034,WA,US,47.707294,-122.174855, , ,425-821-1400,P, ,Non-Networked,0,1,0,1, ,J1772, ,Free, ,GPS
-13605874.2582999,6036214.73979999,1273,123,MI SCHOOLS NORTHWOOD #1,76839,ELEC, ,24 hours daily,E,Public, , , ,2023/08/07 00:00:00+00,2023/08/07 00:00:00+00,2016/07/01 00:00:00+00,, ,4030 86th Ave SE,Mercer Island,98040,WA,US,47.573641,-122.223648, , ,888-758-4389, ,USCPIL148739,ChargePoint Network,0,2,0,2, ,J1772,http://www.chargepoint.com/, , ,GPS
-13042678.4528,5898502.82869999,1274,124,TRANS SERVICES TERRELL,76857,ELEC, ,24 hours daily,E,Public, , , ,2023/08/07 00:00:00+00,2023/08/07 00:00:00+00,2016/07/02 00:00:00+00,, ,Terrell Parking Garage Cougar Way,Pullman,99163,WA,US,46.732394,-117.164374, , ,888-758-4389, ,USCPIL150459,ChargePoint Network,0,2,0,2, ,J1772,http://www.chargepoint.com/, , ,GPS
-13042346.6094,5898061.23680001,1275,125,TRANS SERVICES SCUE,76858,ELEC, ,24 hours daily,E,Public, , , ,2023/08/07 00:00:00+00,2023/08/07 00:00:00+00,2016/07/02 00:00:00+00,, ,Smith Center Parking Garage Stadium Way,Pullman,99163,WA,US,46.729675,-117.161393, , ,888-758-4389, ,USCPIL149521,ChargePoint Network,0,2,0,2, ,J1772,http://www.chargepoint.com/, , ,GPS
-13636285.5186,6172169.84189999,1276,126,WASHINGTON ST LACONNER #1,76993,ELEC, ,24 hours daily,E,Public, , , ,2023/08/07 00:00:00+00,2023/08/07 00:00:00+00,2016/07/16 00:00:00+00,, ,100 Washington Ave,La Conner,98257,WA,US,48.391109,-122.496837, , ,888-758-4389, ,USCPIL153231,ChargePoint Network,0,2,0,2, ,J1772,http://www.chargepoint.com/, , ,GPS
-13371850.4097,6167308.51770001,1277,127,TwispWorks,77771,ELEC,OFFICE_BLDG,24 hours daily,E,Public, ,False, ,2021/12/09 00:00:00+00,2022/02/10 00:00:00+00,2016/08/05 00:00:00+00,, ,503 S Glover St,Twisp,98856,WA,US,48.362102,-120.121376, , ,509-997-3300,P, ,Non-Networked,0,1,0,1, ,J1772, ,Free, ,200-8
-13578972.3448,5902974.4088,1278,128,Wellspring Spa at Mount Rainier,77990,ELEC,HOTEL,"24 hours daily; for guest use only; Drivers must bring their own J1772 cordset for Level 1 charging",E,Public, ,True, ,2021/12/09 00:00:00+00,2023/07/13 00:00:00+00,2016/08/14 00:00:00+00,, ,54922 Kernahan Rd E,Ashford,98304,WA,US,46.759919,-121.981984,Located in the parking area of Kernahan Rd, ,360-569-2285,P, ,Non-Networked,4,0,0,0, ,NEMA 14-50, ,Free, ,GPS
-13615668.3697,6039829.93639999,1279,129,PSS CHARGEPOINT PSS #2 NORTH,78230,ELEC, ,24 hours daily,T,Public, , , ,2023/08/07 00:00:00+00,2023/08/07 00:00:00+00,2016/09/01 00:00:00+00,2023/06/01 00:00:00+00, ,801 Rainier Ave S,Seattle,98144,WA,US,47.595546,-122.31163, , ,888-758-4389, ,USCPIL153261,ChargePoint Network,0,2,0,2, ,J1772,http://www.chargepoint.com/, , ,GPS
-13615654.6774,6039804.51499999,1280,130,PSS CHARGEPOINT PSS #1,78231,ELEC, ,24 hours daily,T,Public, , , ,2023/08/07 00:00:00+00,2023/08/07 00:00:00+00,2016/09/01 00:00:00+00,2023/06/13 00:00:00+00, ,807 Rainier Ave S,Seattle,98144,WA,US,47.595392,-122.311507, , ,888-758-4389, ,USCPIL152865,ChargePoint Network,0,2,0,2, ,J1772,http://www.chargepoint.com/, , ,GPS
-13614231.569,6011446.32229999,1281,131,PUBLIC CHARGING ANGLE LAKE #2,78570,ELEC, ,24 hours daily,E,Public, , , ,2023/08/07 00:00:00+00,2023/08/07 00:00:00+00,2016/09/22 00:00:00+00,, ,2702 S 200th St,SeaTac,98188,WA,US,47.423319,-122.298723, , ,888-758-4389, ,USCPIL124685,ChargePoint Network,0,1,0,1, ,J1772,http://www.chargepoint.com/, , ,GPS
-13614231.1237,6011438.2602,1282,132,PUBLIC CHARGING ANGLE LAKE #4,78571,ELEC, ,24 hours daily,E,Public, , , ,2023/08/07 00:00:00+00,2023/08/07 00:00:00+00,2016/09/22 00:00:00+00,, ,2702 S 200th St,SeaTac,98198,WA,US,47.42327,-122.298719, , ,888-758-4389, ,USCPIL124683,ChargePoint Network,0,1,0,1, ,J1772,http://www.chargepoint.com/, , ,GPS
-13554111.2516,6196667.9257,1283,133,Town of Concrete - Park and Ride,78783,ELEC,PARKING_LOT,24 hours daily,E,Public, ,False, ,2020/08/05 00:00:00+00,2023/07/13 00:00:00+00,2016/11/01 00:00:00+00,, ,7503 N Superior,Concrete,98237,WA,US,48.537035,-121.758653,State Route 20/N Superior Ave, ,360-853-8401,LG, ,Non-Networked,0,2,0,2, ,J1772, ,Free, ,GPS
-13393429.9156,6012476.8571,1284,134,Chelan County Public Utility District,79230,ELEC,UTILITY,24 hours daily,E,Public, ,False, ,2022/06/14 00:00:00+00,2023/02/14 00:00:00+00,2016/10/03 00:00:00+00,, ,327 N Wenatchee Ave,Wenatchee,98801,WA,US,47.429582,-120.315228, , ,509-661-4460,LG, ,Non-Networked,0,2,0,2, ,J1772, ,Free,HYDRO,GPS
-13393542.0144,6014672.10920001,1285,135,Walla Walla Park,79414,ELEC,PARK,6am-10pm daily,E,Public, ,False, ,2022/06/14 00:00:00+00,2023/02/14 00:00:00+00,2016/10/28 00:00:00+00,, ,River Park Ave E,Wenatchee,98801,WA,US,47.442921,-120.316235, , ,509-661-4460,LG, ,Non-Networked,0,1,0,1, ,J1772, ,Free,HYDRO,GPS
-13614295.5777,6050719.3251,1286,136,DUAL EV SOUTH 1,79670,ELEC, ,24 hours daily,E,Public, , , ,2023/08/07 00:00:00+00,2023/08/07 00:00:00+00,2016/11/10 00:00:00+00,, ,2616 NE 46th St,Seattle,98105,WA,US,47.661471,-122.299298, , ,888-758-4389, ,USCPIL175951,ChargePoint Network,0,2,0,2, ,J1772,http://www.chargepoint.com/, , ,GPS
-13617802.8096,6040400.12199999,1287,137,KING COUNTY DES KSC STATION #5,79748,ELEC, ,24 hours daily,E,Public, , , ,2023/08/07 00:00:00+00,2023/08/07 00:00:00+00,2016/11/16 00:00:00+00,, ,253-295 S Jackson St,Seattle,98104,WA,US,47.599,-122.330804, , ,888-758-4389, ,USCPIL160325,ChargePoint Network,0,1,0,1, ,J1772,http://www.chargepoint.com/, , ,GPS
-13618655.5169,6019015.5393,1288,138,KING COUNTY DES BURIEN P&R #8,79752,ELEC, ,24 hours daily,T,Public, , , ,2023/08/07 00:00:00+00,2023/08/07 00:00:00+00,2016/11/16 00:00:00+00,2022/09/09 00:00:00+00, ,14901 4th Ave SW,Burien,98166,WA,US,47.469303,-122.338464, , ,888-758-4389, ,USCPIL126561,ChargePoint Network,0,1,0,1, ,J1772,http://www.chargepoint.com/, , ,GPS
-13585158.1463,6029827.1069,1289,139,RSS-1 RSS #1,79902,ELEC, ,24 hours daily,E,Public, , , ,2023/08/07 00:00:00+00,2023/08/07 00:00:00+00,2016/11/19 00:00:00+00,, ,485 Rainier Blvd N,Issaquah,98027,WA,US,47.534915,-122.037552, , ,888-758-4389, ,USCPIL163899,ChargePoint Network,0,2,0,2, ,J1772,http://www.chargepoint.com/, , ,GPS
-13618383.786,6042004.8995,1290,140,RPNW PSP-COBB #2,79957,ELEC, ,24 hours daily,T,Public, , , ,2023/08/07 00:00:00+00,2023/08/07 00:00:00+00,2016/11/23 00:00:00+00,2022/09/09 00:00:00+00, ,1325 4th Ave,Seattle,98101,WA,US,47.60872,-122.336023, , ,888-758-4389, ,USCPIL167159,ChargePoint Network,0,2,0,2, ,J1772,http://www.chargepoint.com/, , ,GPS
-13634357.5764,6232692.28879999,1291,141,GARAGE COMMERCIAL ST 2,80022,ELEC, ,24 hours daily,E,Public, , , ,2023/08/07 00:00:00+00,2023/08/07 00:00:00+00,2016/12/01 00:00:00+00,, ,1300 Commercial St,Bellingham,98225,WA,US,48.750857,-122.479518, , ,888-758-4389, ,USCPIL145245,ChargePoint Network,0,2,0,2, ,J1772,http://www.chargepoint.com/, , ,GPS
-13041783.3328,5898070.8187,1292,142,TRANS SERVICES PACCAR,80116,ELEC, ,24 hours daily,E,Public, , , ,2023/08/07 00:00:00+00,2023/08/07 00:00:00+00,2016/12/09 00:00:00+00,, ,2000 Grimes Way,Pullman,99164,WA,US,46.729734,-117.156333, , ,888-758-4389, ,USCPIL159941,ChargePoint Network,0,2,0,2, ,J1772,http://www.chargepoint.com/, , ,GPS
-13603381.4809,6042925.3046,1293,143,LINC SQUARE EXP LSE P2 #2,81023,ELEC, ,24 hours daily,E,Public, , , ,2023/08/07 00:00:00+00,2023/08/07 00:00:00+00,2017/01/27 00:00:00+00,, ,432-492 Bellevue Way NE,Bellevue,98004,WA,US,47.614294,-122.201255, , ,888-758-4389, ,USCPIL145631,ChargePoint Network,0,2,0,2, ,J1772,http://www.chargepoint.com/, , ,GPS
-13603322.9268,6042892.9385,1294,144,LINC SQUARE EXP P5 1,81024,ELEC, ,24 hours daily,E,Public, , , ,2023/08/07 00:00:00+00,2023/08/07 00:00:00+00,2017/01/27 00:00:00+00,, ,410 Bellevue Way NE,Bellevue,98004,WA,US,47.614098,-122.200729, , ,888-758-4389, ,USCPIL339941,ChargePoint Network,0,2,0,2, ,J1772,http://www.chargepoint.com/, , ,GPS
-13496899.4899,6219641.6727,1295,145,Skagit General Store,81080,ELEC,SHOPPING_CENTER,24 hours daily,E,Public, ,False, ,2021/12/09 00:00:00+00,2022/02/10 00:00:00+00,2019/10/26 00:00:00+00,, ,500 Newhalem St,Rockport,98283,WA,US,48.6735,-121.244711,"Located behind store, east of Highway 20", ,"206-386-4489, 206-684-3000",T, ,Non-Networked,0,1,0,1, ,J1772, ,Free, ,GPS
-13433568.941,6033731.93219999,1296,146,Leavenworth Fish Hatchery,81081,ELEC,FED_GOV,24 hours daily,E,Public, ,False, ,2021/02/22 00:00:00+00,2021/03/11 00:00:00+00,2016/08/01 00:00:00+00,, ,12790 Fish Hatchery Rd,Leavenworth,98826,WA,US,47.558592,-120.675803, ,DOI, ,FG, ,Non-Networked,0,1,0,1, ,J1772, ,Free,HYDRO,GPS
-13152438.0236,6049306.43919999,1297,147,Lincoln County Museum,81083,ELEC,MUSEUM,24 hours daily,E,Public, ,False, ,2021/12/09 00:00:00+00,2022/02/10 00:00:00+00,2016/10/01 00:00:00+00,, ,600 7th St,Davenport,99122,WA,US,47.652922,-118.150361,Located one block south of Highway 2, ,509-725-6711,LG, ,Non-Networked,0,1,0,1, ,J1772, ,Free, ,GPS
-13604334.7097,6036811.4194,1298,148,MERCER ISLAND CITY HALL #1,81587,ELEC, ,24 hours daily,E,Public, , , ,2023/08/07 00:00:00+00,2023/08/07 00:00:00+00,2017/02/28 00:00:00+00,, ,9611 SE 36th St City Hall,Mercer Island,98040,WA,US,47.577257,-122.209818, , ,888-758-4389, ,USCPIL802541,ChargePoint Network,0,2,0,2, ,J1772,http://www.chargepoint.com/, , ,GPS
-13641114.5581,6075721.9873,1299,149,Kitsap Transit-George’s Corner Park & Ride,81779,ELEC, , ,E,Public, , , ,2023/08/07 00:00:00+00,2023/08/07 00:00:00+00,2017/02/01 00:00:00+00,, ,27618 Hansville Rd. NE,Kingston,98346,WA,US,47.812524,-122.540217, , ,855-885-9571, ,133,OpConnect,0,4,0,4, ,J1772,http://www.opconnect.com/, , ,GPS
-13638461.926,6024804.40460001,1300,150,Kitsap Transit - Harper Church,81780,ELEC, , ,E,Public, , , ,2023/08/07 00:00:00+00,2023/08/07 00:00:00+00,2017/02/01 00:00:00+00,, ,10384 SE Sedgwick Rd.,Port Orchard,98366,WA,US,47.504444,-122.516388, , ,855-885-9571, ,153,OpConnect,0,6,0,6, ,J1772,http://www.opconnect.com/, , ,GPS
-13809574.6775,5836508.86449999,1301,151,LONG BEACH STATION 1,82155,ELEC, ,24 hours daily,E,Public, , , ,2023/08/07 00:00:00+00,2023/08/07 00:00:00+00,2017/04/01 00:00:00+00,, ,406 Oregon Ave S,Long Beach,98631,WA,US,46.349339,-124.05352, , ,888-758-4389, ,USCPIL161731,ChargePoint Network,0,2,0,2, ,J1772,http://www.chargepoint.com/, , ,GPS
-13585140.2239,6041548.03580001,1302,152,SAMMAMISH SAMM VILLAGE #1,82271,ELEC, ,24 hours daily,E,Public, , , ,2023/08/07 00:00:00+00,2023/08/07 00:00:00+00,2017/04/12 00:00:00+00,, ,301 - 228th Avenue SE,Sammamish,98074,WA,US,47.605953,-122.037391, , ,888-758-4389, ,USCPIL163659,ChargePoint Network,0,2,0,2, ,J1772,http://www.chargepoint.com/, , ,GPS
-13602660.1306,6042772.2272,1303,153,THE SUMMIT THE SUMMIT - P2,82346,ELEC, ,24 hours daily,E,Public, , , ,2023/08/07 00:00:00+00,2023/08/07 00:00:00+00,2017/04/20 00:00:00+00,, ,10885 NE 4th St,Bellevue,98004,WA,US,47.613367,-122.194775, , ,888-758-4389, ,USCPIL182637,ChargePoint Network,0,2,0,2, ,J1772,http://www.chargepoint.com/, , ,GPS
-13321932.1897001,6108411.48109999,1304,154,City of Bridgeport - City Hall,82396,ELEC,MUNI_GOV,24 hours daily,E,Public, ,False, ,2021/12/09 00:00:00+00,2022/02/10 00:00:00+00,2017/04/01 00:00:00+00,, ,1206 Columbia Ave,Bridgeport,98813,WA,US,48.009356,-119.672953, , ,509-686-4041,LG, ,Non-Networked,0,1,0,1, ,J1772, ,Free,HYDRO,GPS
-13295822.5371,6225052.3493,1305,155,City of Tonasket - City Hall,82397,ELEC,MUNI_GOV,24 hours daily,E,Public, ,False, ,2021/12/09 00:00:00+00,2022/02/10 00:00:00+00,2017/04/01 00:00:00+00,, ,209 N Whitcomb,Tonasket,98855,WA,US,48.705586,-119.438406,Located behind City Hall, ,509-486-2132,LG, ,Non-Networked,0,1,0,1, ,J1772, ,Free,HYDRO,GPS
-13602608.1444,6042623.7761,1306,156,ESSEX BELLCENTERE 01,82499,ELEC, ,24 hours daily,E,Public, , , ,2023/08/07 00:00:00+00,2023/08/07 00:00:00+00,2017/05/05 00:00:00+00,, ,10822 NE 2nd Pl,Bellevue,98004,WA,US,47.612468,-122.194308, , ,888-758-4389, ,USCPIL182967,ChargePoint Network,0,2,0,2, ,J1772,http://www.chargepoint.com/, , ,GPS
-13585144.1199999,6041591.294,1307,157,SAMMAMISH SAM VILLAGE #2,82585,ELEC, ,24 hours daily,E,Public, , , ,2023/08/07 00:00:00+00,2023/08/07 00:00:00+00,2017/05/13 00:00:00+00,, ,22612 SE 4th St,Sammamish,98074,WA,US,47.606215,-122.037426, , ,888-758-4389, ,USCPIL163653,ChargePoint Network,0,2,0,2, ,J1772,http://www.chargepoint.com/, , ,GPS
-13395244.5347,6018044.985,1308,158,Confluence Technology Center,82593,ELEC,OFFICE_BLDG,24 hours daily,E,Public, ,False, ,2022/06/14 00:00:00+00,2023/02/14 00:00:00+00,2017/05/15 00:00:00+00,, ,285 Technology Center Way,Wenatchee,98801,WA,US,47.463409,-120.331529, , ,509-661-4460,LG, ,Non-Networked,0,1,0,1, ,J1772, ,Free,HYDRO,GPS
-13391831.7017001,6029316.64300001,1309,159,Rocky Reach Dam Visitor Center,82594,ELEC,PARK,"9am-4pm daily (spring/fall); 9am-9pm daily (summer); closed winter",E,Public, ,False, ,2022/06/14 00:00:00+00,2023/02/14 00:00:00+00,2017/05/15 00:00:00+00,, ,6151 US 97 Alternate,Wenatchee,98801,WA,US,47.531819,-120.300871, , ,509-661-4460,LG, ,Non-Networked,0,1,0,1, ,J1772, ,Free,HYDRO,GPS
-13653799.3028,6034193.1667,1310,160,Kitsap Transit Charleston Blvd,85477,ELEC, , ,E,Public, , , ,2023/08/07 00:00:00+00,2023/08/07 00:00:00+00,2017/05/01 00:00:00+00,, ,200 Charleston Blvd,Bremerton,98312,WA,US,47.561388,-122.654166, , ,855-885-9571, ,207,OpConnect,0,2,0,2, ,J1772,http://www.opconnect.com/, , ,GPS
-13603973.0327,6042726.4861,1311,161,BELLEVUE DOWNTOWN PARK 2,85540,ELEC, ,24 hours daily,E,Public, , , ,2023/08/07 00:00:00+00,2023/08/07 00:00:00+00,2017/06/14 00:00:00+00,, ,10201 NE 4th St,Bellevue,98004,WA,US,47.61309,-122.206569, , ,888-758-4389, ,USCPIL184929,ChargePoint Network,0,2,0,2, ,J1772,http://www.chargepoint.com/, , ,GPS
-13618202.1126,6176712.2287,1312,162,SKAGIT STATION SS1,85568,ELEC, ,24 hours daily,E,Public, , , ,2023/08/07 00:00:00+00,2023/08/07 00:00:00+00,2017/06/17 00:00:00+00,, ,105 E Kincaid St,Mount Vernon,98273,WA,US,48.418198,-122.334391, , ,888-758-4389, ,USCPIL197785,ChargePoint Network,0,2,0,2, ,J1772,http://www.chargepoint.com/, , ,GPS
-13072795.1618,6049283.4687,1313,163,GCU STATION 1,85907,ELEC, ,24 hours daily,T,Public, , , ,2023/08/07 00:00:00+00,2023/08/07 00:00:00+00,2017/07/14 00:00:00+00,2022/09/09 00:00:00+00, ,1500 W 4th Ave,spokane,99201,WA,US,47.652783,-117.434917, , ,888-758-4389, ,USCPIL152185,ChargePoint Network,0,1,0,1, ,J1772,http://www.chargepoint.com/, , ,GPS
-13619067.399,6044241.51890001,1314,164,400 DEXTER AVE 400 DEXTER 1,86014,ELEC, ,24 hours daily,E,Public, , , ,2023/08/07 00:00:00+00,2023/08/07 00:00:00+00,2017/07/22 00:00:00+00,, ,400 Dexter Ave N,Seattle,98109,WA,US,47.622264,-122.342164, , ,888-758-4389, ,USCPIL187367,ChargePoint Network,0,2,0,2, ,J1772,http://www.chargepoint.com/, , ,GPS
-13596937.0843,6037372.1642,1315,165,Bellevue Nissan,86025,ELEC,CAR_DEALER,Dealership business hours,E,Public,CALL,False, ,2022/03/07 00:00:00+00,2023/02/14 00:00:00+00,2017/03/01 00:00:00+00,, ,14762 SE Eastgate Way,Bellevue,98007,WA,US,47.580655,-122.143364, , ,855-315-0206,P, ,Non-Networked,0,1,2,3, ,"CHAdeMO, J1772", ,Free, ,200-9
-13596254.1392,6046445.51250001,1316,166,ALOFT ALOFT ELEMENT 2,86099,ELEC, ,24 hours daily,E,Public, , , ,2023/08/07 00:00:00+00,2023/08/07 00:00:00+00,2017/07/28 00:00:00+00,, ,2752-2836 152nd Ave NE,Redmond,98052,WA,US,47.635607,-122.137229, , ,888-758-4389, ,USCPIL191775,ChargePoint Network,0,2,0,2, ,J1772,http://www.chargepoint.com/, , ,GPS
-13602233.9996,6066661.8471,1317,167,UWB CASCADIA CC SOUTH LEVEL 3 W,86225,ELEC, ,24 hours daily,E,Public, , , ,2023/08/07 00:00:00+00,2023/08/07 00:00:00+00,2017/08/03 00:00:00+00,, ,South Parking GarageCampus Way NE,Bothell,98011,WA,US,47.757838,-122.190947, , ,888-758-4389, ,USCPIL195177,ChargePoint Network,0,2,0,2, ,J1772,http://www.chargepoint.com/, , ,GPS
-13618053.2785,6041967.7485,1318,168,RPNW IBM #1,86298,ELEC, ,24 hours daily,T,Public, , , ,2023/08/07 00:00:00+00,2023/08/07 00:00:00+00,2017/08/11 00:00:00+00,2022/09/09 00:00:00+00, ,1200 5th Ave,Seattle,98101,WA,US,47.608495,-122.333054, , ,888-758-4389, ,USCPIL208653,ChargePoint Network,0,2,0,2, ,J1772,http://www.chargepoint.com/, , ,GPS
-13599324.2194,6035842.66089999,1319,169,E_SOFI SOFI #1,86962,ELEC, ,24 hours daily,E,Public, , , ,2023/08/07 00:00:00+00,2023/08/07 00:00:00+00,2017/08/30 00:00:00+00,, ,13180 SE Newport Way,Bellevue,98006,WA,US,47.571386,-122.164808, , ,888-758-4389, ,USCPIL159931,ChargePoint Network,0,2,0,2, ,J1772,http://www.chargepoint.com/, , ,GPS
-13603576.7353,6043367.37830001,1320,170,BELLEVUE SQUARE BELL SQ NORTH 1,87711,ELEC, ,24 hours daily,E,Public, , , ,2023/08/07 00:00:00+00,2023/08/07 00:00:00+00,2017/09/21 00:00:00+00,, ,Bellevue Square - North Building104th Ave NE,Bellevue,98004,WA,US,47.616971,-122.203009, , ,888-758-4389, ,USCPIL204213,ChargePoint Network,0,2,0,2, ,J1772,http://www.chargepoint.com/, , ,GPS
-13606418.9445,6038923.8909,1321,171,MERCER ISLAND MI COMMUN CTR,87937,ELEC, ,24 hours daily,E,Public, , , ,2023/08/07 00:00:00+00,2023/08/07 00:00:00+00,2017/10/07 00:00:00+00,, ,8236 SE 24th MI Community Center,Mercer Island,98040,WA,US,47.590057,-122.228541, , ,888-758-4389, ,USCPIL211417,ChargePoint Network,0,2,0,2, ,J1772,http://www.chargepoint.com/, , ,GPS
-13613999.1339,6013571.369,1322,172,DC CORRIDOR WALLYPARKDC1,88018,ELEC, ,24 hours daily,T,Public, , , ,2023/08/07 00:00:00+00,2023/08/07 00:00:00+00,2017/10/15 00:00:00+00,2023/03/16 00:00:00+00, ,18613 International Blvd,SeaTac,98188,WA,US,47.436233,-122.296635, , ,888-758-4389, ,USCPIL164445,ChargePoint Network,0,0,1,1, ,"CHAdeMO, CCS",http://www.chargepoint.com/, , ,GPS
-13068598.083,6051831.7493,1323,173,COLLEGE HALL PARKING GARAGE,88084,ELEC, ,24 hours daily,E,Public, , , ,2023/08/07 00:00:00+00,2023/08/07 00:00:00+00,2017/10/20 00:00:00+00,, ,821 E Boone Ave,Spokane,99202,WA,US,47.668201,-117.397214, , ,888-758-4389, ,USCPIL205581,ChargePoint Network,0,2,0,2, ,J1772,http://www.chargepoint.com/, , ,GPS
-13603074.4617,6042671.00270001,1324,174,CAR CHARGER #1 SOMA DUAL 1,88290,ELEC, ,24 hours daily,E,Public, , , ,2023/08/07 00:00:00+00,2023/08/07 00:00:00+00,2017/11/03 00:00:00+00,, ,288 106th Ave NE,Bellevue,98004,WA,US,47.612754,-122.198497, , ,888-758-4389, ,USCPIL208655,ChargePoint Network,0,2,0,2, ,J1772,http://www.chargepoint.com/, , ,GPS
-13645429.5242,5995989.35679999,1325,175,PUBLIC WORKS 1 MARITIME PIER,88546,ELEC, ,24 hours daily,E,Public, , , ,2023/08/07 00:00:00+00,2023/08/07 00:00:00+00,2017/11/21 00:00:00+00,, ,3025 Harborview Dr,Gig Harbor,98335,WA,US,47.329291,-122.578979, , ,888-758-4389, ,USCPIL176357,ChargePoint Network,0,2,0,2, ,J1772,http://www.chargepoint.com/, , ,GPS
-13614182.6998,6050701.1441,1326,176,DUAL EV SOUTH 2,88696,ELEC, ,24 hours daily,E,Public, , , ,2023/08/07 00:00:00+00,2023/08/07 00:00:00+00,2017/12/05 00:00:00+00,, ,2623 NE University Village St,Seattle,98105,WA,US,47.661361,-122.298284, , ,888-758-4389, ,USCPIL167147,ChargePoint Network,0,2,0,2, ,J1772,http://www.chargepoint.com/, , ,GPS
-13594962.9444001,6136882.04990001,1327,177,PARK77 PARK77 C,88777,ELEC, ,24 hours daily,T,Public, , , ,2023/08/07 00:00:00+00,2023/08/07 00:00:00+00,2017/12/12 00:00:00+00,2022/09/09 00:00:00+00, ,20227 77th Ave NE,Arlington,98223,WA,US,48.180175,-122.12563, , ,888-758-4389, ,USCPIL237191,ChargePoint Network,0,2,0,2, ,J1772,http://www.chargepoint.com/, , ,GPS
-13646691.3307,5997640.2941,1328,178,PUBLIC WORKS 1 GH FINHOLM 1,88827,ELEC, ,24 hours daily,E,Public, , , ,2023/08/07 00:00:00+00,2023/08/07 00:00:00+00,2017/12/14 00:00:00+00,, ,8828-8844 N Harborview Dr,Gig Harbor,98332,WA,US,47.339342,-122.590314, , ,888-758-4389, ,USCPIL176397,ChargePoint Network,0,2,0,2, ,J1772,http://www.chargepoint.com/, , ,GPS
-13672110.0232,6115181.91720001,1329,179,Jefferson Transit Authority Four Corners Park N Ride,92107,ELEC, , ,E,Public, , , ,2023/08/07 00:00:00+00,2023/08/07 00:00:00+00,2018/01/01 00:00:00+00,, ,63 Four Corners,Port Townsend,98368,WA,US,48.050029,-122.818654, , ,855-885-9571, ,170,OpConnect,0,4,0,4, ,J1772,http://www.opconnect.com/, , ,GPS
-13654565.2922,6066930.4359,1330,180,"Kitsap Transit - North Viking Poulsbo Park N Ride, WA",92108,ELEC, , ,E,Public, , , ,2023/08/07 00:00:00+00,2023/08/07 00:00:00+00,2018/01/01 00:00:00+00,, ,21711 Vetter Rd NW,Poulsbo,98370,WA,US,47.75946,-122.661047, , ,855-885-9571, ,162,OpConnect,0,12,0,12, ,J1772,http://www.opconnect.com/, , ,GPS
-13694674.15,6196576.13159999,1331,181,San Juan Islands Conservation District,93840,ELEC,OFFICE_BLDG,24 hours daily,E,Public, ,False, ,2022/01/10 00:00:00+00,2022/02/10 00:00:00+00,2015/01/01 00:00:00+00,, ,530 Guard St,Friday Harbor,98250,WA,US,48.536489,-123.021351, , ,360-378-6621,LG, ,Non-Networked,0,1,0,1, ,J1772, ,Free, ,GPS
-13695512.7197,6192906.1901,1332,182,Avalon Business Park,93841,ELEC,OFFICE_BLDG,8am-5pm daily,E,Public, ,False, ,2022/09/14 00:00:00+00,2023/08/04 00:00:00+00,2017/01/01 00:00:00+00,, ,322 Daniel Ln,Friday Harbor,98250,WA,US,48.514655,-123.028884, , ,360-378-2288,P, ,Non-Networked,0,1,0,1, ,J1772, ,Free, ,GPS
-13694447.0583,6195983.3611,1333,183,Earthbox Inn and Spa,93842,ELEC,INN,"24 hours daily; guests only",E,Public,CALL,True,"American Express, Cash, Check, Debit, MasterCard",2023/06/12 00:00:00+00,2023/06/12 00:00:00+00,2016/01/01 00:00:00+00,, ,410 Spring St,Friday Harbor,98250,WA,US,48.532963,-123.019311, , ,360-378-4000,P, ,Non-Networked,0,2,0,2, ,J1772, ,Free, ,GPS
-13694635.1882,6195963.35620001,1334,184,Friday Harbor Grand Bed and Breakfast,93843,ELEC,INN,"24 hours daily; guest use only",E,Public,CALL,True, ,2023/01/10 00:00:00+00,2023/02/14 00:00:00+00,2017/01/01 00:00:00+00,, ,345 Blair Ave,Friday Harbor,98250,WA,US,48.532844,-123.021001, , ,360-378-0442,P, ,Non-Networked,0,1,0,1, ,J1772, ,Free, ,GPS
-13681699.5294,6222926.01400001,1335,185,Odd Fellows Hall,93846,ELEC,PARKING_LOT,24 hours daily,E,Public, ,False, ,2022/09/14 00:00:00+00,2023/02/14 00:00:00+00,2017/01/01 00:00:00+00,, ,112 Haven Rd,Eastsound,98245,WA,US,48.692979,-122.904798, , ,360-376-5640,P, ,Non-Networked,0,1,0,1, ,J1772, ,Free, ,GPS
-13667920.0689,6214211.6975,1336,186,Doe Bay Resort,93848,ELEC,HOTEL,Business Hours,E,Public, ,False, ,2022/01/10 00:00:00+00,2022/02/10 00:00:00+00,2016/01/01 00:00:00+00,, ,107 Doe Bay Rd,Olga,98279,WA,US,48.641279,-122.781015, , ,360-376-2291,P, ,Non-Networked,0,1,0,1, ,J1772, ,Free, ,GPS
-13682230.8573,6194117.5632,1337,187,Lopez Island Library,93849,ELEC,LIBRARY,24 hours daily,E,Public,CALL,False, ,2021/11/04 00:00:00+00,2023/07/13 00:00:00+00,2016/01/01 00:00:00+00,, ,2225 Fisherman Bay Rd,Lopez,98261,WA,US,48.521863,-122.909571, , ,360-468-2265,P, ,Non-Networked,0,1,0,1, ,J1772, ,Free, ,GPS
-13682821.1846,6195615.3799,1338,188,Lopez Community Land Trust,93850,ELEC,PARKING_LOT,"8am-5pm daily; primarily for employee use, call ahead",E,Public,CALL,True, ,2022/01/10 00:00:00+00,2023/08/04 00:00:00+00,2016/01/01 00:00:00+00,, ,25 Tuatara Rd,Lopez,98261,WA,US,48.530774,-122.914874, , ,360-468-3723,P, ,Non-Networked,0,1,0,1, ,J1772, ,Free, ,GPS
-13618300.2964,6041888.82379999,1339,189,RPNW FC #1,94715,ELEC, ,24 hours daily,T,Public, , , ,2023/08/07 00:00:00+00,2023/08/07 00:00:00+00,2018/04/07 00:00:00+00,2022/09/09 00:00:00+00, ,319 University St,Seattle,98101,WA,US,47.608017,-122.335273, , ,888-758-4389, ,USCPIL210851,ChargePoint Network,0,2,0,2, ,J1772,http://www.chargepoint.com/, , ,GPS
-13598174.5117,6068151.4451,1340,190,"Hampton Inn & Suites - Woodinville, WA",94886,ELEC, , ,T,Public, , , ,2023/08/07 00:00:00+00,2023/08/07 00:00:00+00,2017/10/12 00:00:00+00,2023/07/29 00:00:00+00, ,19211 Woodinville Snohomish Rd,Woodinville,98072,WA,US,47.766833,-122.15448, , ,866-816-7584, ,8ce98a53-453b-4a16-9888-7b0a8b2cebaf,EV Connect,0,2,0,2, ,J1772,http://evconnect.com/, , ,GPS
-13613872.4524,6016118.6894,1341,191,MasterPark Valet Garage,95110,ELEC, , ,E,Public, , , ,2023/06/21 00:00:00+00,2023/06/21 00:00:00+00,2014/05/22 00:00:00+00,, ,16826 International Blvd,SeaTac,98188,WA,US,47.451709,-122.295497,Please see valet attendant.||, ,888-998-2546, ,465ba1dd-d734-8158-93cc-330000148403,Blink Network,0,4,0,4, ,J1772,http://www.blinkcharging.com/,Free, ,GPS
-13683651.962,5945858.2962,1342,192,Thurston County Juvenile Court,95134,ELEC, , ,E,Public, , , ,2023/06/21 00:00:00+00,2023/06/21 00:00:00+00,2017/03/22 00:00:00+00,, ,1520 Irving St SW,Tumwater,98512,WA,US,47.023179,-122.922337, , ,888-998-2546, ,465ba1dd-d734-8158-93cc-330000312617,Blink Network,0,2,0,2, ,J1772,http://www.blinkcharging.com/,Free, ,GPS
-13653024.2965,6063151.09109999,1343,193,Port of Poulsbo,95259,ELEC, , ,E,Public, , , ,2023/06/21 00:00:00+00,2023/06/21 00:00:00+00,2012/05/31 00:00:00+00,, ,19133 Jensen Way NE,Poulsbo,98370,WA,US,47.736632,-122.647204, , ,888-998-2546, ,465ba1dd-d734-8158-93cc-330000051696,Blink Network,0,2,0,2, ,J1772,http://www.blinkcharging.com/,Free, ,GPS
-13658274.4575999,6049237.52790001,1344,194,Haselwood Family YMCA Silverdale,95368,ELEC, , ,E,Public, , , ,2023/06/21 00:00:00+00,2023/06/21 00:00:00+00,2015/09/19 00:00:00+00,, ,3909 NW Randall Way,Silverdale,98383,WA,US,47.652505,-122.694367,CHAdeMO and Level 2 located on the ||north side of the main building||, ,888-998-2546, ,465ba1dd-d734-8158-93cc-330000233259,Blink Network,0,2,0,2, ,J1772,http://www.blinkcharging.com/,Free, ,GPS
-13615356.8978,6179769.6283,1345,195,Skagit Valley College - Annex,95464,ELEC, , ,E,Public, , , ,2023/06/20 00:00:00+00,2023/06/20 00:00:00+00,2016/01/22 00:00:00+00,, ,2405 E. College Way,Mt. Vernon,98273,WA,US,48.436423,-122.308832, , ,888-998-2546, ,465ba1dd-d734-8158-93cc-330000250508,Blink Network,0,3,0,3, ,J1772,http://www.blinkcharging.com/,Free, ,GPS
-13652974.5367001,5735720.83209999,1346,196,Legacy Salmon Creek Hospital,95594,ELEC, , ,E,Public, , , ,2023/06/20 00:00:00+00,2023/06/20 00:00:00+00,2012/01/15 00:00:00+00,, ,2211 Northeast 139th Street,Vancouver,98686,WA,US,45.720808,-122.646757,"The main entrance, first level to the right. These are located on level purple cougar section B. Near the main hospital entrance level it is to the right as soon as you pull in", ,888-998-2546, ,465ba1dd-d734-8158-93cc-330000039075,Blink Network,0,3,0,3, ,J1772,http://www.blinkcharging.com/,Free, ,GPS
-13638262.4415,5984475.37070001,1347,197,McLendon Hardware Tacoma,95640,ELEC, , ,E,Public, , , ,2023/06/21 00:00:00+00,2023/06/21 00:00:00+00,2016/09/26 00:00:00+00,, ,1015 N Pearl St,Tacoma,98406,WA,US,47.25914,-122.514596, , ,888-998-2546, ,465ba1dd-d734-8158-93cc-330000088533,Blink Network,0,2,0,2, ,J1772,http://www.blinkcharging.com/,Free, ,GPS
-13609176.217,6015667.80060001,1348,198,King County Housing Authority - Section 8 Office,95652,ELEC, , ,E,Public, , , ,2023/06/21 00:00:00+00,2023/06/21 00:00:00+00,2015/10/08 00:00:00+00,, ,700 Andover Park W,Tukwila,98188,WA,US,47.44897,-122.25331, , ,888-998-2546, ,465ba1dd-d734-8158-93cc-330000236163,Blink Network,0,4,0,4, ,J1772,http://www.blinkcharging.com/,Free, ,GPS
-13616782.5665,6041615.2347,1349,199,First Hill Medical Building,95703,ELEC, , ,E,Public, , , ,2023/06/21 00:00:00+00,2023/06/21 00:00:00+00,2015/07/16 00:00:00+00,, ,515 Minor Ave,Seattle,98104,WA,US,47.60636,-122.321639,Paid Parking Garage||, ,888-998-2546, ,465ba1dd-d734-8158-93cc-330000220368,Blink Network,0,1,0,1, ,J1772,http://www.blinkcharging.com/,Free, ,GPS
-13604950.1952,6020342.7765,1350,200,McLendon Hardware,95749,ELEC, , ,E,Public, , , ,2023/06/21 00:00:00+00,2023/06/21 00:00:00+00,2011/12/15 00:00:00+00,, ,440 Rainier Ave South,Renton,98057,WA,US,47.477362,-122.215347, , ,888-998-2546, ,465ba1dd-d734-8158-93cc-330000024451,Blink Network,0,4,0,4, ,J1772,http://www.blinkcharging.com/,Free, ,GPS
-13607395.4391,5975432.7526,1351,201,Sumner School District - Parking Lot,95831,ELEC, , ,E,Public, , , ,2023/06/21 00:00:00+00,2023/06/21 00:00:00+00,2014/09/30 00:00:00+00,, ,1099 Wood Ave,Sumner,98390,WA,US,47.203981,-122.237313,Chargers have been powered off for ||construction.||, ,888-998-2546, ,465ba1dd-d734-8158-93cc-330000172461,Blink Network,0,5,0,5, ,J1772,http://www.blinkcharging.com/,Free, ,GPS
-13599568.8997,6057762.91130001,1352,202,Lake Washington Institute of Technology,95959,ELEC, , ,E,Public, , , ,2023/06/21 00:00:00+00,2023/06/21 00:00:00+00,2013/05/15 00:00:00+00,, ,11605 132nd Ave NE,Kirkland,98034,WA,US,47.704069,-122.167006, , ,888-998-2546, ,465ba1dd-d734-8158-93cc-330000091854,Blink Network,0,2,0,2, ,J1772,http://www.blinkcharging.com/,Free, ,GPS
-13618951.1815,6024460.0053,1353,203,Seola Gardens,96009,ELEC, , ,E,Public, , , ,2023/06/20 00:00:00+00,2023/06/20 00:00:00+00,2016/03/08 00:00:00+00,, ,11195 5th Ave SW,Seattle,98146,WA,US,47.502354,-122.34112, , ,888-998-2546, ,465ba1dd-d734-8158-93cc-330000255975,Blink Network,0,2,0,2, ,J1772,http://www.blinkcharging.com/,Free, ,GPS
-13602190.3623,6043865.7911,1354,204,112th & 12th,96076,ELEC, , ,T,Public, , , ,2023/06/20 00:00:00+00,2023/06/20 00:00:00+00,2012/01/15 00:00:00+00,2023/03/02 00:00:00+00, ,1100 112th Ave NE,Bellevue,98004,WA,US,47.619989,-122.190555,"Open M-F 6am-9pm; Closed Sat & Sun||", ,888-998-2546, ,465ba1dd-d734-8158-93cc-330000092918,Blink Network,0,1,0,1, ,J1772,http://www.blinkcharging.com/,Free, ,GPS
-13618257.995,6042398.21450001,1355,205,520 Pike Tower,96348,ELEC, , ,E,Public, , , ,2023/06/20 00:00:00+00,2023/06/20 00:00:00+00,2017/06/03 00:00:00+00,, ,520 Pike St.,Seattle,98101,WA,US,47.611102,-122.334893,Chargers are on level F, ,888-998-2546, ,465ba1dd-d734-8158-93cc-330000324989,Blink Network,0,4,0,4, ,J1772,http://www.blinkcharging.com/,Free, ,GPS
-13597723.6678,6038080.98589999,1356,206,Bellevue College - Lot C7 Snoqualmie River Road,96400,ELEC, , ,E,Public, , , ,2023/06/21 00:00:00+00,2023/06/21 00:00:00+00,2017/09/08 00:00:00+00,, ,3036 Snoqualmie River Road,Bellevue,98005,WA,US,47.58495,-122.15043,"DCFC under repair. The stations are ||located in Lot C7, at the back (west) ||side of campus.||", ,888-998-2546, ,465ba1dd-d734-8158-93cc-330000341749,Blink Network,0,2,0,2, ,J1772,http://www.blinkcharging.com/,Free, ,GPS
-13618791.3267,6046178.7172,1357,207,Lake Union Building,96480,ELEC, , ,E,Public, , , ,2023/06/20 00:00:00+00,2023/06/20 00:00:00+00,2012/06/18 00:00:00+00,, ,1700 Westlake Ave N,Seattle,98109,WA,US,47.633992,-122.339684,"Chargers on ground level of parking ||garage, south of building on waterfront.||", ,888-998-2546, ,465ba1dd-d734-8158-93cc-330000080287,Blink Network,0,3,0,3, ,J1772,http://www.blinkcharging.com/,Free, ,GPS
-13656406.6279,5721473.744,1358,208,Clark County - Public Service Center (1st Floor),96620,ELEC, , ,E,Public, , , ,2023/06/21 00:00:00+00,2023/06/21 00:00:00+00,2013/02/15 00:00:00+00,, ,1300 Franklin Street,Vancouver,98660,WA,US,45.631384,-122.677588,1st Floor by elevators||, ,888-998-2546, ,465ba1dd-d734-8158-93cc-330000065087,Blink Network,0,8,0,8, ,J1772,http://www.blinkcharging.com/,Free, ,GPS
-13620241.1517,6031936.7172,1359,209,DC CORRIDOR SO SEATTLE COL,96763,ELEC, ,24 hours daily,E,Public, , , ,2023/08/07 00:00:00+00,2023/08/07 00:00:00+00,2018/04/24 00:00:00+00,, ,6000 16th Ave SW,Seattle,98106,WA,US,47.547708,-122.352708, , ,888-758-4389, ,USCPIL164515,ChargePoint Network,0,0,1,1, ,"CHAdeMO, CCS",http://www.chargepoint.com/, , ,GPS
-13638149.5635,6046789.9631,1360,210,VM CHARGERS VM BAINBRIDGE 1,96877,ELEC, ,24 hours daily,E,Public, , , ,2023/08/07 00:00:00+00,2023/08/07 00:00:00+00,2018/05/02 00:00:00+00,, ,1329 Wintergreen Lane Northeast,Bainbridge Island,98110,WA,US,47.637692,-122.513582, , ,888-758-4389, ,USCPIL458821,ChargePoint Network,0,2,0,2, ,J1772,http://www.chargepoint.com/, , ,GPS
-13592518.1458,6001023.8003,1361,211,Multicare Health Systems,96971,ELEC, , ,E,Public, , , ,2023/06/21 00:00:00+00,2023/06/21 00:00:00+00,2018/05/10 00:00:00+00,, ,17700 SE 272nd Street,Covington,98042,WA,US,47.359935,-122.103668, , ,888-998-2546, ,465ba1dd-d734-8158-93cc-330000378081,Blink Network,0,4,0,4, ,J1772,http://www.blinkcharging.com/,Free, ,GPS
-13614552.8371,6005888.5176,1362,212,Highline Community College,96972,ELEC, , ,E,Public, , , ,2023/06/21 00:00:00+00,2023/06/21 00:00:00+00,2018/05/10 00:00:00+00,, ,2400 S 240th St,Des Moines,98198,WA,US,47.389529,-122.301609,The campus is closed and chargers ||unavailable from 10pm to 5am. Lot is ||often closed due to Covid.||, ,888-998-2546, ,465ba1dd-d734-8158-93cc-330000096462,Blink Network,0,2,0,2, ,J1772,http://www.blinkcharging.com/,Free, ,GPS
-13630934.9473,6236043.16570001,1363,213,BARKLEY VILLAGE REGAL CINEMA 2,97018,ELEC, ,24 hours daily,T,Public, , , ,2023/08/07 00:00:00+00,2023/08/07 00:00:00+00,2018/05/11 00:00:00+00,2023/07/28 00:00:00+00, ,3011 Cinema Pl,Bellingham,98226,WA,US,48.7707,-122.448772, , ,888-758-4389, ,USCPIL478171,ChargePoint Network,0,2,0,2, ,J1772,http://www.chargepoint.com/, , ,GPS
-13295605.4641001,6264395.7912,1364,214,Camaray Motel,98553,ELEC,HOTEL,24 hours daily,E,Public, ,False, ,2021/12/09 00:00:00+00,2022/02/10 00:00:00+00,2017/07/01 00:00:00+00,, ,1320 Main St,Oroville,98844,WA,US,48.938283,-119.436456, , ,509-476-3684,P, ,Non-Networked,0,1,0,1, ,J1772, ,Free, ,GPS
-13300858.7422,6006171.5028,1365,215,Smokiam Park,98554,ELEC,MUNI_GOV,24 hours daily,E,Public, ,False, ,2021/12/09 00:00:00+00,2022/02/10 00:00:00+00,2017/08/01 00:00:00+00,, ,334 Daisy St N,Soap Lake,98851,WA,US,47.39125,-119.483647, , ,509-246-1211,LG, ,Non-Networked,0,1,0,1, ,J1772, ,Free, ,GPS
-13375549.779,6087552.8222,1366,216,Mountain View Lodge & Resort,98555,ELEC,HOTEL,"24 hours daily; for guest use only",E,Public, ,True, ,2021/12/09 00:00:00+00,2022/02/10 00:00:00+00,2017/10/01 00:00:00+00,, ,25 Wapato Way,Manson,98831,WA,US,47.883847,-120.154608, , ,509-687-9505,P, ,Non-Networked,0,1,0,1, ,J1772, ,Free, ,GPS
-13613976.0908,6014744.8605,1367,217,Seattle-Tacoma International Airport - Terminal Direct Parking,98583,ELEC,AIRPORT,"24 hours daily; pay lot; Drivers must bring their own J1772 cordset for Level 1 charging",E,Public, ,False, ,2021/12/09 00:00:00+00,2023/07/12 00:00:00+00,2010/03/01 00:00:00+00,, ,17801 Pacific Hwy S,Seattle,98188,WA,US,47.443363,-122.296428,"Floor 4; row I", ,206-787-5388,P, ,Non-Networked,41,0,0,0, ,NEMA 5-20, ,Free, ,200-8
-13065441.6189,6050349.2652,1368,218,SCAFCO,98721,ELEC, , ,E,Public, , , ,2023/08/07 00:00:00+00,2023/08/07 00:00:00+00,2020/04/10 00:00:00+00,, ,2800 E Main Ave,Spokane,99020,WA,US,47.659232,-117.368859, , ,866-816-7584, ,8dab95a1-f7e5-461d-bcfc-0524e5fbe91e,EV Connect,0,2,0,2, ,J1772,http://evconnect.com/, , ,GPS
-13685567.4364,5949829.42379999,1369,219,BASKIN ROBBINS B-R #1,98737,ELEC, ,24 hours daily,T,Public, , , ,2023/08/07 00:00:00+00,2023/08/07 00:00:00+00,2018/06/05 00:00:00+00,2023/05/19 00:00:00+00, ,3010 Harrison Ave NW,Olympia,98502,WA,US,47.047492,-122.939544, , ,888-758-4389, ,USCPIL512781,ChargePoint Network,0,2,0,2, ,J1772,http://www.chargepoint.com/, , ,GPS
-13618228.2727,6056961.99599999,1370,220,DC CORRIDOR N SEA COLLEGE,98770,ELEC, ,24 hours daily,E,Public, , , ,2023/08/07 00:00:00+00,2023/08/07 00:00:00+00,2018/06/07 00:00:00+00,, ,9600 College Way N,Seattle,98103,WA,US,47.699227,-122.334626, , ,888-758-4389, ,USCPIL160139,ChargePoint Network,0,0,1,1, ,"CHAdeMO, CCS",http://www.chargepoint.com/, , ,GPS
-13072267.73,6049420.79689999,1371,221,LHM HONDA STATION 01,98810,ELEC, ,24 hours daily,E,Public, , , ,2023/08/07 00:00:00+00,2023/08/07 00:00:00+00,2018/06/09 00:00:00+00,, ,1208 W 3rd Ave,Spokane,99201,WA,US,47.653614,-117.430179, , ,888-758-4389, ,USCPIL503461,ChargePoint Network,0,2,0,2, ,J1772,http://www.chargepoint.com/, , ,GPS
-13029796.116,5848799.74120001,1372,222,Port of Clarkston,99171,ELEC, ,24 hours daily,E,Public, , , ,2023/08/07 00:00:00+00,2023/08/07 00:00:00+00,2017/05/01 00:00:00+00,, ,849 Port Way,Clarkston,99403,WA,US,46.425498,-117.04865, , ,855-900-7584, ,580,SHELL_RECHARGE,0,2,0,2, ,J1772,https://shellrecharge.com/en-us/solutions, , ,200-8
-13065575.6475,5980463.1551,1373,223,Rosalia - E 6th St,99183,ELEC, ,24 hours daily,E,Public, , , ,2023/08/07 00:00:00+00,2023/08/07 00:00:00+00,2017/05/01 00:00:00+00,, ,E 6th St,Rosalia,99170,WA,US,47.234673,-117.370063, , ,855-900-7584, ,621,SHELL_RECHARGE,0,2,0,2, ,J1772,https://shellrecharge.com/en-us/solutions, , ,GPS
-13035833.4173,6052388.51110001,1374,224,CITY OF LIBERTY LAKE,99200,ELEC, ,24 hours daily,E,Public, , , ,2023/08/07 00:00:00+00,2023/08/07 00:00:00+00,2018/06/14 00:00:00+00,, ,22710 E Country Vista Dr,Liberty Lake,99019,WA,US,47.671569,-117.102884, , ,855-900-7584, ,705,SHELL_RECHARGE,0,2,0,2, ,J1772,https://shellrecharge.com/en-us/solutions, , ,200-9
-13070716.159,6052066.4841,1375,225,Rock Pointe,99230,ELEC, ,24 hours daily,E,Public, , , ,2023/08/07 00:00:00+00,2023/08/07 00:00:00+00,2018/06/14 00:00:00+00,, ,1330 N. Washington St,Spokane,99201,WA,US,47.669621,-117.416241, , ,855-900-7584, ,812,SHELL_RECHARGE,0,3,0,3, ,J1772,https://shellrecharge.com/en-us/solutions, , ,200-9
-13049678.445,6045219.64399999,1376,226,STCU Valley,99262,ELEC, ,24 hours daily,E,Public, , , ,2023/08/07 00:00:00+00,2023/08/07 00:00:00+00,2018/06/14 00:00:00+00,, ,13211 E 32nd Ave,Spokane,99216,WA,US,47.628186,-117.227256, , ,855-900-7584, ,869,SHELL_RECHARGE,0,2,0,2, ,J1772,https://shellrecharge.com/en-us/solutions, , ,200-8
-13072449.4035,6050918.9889,1377,227,Kendall Yards,99263,ELEC, ,24 hours daily,E,Public, , , ,2023/08/07 00:00:00+00,2023/08/07 00:00:00+00,2017/10/30 00:00:00+00,, ,500 N Cedar St,Spokane,99201,WA,US,47.662679,-117.431811, , ,855-900-7584, ,870,SHELL_RECHARGE,0,2,1,3, ,"CHAdeMO, J1772, CCS",https://shellrecharge.com/en-us/solutions, , ,200-9
-13595832.2383,6043476.86810001,1378,228,805 156th NE Bellevue WA,99270,ELEC, ,24 hours daily,E,Public, , , ,2023/08/07 00:00:00+00,2023/08/07 00:00:00+00,2018/06/14 00:00:00+00,, ,805 156th NE,Bellevue,98007,WA,US,47.617634,-122.133439, , ,855-900-7584, ,910,SHELL_RECHARGE,0,2,0,2, ,J1772,https://shellrecharge.com/en-us/solutions, , ,200-9
-13680726.1518,5943884.2673,1379,229,AGR Olympia,99273,ELEC, ,24 hours daily,E,Public, , , ,2023/08/07 00:00:00+00,2023/08/07 00:00:00+00,2018/06/14 00:00:00+00,, ,3939 Cleveland Ave.,Olympia,98501,WA,US,47.011089,-122.896054, , ,855-900-7584, ,919,SHELL_RECHARGE,0,2,0,2, ,J1772,https://shellrecharge.com/en-us/solutions, , ,200-9
-13615732.1558,6037267.3725,1380,230,North Beacon Hill,99282,ELEC, ,24 hours daily,E,Public, , , ,2023/08/07 00:00:00+00,2023/08/07 00:00:00+00,2018/06/14 00:00:00+00,, ,2535 16th Ave S,Seattle,98144,WA,US,47.58002,-122.312203, , ,855-900-7584, ,998,SHELL_RECHARGE,0,0,2,2, ,"CHAdeMO, CCS",https://shellrecharge.com/en-us/solutions, , ,200-8
-13600957.9443,6043109.5955,1381,231,LNI Bellevue 120th NE,99293,ELEC, ,24 hours daily,E,Public, , , ,2023/08/07 00:00:00+00,2023/08/07 00:00:00+00,2018/06/14 00:00:00+00,, ,616 120th Aveneue NE,Bellevue,98005,WA,US,47.61541,-122.179484, , ,855-900-7584, ,1072,SHELL_RECHARGE,0,2,0,2, ,J1772,https://shellrecharge.com/en-us/solutions, , ,200-9
-13268003.2397,5809299.7771,1382,232,Kennewick,99296,ELEC, ,24 hours daily,E,Public, , , ,2023/08/07 00:00:00+00,2023/08/07 00:00:00+00,2018/06/14 00:00:00+00,, ,2901 Southridge Blvd,Kennewick,99337,WA,US,46.180363,-119.188501, , ,855-900-7584, ,1092,SHELL_RECHARGE,0,1,1,2, ,"CHAdeMO, J1772, CCS",https://shellrecharge.com/en-us/solutions, , ,200-9
-13419475.2256,5941133.2917,1383,233,Ellensburg,99297,ELEC, ,24 hours daily,E,Public, , , ,2023/08/07 00:00:00+00,2023/08/07 00:00:00+00,2018/06/14 00:00:00+00,, ,269-299 N Main St,Ellensburg,98926,WA,US,46.994236,-120.549197, , ,855-900-7584, ,1093,SHELL_RECHARGE,0,1,1,2, ,"CHAdeMO, J1772, CCS",https://shellrecharge.com/en-us/solutions, , ,200-8
-13064508.2049,6052651.2,1384,234,Spokane Community College,99298,ELEC, ,24 hours daily,E,Public, , , ,2023/08/07 00:00:00+00,2023/08/07 00:00:00+00,2018/06/14 00:00:00+00,, ,1810 N Greene BLDG 8,Spokane,99217,WA,US,47.673158,-117.360474, , ,855-900-7584, ,1096,SHELL_RECHARGE,0,2,0,2, ,J1772,https://shellrecharge.com/en-us/solutions, , ,200-9
-13076082.315,6052996.55979999,1385,235,SFCC,99303,ELEC, ,24 hours daily,E,Public, , , ,2023/08/07 00:00:00+00,2023/08/07 00:00:00+00,2018/06/14 00:00:00+00,, ,3410 W Fort George Wright Dr,Spokane,99224,WA,US,47.675247,-117.464446, , ,855-900-7584, ,1121,SHELL_RECHARGE,0,4,0,4, ,J1772,https://shellrecharge.com/en-us/solutions, , ,200-8
-13602204.3886,6066659.52880001,1386,236,UWB CASCADIA CC SOUTH LEVEL 4 S,99405,ELEC, ,24 hours daily,E,Public, , , ,2023/08/07 00:00:00+00,2023/08/07 00:00:00+00,2018/06/22 00:00:00+00,, ,Campus Way NE,Bothell,98011,WA,US,47.757824,-122.190681, , ,888-758-4389, ,USCPIL273011,ChargePoint Network,0,2,0,2, ,J1772,http://www.chargepoint.com/, , ,GPS
-13603374.913,6042959.8175,1387,237,LINC SQUARE EXP LSS P2 106-107,99407,ELEC, ,24 hours daily,E,Public, , , ,2023/08/07 00:00:00+00,2023/08/07 00:00:00+00,2018/06/22 00:00:00+00,, ,440 Bellevue Way NE,Bellevue,98004,WA,US,47.614503,-122.201196, , ,888-758-4389, ,USCPIL209093,ChargePoint Network,0,2,0,2, ,J1772,http://www.chargepoint.com/, , ,GPS
-13603358.7717,6042928.1118,1388,238,LINC SQUARE EXP LSS P2 109-110,99408,ELEC, ,24 hours daily,E,Public, , , ,2023/08/07 00:00:00+00,2023/08/07 00:00:00+00,2018/06/22 00:00:00+00,, ,424 104th Ave NE,Bellevue,98004,WA,US,47.614311,-122.201051, , ,888-758-4389, ,USCPIL209091,ChargePoint Network,0,2,0,2, ,J1772,http://www.chargepoint.com/, , ,GPS
-13603334.0588,6043000.936,1389,239,LINC SQUARE EXP LSS P2 100-101,99409,ELEC, ,24 hours daily,E,Public, , , ,2023/08/07 00:00:00+00,2023/08/07 00:00:00+00,2018/06/22 00:00:00+00,, ,414 104th Ave NE,Bellevue,98004,WA,US,47.614752,-122.200829, , ,888-758-4389, ,USCPIL206847,ChargePoint Network,0,2,0,2, ,J1772,http://www.chargepoint.com/, , ,GPS
-13603325.3759,6042983.92719999,1390,240,LINC SQUARE EXP LSS P2 92-93,99410,ELEC, ,24 hours daily,E,Public, , , ,2023/08/07 00:00:00+00,2023/08/07 00:00:00+00,2018/06/22 00:00:00+00,, ,500 Bellevue Way NE,Bellevue,98004,WA,US,47.614649,-122.200751, , ,888-758-4389, ,USCPIL206777,ChargePoint Network,0,2,0,2, ,J1772,http://www.chargepoint.com/, , ,GPS
-13617764.0704,6040143.58329999,1391,241,DC CORRIDOR SEAHAWK 12A,99591,ELEC, ,24 hours daily,T,Public, , , ,2023/08/07 00:00:00+00,2023/08/07 00:00:00+00,2018/07/04 00:00:00+00,2022/09/09 00:00:00+00, ,338 Weller St Bridge,Seattle,98134,WA,US,47.597446,-122.330456, , ,888-758-4389, ,USCPIL159103,ChargePoint Network,0,0,1,1, ,"CHAdeMO, CCS",http://www.chargepoint.com/, , ,GPS
-13629697.5198,5983247.74789999,1392,242,TAC PW PARKING PACIFIC PLAZA,99621,ELEC, ,24 hours daily,E,Public, , , ,2023/08/07 00:00:00+00,2023/08/07 00:00:00+00,2018/07/06 00:00:00+00,, ,1301 Pacific Ave,Tacoma,98402,WA,US,47.251655,-122.437656, , ,888-758-4389, ,USCPIL342911,ChargePoint Network,0,2,0,2, ,J1772,http://www.chargepoint.com/, , ,GPS
-13822617.0917,5949037.1118,1393,243,QBRC QBRC 1,99705,ELEC, ,24 hours daily,E,Public, , , ,2023/08/07 00:00:00+00,2023/08/07 00:00:00+00,2018/07/12 00:00:00+00,, ,78 SR 115,Ocean Shores,98569,WA,US,47.042642,-124.170682, , ,888-758-4389, ,USCPIL260361,ChargePoint Network,0,2,0,2, ,J1772,http://www.chargepoint.com/, , ,GPS
-13659371.1773001,5723391.4349,1394,244,PORT VANCOUVER ADMIN,99807,ELEC, ,24 hours daily,T,Public, , , ,2023/08/07 00:00:00+00,2023/08/07 00:00:00+00,2018/07/19 00:00:00+00,2023/01/25 00:00:00+00, ,3103 NW Lower River Rd,Vancouver,98660,WA,US,45.643429,-122.704219, , ,888-758-4389, ,USCPIL518991,ChargePoint Network,0,2,0,2, ,J1772,http://www.chargepoint.com/, , ,GPS
-13598299.3009,6066167.2482,1395,245,BLOCK C LOT 8 STARBUCKS WOODI,100012,ELEC, ,24 hours daily,T,Public, , , ,2023/08/07 00:00:00+00,2023/08/07 00:00:00+00,2018/07/31 00:00:00+00,2023/03/13 00:00:00+00, ,13780 NE 175th St,Woodinville,98072,WA,US,47.754851,-122.155601, , ,888-758-4389, ,USCPIL599701,ChargePoint Network,0,2,0,2, ,J1772,http://www.chargepoint.com/, , ,GPS
-13581969.8448,6031502.4843,1396,246,ESSEX HIGHLANDS,100055,ELEC, ,24 hours daily,E,Public, , , ,2023/08/07 00:00:00+00,2023/08/07 00:00:00+00,2018/08/02 00:00:00+00,, ,1460 NE Hawthorne Street,Issaquah,98029,WA,US,47.545075,-122.008911, , ,888-758-4389, ,USCPIL158211,ChargePoint Network,0,2,0,2, ,J1772,http://www.chargepoint.com/, , ,GPS
-13606804.2213,6019384.9187,1397,247,BLACKRIVER JSH DUAL #1,100346,ELEC, ,24 hours daily,E,Public, , , ,2023/08/07 00:00:00+00,2023/08/07 00:00:00+00,2018/08/11 00:00:00+00,, ,923 Powell Ave SW,Renton,98057,WA,US,47.471546,-122.232002, , ,888-758-4389, ,USCPIL607611,ChargePoint Network,0,2,0,2, ,J1772,http://www.chargepoint.com/, , ,GPS
-13606957.7309001,6019859.38759999,1398,248,BLACKRIVER BLACKRIVER #3,100365,ELEC, ,24 hours daily,E,Public, , , ,2023/08/07 00:00:00+00,2023/08/07 00:00:00+00,2018/08/12 00:00:00+00,, ,620 Naches Ave SW,Renton,98057,WA,US,47.474427,-122.233381, , ,888-758-4389, ,USCPIL607631,ChargePoint Network,0,1,0,1, ,J1772,http://www.chargepoint.com/, , ,GPS
-13651879.0416,6064805.1369,1399,249,CHARGEPOINT CENTRAL MARKET,100402,ELEC, ,24 hours daily,E,Public, , , ,2023/08/07 00:00:00+00,2023/08/07 00:00:00+00,2018/08/16 00:00:00+00,, ,20148 10th Ave. NE,Poulsbo,98370,WA,US,47.746624,-122.636916, , ,888-758-4389, ,USCPIL112347,ChargePoint Network,0,2,0,2, ,J1772,http://www.chargepoint.com/, , ,GPS
-13614652.0227,6073464.0958,1400,250,MTE EDMONDS SCHOOL,100416,ELEC, ,24 hours daily,T,Public, , , ,2023/08/07 00:00:00+00,2023/08/07 00:00:00+00,2018/08/17 00:00:00+00,2022/11/22 00:00:00+00, ,21975 52nd Ave W,Mountlake Terrace,98043,WA,US,47.798901,-122.3025, , ,888-758-4389, ,USCPIL453341,ChargePoint Network,0,2,0,2, ,J1772,http://www.chargepoint.com/, , ,GPS
-13782854.1035,5938268.3221,1401,251,"Aberdeen, WA - Tesla Supercharger",102483,ELEC, ,24 hours daily,E,Public, , , ,2023/07/01 00:00:00+00,2023/07/14 00:00:00+00,2017/01/15 00:00:00+00,, ,416 Wishkah Street,Aberdeen,98520,WA,US,46.976679,-123.813485, , ,877-798-3752,P,2541,Tesla,0,0,8,8, ,Tesla,https://www.tesla.com/supercharger,"$0.28 per kWh; $0.26 per minute above 60 kW and $0.13 per minute at or below 60 kW", ,GPS
-13601404.0015,6142270.49859999,1402,252,Angel of the Winds Casino - Tesla Supercharger,102484,ELEC,OTHER_ENTERTAINMENT,24 hours daily,E,Public, , , ,2023/07/01 00:00:00+00,2023/07/14 00:00:00+00,2017/03/01 00:00:00+00,, ,3438 Stoluckquamish Lane,Arlington,98223,WA,US,48.212441,-122.183491, , ,877-798-3752,P,2996,Tesla,0,0,16,16, ,Tesla,https://www.tesla.com/supercharger,"$0.28 per kWh; $0.26 per minute above 60 kW and $0.13 per minute at or below 60 kW", ,GPS
-13618679.6732,6192080.7805,1403,253,Fairfield Inn & Suites Burlington - Tesla Supercharger,102485,ELEC, ,24 hours daily,E,Public, , , ,2023/07/01 00:00:00+00,2023/07/14 00:00:00+00,2013/06/01 00:00:00+00,, ,9384 Old Highway 99 North,Burlington,98233,WA,US,48.509743,-122.338681, , ,877-798-3752,P,2542,Tesla,0,0,10,10, ,Tesla,https://www.tesla.com/supercharger,"$0.28 per kWh; $0.26 per minute above 60 kW and $0.13 per minute at or below 60 kW", ,200-8
-13689780.6565,5898093.23080001,1404,254,Centralia Outlets - Tesla Supercharger,102486,ELEC, ,24 hours daily,E,Public, , , ,2023/07/01 00:00:00+00,2023/07/14 00:00:00+00,2013/06/01 00:00:00+00,, ,1200 Lum Rd,Centralia,98531,WA,US,46.729872,-122.977392, , ,877-798-3752,P,2543,Tesla,0,0,20,20, ,Tesla,https://www.tesla.com/supercharger,"$0.28 per kWh; $0.26 per minute above 60 kW and $0.13 per minute at or below 60 kW", ,200-9
-13418631.7578,5938307.316,1405,255,Holiday Inn Express - Tesla Supercharger,102487,ELEC, ,24 hours daily,E,Public, , , ,2023/07/01 00:00:00+00,2023/07/14 00:00:00+00,2013/12/15 00:00:00+00,, ,1620 Canyon Rd,Ellensburg,98926,WA,US,46.976918,-120.54162, , ,877-798-3752,P,2544,Tesla,0,0,5,5, ,Tesla,https://www.tesla.com/supercharger,"$0.28 per kWh; $0.26 per minute above 60 kW and $0.13 per minute at or below 60 kW", ,GPS
-13265129.6384,5812141.46010001,1406,256,Fred Meyer - Tesla Supercharger,102488,ELEC, ,24 hours daily,E,Public, , , ,2023/07/01 00:00:00+00,2023/07/14 00:00:00+00,2015/08/01 00:00:00+00,, ,2811 West 10th Ave.,Kennewick,99336,WA,US,46.198035,-119.162687, , ,877-798-3752,P,2545,Tesla,0,0,8,8, ,Tesla,https://www.tesla.com/supercharger,"$0.28 per kWh; $0.26 per minute above 60 kW and $0.13 per minute at or below 60 kW", ,200-9
-13611188.7621,6081391.2868,1407,257,Fred Meyer - Tesla Supercharger,102489,ELEC, ,24 hours daily,E,Public, , , ,2023/07/01 00:00:00+00,2023/07/14 00:00:00+00,2018/07/23 00:00:00+00,, ,2902 164th Street SW,Lynnwood,98087,WA,US,47.846714,-122.271389, , ,877-798-3752,P,3583,Tesla,0,0,10,10, ,Tesla,https://www.tesla.com/supercharger,"$0.28 per kWh; $0.26 per minute above 60 kW and $0.13 per minute at or below 60 kW", ,200-9
-13176701.9990001,5961076.9145,1408,258,Best Western Plus Bronco Inn - Tesla Supercharger,102491,ELEC, ,24 hours daily,E,Public, , , ,2023/07/01 00:00:00+00,2023/07/14 00:00:00+00,2014/06/15 00:00:00+00,, ,105 W Galbreath Way,Ritzville,99169,WA,US,47.116294,-118.368328, , ,877-798-3752,P,2546,Tesla,0,0,4,4, ,Tesla,https://www.tesla.com/supercharger,"$0.28 per kWh; $0.26 per minute above 60 kW and $0.13 per minute at or below 60 kW", ,200-9
-13700599.6865,6118685.5056,1409,259,Holiday Inn Express & Suites - Tesla Supercharger,102492,ELEC, ,24 hours daily,E,Public, , , ,2023/07/01 00:00:00+00,2023/07/14 00:00:00+00,2017/09/01 00:00:00+00,, ,1441 E Washington Street,Sequim,98382,WA,US,48.071064,-123.074581, , ,877-798-3752,P,2836,Tesla,0,0,8,8, ,Tesla,https://www.tesla.com/supercharger,"$0.28 per kWh; $0.26 per minute above 60 kW and $0.13 per minute at or below 60 kW", ,200-9
-13654867.5246,5735849.1887,1410,260,Fred Meyer Salmon Creek - Tesla Supercharger,102493,ELEC, ,24 hours daily,E,Public, , , ,2023/07/01 00:00:00+00,2023/07/14 00:00:00+00,2018/07/23 00:00:00+00,, ,800 NE Tenney Road,Vancouver,98685,WA,US,45.721613,-122.663762, , ,877-798-3752,P,3651,Tesla,0,0,12,12, ,Tesla,https://www.tesla.com/supercharger,"$0.28 per kWh; $0.26 per minute above 60 kW and $0.13 per minute at or below 60 kW", ,200-9
-13431370.6037001,6040313.6177,1411,261,Dan's Food Market - Tesla Supercharger,102594,ELEC,GROCERY,24 hours daily,E,Public, , , ,2023/07/01 00:00:00+00,2023/07/14 00:00:00+00,2018/07/01 00:00:00+00,, ,1329 US-2,Leavenworth,98826,WA,US,47.598476,-120.656055, , ,877-798-3752,P,4125,Tesla,0,0,16,16, ,Tesla,https://www.tesla.com/supercharger,"$0.28 per kWh; $0.26 per minute above 60 kW and $0.13 per minute at or below 60 kW", ,200-9
-13788408.3895,6101760.6062,1412,262,Olympic National Park - Sol Duc Hot Springs Resort,103554,ELEC,NATL_PARK,24 hours daily,E,Public, ,False, ,2022/01/10 00:00:00+00,2023/07/13 00:00:00+00,2018/09/01 00:00:00+00,, ,12076 Sol Duc Hot Springs Rd,Port Angeles,98363,WA,US,47.96937,-123.86338, , ,"888-896-3818, 360-565-3130",P, ,Non-Networked,0,2,0,2, ,J1772, , , ,200-9
-13617020.3448999,6057217.87719999,1413,263,DC CORRIDOR NORTHGATE DC1,103573,ELEC, ,24 hours daily,T,Public, , , ,2023/08/07 00:00:00+00,2023/08/07 00:00:00+00,2018/09/27 00:00:00+00,2022/09/18 00:00:00+00, ,9800 4th Ave NE,Seattle,98115,WA,US,47.700774,-122.323775, , ,888-758-4389, ,USCPIL158755,ChargePoint Network,0,0,1,1, ,"CHAdeMO, CCS",http://www.chargepoint.com/, , ,GPS
-13411675.4028,5889605.77399999,1414,264,Yakima,103581,ELEC, ,24 hours daily,E,Public, , , ,2023/08/07 00:00:00+00,2023/08/07 00:00:00+00,2018/09/27 00:00:00+00,, ,51 Firing Center Rd,Yakima,98901,WA,US,46.677586,-120.47913, , ,855-900-7584, ,1201,SHELL_RECHARGE,0,1,1,2, ,"CHAdeMO, J1772, CCS",https://shellrecharge.com/en-us/solutions, , ,200-9
-13260846.9549,5819243.713,1415,265,Pasco,103586,ELEC, ,24 hours daily,E,Public, , , ,2023/08/07 00:00:00+00,2023/08/07 00:00:00+00,2018/09/27 00:00:00+00,, ,2411 W Court St,pasco,99301,WA,US,46.242178,-119.124215, , ,855-900-7584, ,1238,SHELL_RECHARGE,0,1,1,2, ,"CHAdeMO, J1772, CCS",https://shellrecharge.com/en-us/solutions, , ,200-9
-13069122.9544,6068494.7764,1416,266,Wandermere,103612,ELEC, ,24 hours daily,E,Public, , , ,2023/08/07 00:00:00+00,2023/08/07 00:00:00+00,2018/09/27 00:00:00+00,, ,438 E Hasting Rd.,Spokane,99218,WA,US,47.768906,-117.401929, , ,855-900-7584, ,1279,SHELL_RECHARGE,0,0,1,1, ,"CHAdeMO, CCS",https://shellrecharge.com/en-us/solutions, , ,200-9
-13618997.4904,6045337.5815,1417,267,1101 WESTLAKE FB WESTLAKE 2,103654,ELEC, ,24 hours daily,E,Public, , , ,2023/08/07 00:00:00+00,2023/08/07 00:00:00+00,2018/09/29 00:00:00+00,, ,1101 Westlake Ave N,Seattle,98109,WA,US,47.6289,-122.341536, , ,888-758-4389, ,USCPIL195413,ChargePoint Network,0,2,0,2, ,J1772,http://www.chargepoint.com/, , ,GPS
-13479675.359,6064754.6434,1418,268,STEVENS PASS SPMR DUAL #2,103884,ELEC, ,24 hours daily,T,Public, , , ,2023/08/07 00:00:00+00,2023/08/07 00:00:00+00,2018/10/05 00:00:00+00,2023/04/10 00:00:00+00, ,Stevens Pass Mountain Resort,Skykomish,98288,WA,US,47.746319,-121.089984, , ,888-758-4389, ,USCPIL542491,ChargePoint Network,0,2,0,2, ,J1772,http://www.chargepoint.com/, , ,GPS
-13479677.2515,6064781.62839999,1419,269,STEVENS PASS SPMR DUAL #1,103885,ELEC, ,24 hours daily,T,Public, , , ,2023/08/07 00:00:00+00,2023/08/07 00:00:00+00,2018/10/05 00:00:00+00,2022/09/09 00:00:00+00, ,Stevens Pass Mountain Resort  Skykomish Washi,Skykomish,98288,WA,US,47.746482,-121.090001, , ,888-758-4389, ,USCPIL512661,ChargePoint Network,0,2,0,2, ,J1772,http://www.chargepoint.com/, , ,GPS
-13825444.6067999,5974020.13509999,1420,270,Seabrook Street Parking,103924,ELEC,STREET_PARKING,24 hours daily,E,Public, ,False, ,2022/01/10 00:00:00+00,2022/02/10 00:00:00+00,2014/02/01 00:00:00+00,, ,169 Blackberry St,Copalis Crossing,98356,WA,US,47.195359,-124.196082, , ,360-276-0265,P, ,Non-Networked,0,1,0,1, ,J1772, ,Free, ,GPS
-13827762.5012,5981408.6884,1421,271,Gull Wing Inn,103925,ELEC,HOTEL,24 hours daily,E,Public, ,False, ,2022/06/14 00:00:00+00,2023/02/14 00:00:00+00,2017/07/01 00:00:00+00,, ,4852 Pacific Ave,Moclips,98562,WA,US,47.24044,-124.216904, , ,360-276-0014,P, ,Non-Networked,0,1,0,1, ,J1772, ,Free, ,GPS
-13071754.9925,6057193.06609999,1422,272,Washington State Department of Ecology - Public Parking Lot,104058,ELEC,PARKING_LOT,24 hours daily,E,Public, ,False, ,2022/06/14 00:00:00+00,2023/02/14 00:00:00+00,2018/10/01 00:00:00+00,, ,4601 N Monroe St,Spokane,99205,WA,US,47.700624,-117.425573, , ,"509-329-3400, 888-758-4389",P, ,Non-Networked,0,6,0,6, ,J1772, ,Free, ,GPS
-13624259.7854,6051956.3894,1423,273,AMLI MARK 24 MARK 24 1,104162,ELEC, ,24 hours daily,T,Public, , , ,2023/08/06 00:00:00+00,2023/08/06 00:00:00+00,2018/10/15 00:00:00+00,2023/08/06 00:00:00+00, ,2428 NW Market St,Seattle,98107,WA,US,47.668955,-122.388808, , ,888-758-4389, ,USCPIL108319,ChargePoint Network,0,2,0,2, ,J1772,http://www.chargepoint.com/, , ,GPS
-13659836.2701,5756717.61460001,1424,274,Ilani Casino Resort,104265,ELEC,HOTEL,24 hours daily,E,Public, ,False, ,2023/01/10 00:00:00+00,2023/02/14 00:00:00+00,2018/10/01 00:00:00+00,, ,3710 NW 319th St,Ridgefield,98642,WA,US,45.852337,-122.708397, , ,877-464-5264,P, ,Non-Networked,0,5,0,5, ,J1772, ,Free, ,GPS
-13614197.2826,6059277.4433,1425,275,DC CORRIDOR SEATTLE MINI,104285,ELEC, ,24 hours daily,T,Public, , , ,2023/08/07 00:00:00+00,2023/08/07 00:00:00+00,2018/10/20 00:00:00+00,2023/01/21 00:00:00+00, ,11536 Lake City Way NE,Seattle,98125,WA,US,47.713224,-122.298415, , ,888-758-4389, ,USCPIL158807,ChargePoint Network,0,0,1,1, ,"CHAdeMO, CCS",http://www.chargepoint.com/, , ,GPS
-13620203.6371,6043711.7061,1426,276,DC CORRIDOR PAC SCI L2,104286,ELEC, ,24 hours daily,T,Public, , , ,2023/08/07 00:00:00+00,2023/08/07 00:00:00+00,2018/10/20 00:00:00+00,2023/04/21 00:00:00+00, ,200 2nd Ave N,Seattle,98109,WA,US,47.619056,-122.352371, , ,888-758-4389, ,USCPIL5374141,ChargePoint Network,0,2,0,2, ,J1772,http://www.chargepoint.com/, , ,GPS
-13615204.1674,6048814.98300001,1427,277,UWMC SURGERY STATION 2,104371,ELEC, ,24 hours daily,E,Public, , , ,2023/08/07 00:00:00+00,2023/08/07 00:00:00+00,2018/10/25 00:00:00+00,, ,1959 NE Pacific St,Seattle,98195,WA,US,47.649948,-122.30746, , ,888-758-4389, ,USCPIL669461,ChargePoint Network,0,2,0,2, ,J1772,http://www.chargepoint.com/, , ,GPS
-13619480.1717,6044433.1051,1428,278,BMGF BMGF EV 02,104381,ELEC, ,24 hours daily,E,Public, , , ,2023/08/07 00:00:00+00,2023/08/07 00:00:00+00,2018/10/26 00:00:00+00,, ,500 5th Ave N,Seattle,98109,WA,US,47.623424,-122.345872, , ,888-758-4389, ,USCPIL670571,ChargePoint Network,0,2,0,2, ,J1772,http://www.chargepoint.com/, , ,GPS
-13596364.4568001,5994620.1927,1429,279,Pacific Raceways,104408,ELEC,OTHER_ENTERTAINMENT,"By appointment only; J1772 adapter available",E,Public,CALL,True, ,2022/08/10 00:00:00+00,2023/02/14 00:00:00+00,2017/04/01 00:00:00+00,, ,31001 144th Ave SE,Kent,98042,WA,US,47.320954,-122.13822, , ,253-639-5927,P, ,Non-Networked,0,2,0,2, ,Tesla, ,Free, ,GPS
-13585425.647,6031998.23399999,1430,280,Fred Meyer - Tesla Supercharger,104446,ELEC,GROCERY,24 hours daily,E,Public, , , ,2023/07/01 00:00:00+00,2023/07/14 00:00:00+00,2018/10/01 00:00:00+00,, ,6100 East Lake Sammamish Parkway SE,Issaquah,98029,WA,US,47.548081,-122.039955, , ,877-798-3752,P,3646,Tesla,0,0,8,8, ,Tesla,https://www.tesla.com/supercharger,"$0.28 per kWh; $0.26 per minute above 60 kW and $0.13 per minute at or below 60 kW", ,GPS
-13617074.3349,6050737.6715,1431,281,Bedrooms & More,104475,ELEC,SHOPPING_CENTER,"9am-8pm M-F, 9am-6pm Sat, 10am-6pm Sun; for customer use only",E,Public, ,True, ,2023/06/12 00:00:00+00,2023/06/12 00:00:00+00,2018/10/01 00:00:00+00,, ,324 NE 45th St,Seattle,98105,WA,US,47.661582,-122.32426, , ,206-633-4494,P, ,Non-Networked,0,1,0,1, ,J1772, ,Free for customers, ,200-9
-13586260.5432001,6033127.8776,1432,282,ISD411 ADMIN CENTER 1,104574,ELEC, ,24 hours daily,E,Public, , , ,2023/08/07 00:00:00+00,2023/08/07 00:00:00+00,2018/11/08 00:00:00+00,, ,5150 220th Ave SE,Issaquah,98029,WA,US,47.55493,-122.047455, , ,888-758-4389, ,USCPIL691021,ChargePoint Network,0,2,0,2, ,J1772,http://www.chargepoint.com/, , ,GPS
-13379047.994,6186976.51210001,1433,283,Guy Waring Guest House,104823,ELEC,HOTEL,"24 hours daily; for guest use only",E,Public, ,True, ,2022/08/10 00:00:00+00,2023/02/14 00:00:00+00,2018/01/01 00:00:00+00,, ,110 Riverside Ave,Winthrop,98862,WA,US,48.479357,-120.186033, , ,425-742-0843,P, ,Non-Networked,0,1,0,1, ,J1772, ,Free, ,200-8
-13693666.5973001,5909238.29770001,1434,284,Grand Mound Liquor Store,104981,ELEC,SHOPPING_CENTER,24 hours daily,E,Public, ,False, ,2022/06/14 00:00:00+00,2023/02/14 00:00:00+00,2017/01/01 00:00:00+00,, ,19947 Old Highway 99 SW,Rochester,98579,WA,US,46.798453,-123.0123, , ,360-273-6748,P, ,Non-Networked,0,2,0,2, ,J1772, ,Free, ,GPS
-13598638.0461,6037649.57970001,1435,285,KING COUNTY DES FACTORIA TRANSF,105066,ELEC, ,24 hours daily,E,Public, , , ,2023/08/07 00:00:00+00,2023/08/07 00:00:00+00,2018/12/01 00:00:00+00,, ,13800 SE 32nd St,Bellevue,98005,WA,US,47.582336,-122.158644, , ,888-758-4389, ,USCPIL191605,ChargePoint Network,0,2,0,2, ,J1772,http://www.chargepoint.com/, , ,GPS
-13607383.5279,6038604.5115,1436,286,ALJOYA 1 EV CHARGER,105118,ELEC, ,24 hours daily,E,Public, , , ,2023/08/07 00:00:00+00,2023/08/07 00:00:00+00,2018/12/06 00:00:00+00,, ,2430 76th Ave SE,Mercer Island,98040,WA,US,47.588122,-122.237206, , ,888-758-4389, ,USCPIL706511,ChargePoint Network,0,2,0,2, ,J1772,http://www.chargepoint.com/, , ,GPS
-13125101.9641,6197824.68260001,1437,287,Colville City Hall,105123,ELEC, ,24 hours daily,E,Public, , , ,2023/08/07 00:00:00+00,2023/08/07 00:00:00+00,2018/12/06 00:00:00+00,, ,158 E 1st Ave,Colville,99114,WA,US,48.543915,-117.904797, , ,855-900-7584, ,1354,SHELL_RECHARGE,0,2,0,2, ,J1772,https://shellrecharge.com/en-us/solutions, , ,200-9
-13619270.0005,6043370.84629999,1438,288,INSIGNIA 953 215 216,105150,ELEC, ,24 hours daily,E,Public, , , ,2023/08/07 00:00:00+00,2023/08/07 00:00:00+00,2018/12/08 00:00:00+00,, ,583 Battery St,Seattle,98121,WA,US,47.616992,-122.343984, , ,888-758-4389, ,USCPIL163149,ChargePoint Network,0,2,0,2, ,J1772,http://www.chargepoint.com/, , ,GPS
-13411948.4695,5877713.36669999,1439,289,Harvest Chevrolet,105361,ELEC,CAR_DEALER,24 hours daily,E,Public,CALL,False, ,2022/06/14 00:00:00+00,2023/02/14 00:00:00+00,2018/12/01 00:00:00+00,, ,1600 E Yakima Ave,Yakima,98901,WA,US,46.604239,-120.481583, , ,509-731-3938,P, ,Non-Networked,0,2,1,3, ,"J1772, CCS", ,Free, ,GPS
-13395844.4354,6018712.5381,1440,290,Cascade Chevrolet,105362,ELEC,CAR_DEALER,"Dealership business hours; for Chevrolet use only",E,Public,CALL,True, ,2022/09/14 00:00:00+00,2023/02/14 00:00:00+00,2018/12/01 00:00:00+00,, ,148 Easy St,Wenatchee,98801,WA,US,47.467463,-120.336918, , ,509-888-2985,P, ,Non-Networked,0,1,1,2, ,"J1772, CCS", ,Free, ,GPS
-13601476.4705,6142572.53649999,1441,291,Angel of the Winds Casino - Tesla Destination,116073,ELEC,OTHER_ENTERTAINMENT, ,E,Public, , , ,2022/10/06 00:00:00+00,2023/01/18 00:00:00+00,2016/11/01 00:00:00+00,, ,3438 Stoluckquamish Ln,Arlington,98223,WA,US,48.214249,-122.184142, , ,"360-474-9740, 877-798-3752",P,502690,Tesla Destination,0,3,0,3, ,Tesla,https://www.tesla.com/destination-charging,Free, ,200-9
-13573985.7882,5901587.2842,1442,292,Alexander's Lodge & Restaurant - Tesla Destination,116074,ELEC,HOTEL, ,E,Public, , , ,2022/10/06 00:00:00+00,2023/01/18 00:00:00+00,2016/01/13 00:00:00+00,, ,37515 SR 706 E,Ashford,98304,WA,US,46.751382,-121.937189, , ,"360-569-2300, 877-798-3752",P,500692,Tesla Destination,0,2,0,2, ,Tesla,https://www.tesla.com/destination-charging,Free, ,200-9
-13602517.3077,6043471.4183,1443,293,Courtyard by Marriott Seattle Bellevue/Downtown - Tesla Destination,116075,ELEC,HOTEL, ,E,Public, , , ,2022/10/06 00:00:00+00,2023/01/18 00:00:00+00,2017/02/24 00:00:00+00,, ,11010 NE 8th St,Bellevue,98004,WA,US,47.617601,-122.193492, , ,"425-454-5888, 877-798-3752",P,504789,Tesla Destination,0,2,0,2, ,Tesla,https://www.tesla.com/destination-charging,Free, ,200-9
-13602531.3339,6042520.73700001,1444,294,Marriott Bellevue - Tesla Destination,116076,ELEC,HOTEL, ,E,Public, , , ,2022/10/06 00:00:00+00,2023/01/18 00:00:00+00,2015/10/06 00:00:00+00,, ,200 110th Ave,Bellevue,98004,WA,US,47.611844,-122.193618, , ,"425-214-7600, 877-798-3752",P,510339,Tesla Destination,0,3,0,3, ,"J1772, Tesla",https://www.tesla.com/destination-charging,Free, ,200-9
-13602985.9627,6042603.4654,1445,295,Marriott AC Bellevue - Tesla Destination,116077,ELEC,HOTEL, ,E,Public, , , ,2022/10/06 00:00:00+00,2023/01/18 00:00:00+00,2017/08/29 00:00:00+00,, ,208 106th Pl NE,Bellevue,98004,WA,US,47.612345,-122.197702, , ,"425-625-2450, 877-798-3752",P,502744,Tesla Destination,0,4,0,4, ,"J1772, Tesla",https://www.tesla.com/destination-charging,Free, ,200-8
-13602082.0485,6041818.65069999,1446,296,Hilton Bellevue - Tesla Destination,116078,ELEC,HOTEL, ,E,Public, , , ,2022/10/06 00:00:00+00,2023/01/18 00:00:00+00,2015/10/02 00:00:00+00,, ,300 112th Ave SE,Bellevue,98004,WA,US,47.607592,-122.189582, , ,"425-455-1300, 877-798-3752",P,500099,Tesla Destination,0,2,0,2, ,Tesla,https://www.tesla.com/destination-charging,Free, ,200-8
-13636267.4849,6233256.2202,1447,297,Hotel Bellwether - Tesla Destination,116079,ELEC,HOTEL, ,E,Public, , , ,2022/10/06 00:00:00+00,2023/01/18 00:00:00+00,2015/09/24 00:00:00+00,, ,1 Bellwether Way,Bellingham,98225,WA,US,48.754197,-122.496675, , ,"360-392-3100, 877-798-3752",P,509994,Tesla Destination,0,3,0,3, ,"J1772, Tesla",https://www.tesla.com/destination-charging,Free, ,200-9
-13634856.6216,6238144.7463,1448,298,Best Western Plus Heritage Inn - Tesla Destination,116080,ELEC,HOTEL, ,E,Public, , , ,2022/10/06 00:00:00+00,2023/01/18 00:00:00+00,2015/02/13 00:00:00+00,, ,151 McLeod Rd,Bellingham,98226,WA,US,48.783141,-122.484001, , ,"360-647-1912, 877-798-3752",P,506098,Tesla Destination,0,1,0,1, ,Tesla,https://www.tesla.com/destination-charging,Free, ,GPS
-13635241.6758,6239020.6008,1449,299,Oxford Suites Bellingham - Tesla Destination,116081,ELEC,HOTEL, ,E,Public, , , ,2022/10/06 00:00:00+00,2023/01/18 00:00:00+00,2016/03/15 00:00:00+00,, ,4051 Meridian St,Bellingham,98226,WA,US,48.788325,-122.48746, , ,"542-610-3401, 877-798-3752",P,500032,Tesla Destination,0,2,0,2, ,"J1772, Tesla",https://www.tesla.com/destination-charging,Free, ,200-9
-13297278.6739,5827922.4621,1450,300,Hamilton Cellars - Tesla Destination,116082,ELEC,BREWERY_DISTILLERY_WINERY, ,E,Public, , , ,2022/10/06 00:00:00+00,2023/01/18 00:00:00+00,2015/07/14 00:00:00+00,, ,55410 N Sunset Rd,Benton City,99320,WA,US,46.2960713,-119.4514867, , ,"509-628-8227, 877-798-3752",P,504109,Tesla Destination,0,3,0,3, ,"J1772, Tesla",https://www.tesla.com/destination-charging,Free, ,200-8
-13667188.9225,6273247.22139999,1451,301,Semiahmoo Resort & Spa - Tesla Destination,116083,ELEC,HOTEL, ,E,Public, , , ,2022/10/06 00:00:00+00,2023/01/18 00:00:00+00,2015/01/28 00:00:00+00,, ,9565 Semiahmoo Pkwy,Blaine,98230,WA,US,48.990486,-122.774447, , ,"360-318-2000, 877-798-3752",P,506107,Tesla Destination,0,1,0,1, ,Tesla,https://www.tesla.com/destination-charging,Free, ,200-9
-13561059.035,5737112.9221,1452,302,Carson Ridge Luxury Cabins - Tesla Destination,116084,ELEC,HOTEL, ,E,Public, , , ,2022/10/06 00:00:00+00,2023/01/18 00:00:00+00,2016/05/31 00:00:00+00,, ,1261 Wind River Rd,Carson,98610,WA,US,45.729538,-121.821066, , ,"509-427-7777, 877-798-3752",P,510211,Tesla Destination,0,2,0,2, ,"J1772, Tesla",https://www.tesla.com/destination-charging,Free, ,200-9
-13735058.8575,5812873.73709999,1453,303,Hotel Cathlamet - Tesla Destination,116085,ELEC,HOTEL, ,E,Public, , , ,2022/10/06 00:00:00+00,2023/01/18 00:00:00+00,2018/04/18 00:00:00+00,, ,69 Main St,Cathlamet,98612,WA,US,46.202588,-123.384133, , ,"360-795-0100, 877-798-3752",P,507261,Tesla Destination,0,1,0,1, ,Tesla,https://www.tesla.com/destination-charging,Free, ,200-9
-13369259.2259,6080688.34950001,1454,304,Fielding Hills Winery - Tesla Destination,116086,ELEC,BREWERY_DISTILLERY_WINERY, ,E,Public, , , ,2022/10/06 00:00:00+00,2023/01/18 00:00:00+00,2018/02/23 00:00:00+00,, ,565 S Lakeshore Dr,Chelan,98816,WA,US,47.842476,-120.098099, , ,"509-888-9463, 877-798-3752",P,501286,Tesla Destination,0,1,0,1, ,Tesla,https://www.tesla.com/destination-charging,Free, ,200-9
-13471829.0047,5976088.6771,1455,305,Suncadia Resort - Tesla Destination,116087,ELEC,HOTEL, ,E,Public, , , ,2022/10/06 00:00:00+00,2023/01/18 00:00:00+00,2017/03/14 00:00:00+00,, ,3600 Suncadia Trl,Cle Elum,98922,WA,US,47.207984,-121.019499, , ,"509-649-6400, 877-798-3752",P,501404,Tesla Destination,0,3,0,3, ,Tesla,https://www.tesla.com/destination-charging,Free, ,200-9
-13614021.2865,6007713.86079999,1456,306,The Four Points by Sheraton Seattle Airport South - Tesla Destination,116088,ELEC,HOTEL, ,E,Public, , , ,2022/10/06 00:00:00+00,2023/01/18 00:00:00+00,2016/03/07 00:00:00+00,, ,22406 Pacific Highway S,Des Moines,98198,WA,US,47.400629,-122.296834, , ,"253-642-0100, 877-798-3752",P,500177,Tesla Destination,0,6,0,6, ,"J1772, Tesla",https://www.tesla.com/destination-charging,Free, ,200-9
-13614486.0454,5993445.3176,1457,307,Best Western Plus Evergreen Inn & Suites - Tesla Destination,116089,ELEC,HOTEL, ,E,Public, , , ,2022/10/06 00:00:00+00,2023/01/18 00:00:00+00,2015/04/09 00:00:00+00,, ,32124 25th Ave S,Federal Way,98003,WA,US,47.313799,-122.301009, , ,"253-529-4000, 877-798-3752",P,503162,Tesla Destination,0,2,0,2, ,Tesla,https://www.tesla.com/destination-charging,Free, ,200-9
-13864202.3799,6092687.95870001,1458,308,Quillayute River Resort - Tesla Destination,116090,ELEC,HOTEL, ,E,Public, , , ,2022/10/06 00:00:00+00,2023/01/18 00:00:00+00,2017/02/16 00:00:00+00,, ,473 Mora Rd,Forks,98331,WA,US,47.914774,-124.544249, , ,"360-374-7447, 877-798-3752",P,503890,Tesla Destination,0,2,0,2, ,Tesla,https://www.tesla.com/destination-charging,Free, ,200-9
-13640511.3178001,6108608.32810001,1459,309,Island Athletic Club - Tesla Destination,116091,ELEC,REC_SPORTS_FACILITY, ,E,Public, , , ,2022/10/06 00:00:00+00,2023/01/18 00:00:00+00,2016/11/08 00:00:00+00,, ,5511 S Freeland Ave,Freeland,98249,WA,US,48.010539,-122.534798, , ,"360-331-2582, 877-798-3752",P,503446,Tesla Destination,0,2,0,2, ,Tesla,https://www.tesla.com/destination-charging,Free, ,200-9
-13645453.124,5992127.4466,1460,310,Ocean5 - Tesla Destination,116092,ELEC,OTHER_ENTERTAINMENT, ,E,Public, , , ,2022/10/06 00:00:00+00,2023/01/18 00:00:00+00,2018/05/14 00:00:00+00,, ,5268 Point Fosdick Dr NW,Gig Harbor,98335,WA,US,47.305772,-122.579191, , ,"253-857-7529, 877-798-3752",P,506699,Tesla Destination,0,3,0,3, ,"J1772, Tesla",https://www.tesla.com/destination-charging,Free, ,GPS
-13646136.1246999,5994199.30470001,1461,311,Best Western Wesley Inn - Tesla Destination,116093,ELEC,HOTEL, ,E,Public, , , ,2022/10/06 00:00:00+00,2023/01/18 00:00:00+00,2015/09/15 00:00:00+00,, ,6575 Kimball Dr,Gig Harbor,98335,WA,US,47.3183909,-122.5853265, , ,"253-858-9690, 877-798-3752",P,510263,Tesla Destination,0,1,0,1, ,Tesla,https://www.tesla.com/destination-charging,Free, ,200-9
-13587414.7037,6032477.0239,1462,312,Holiday Inn Seattle-Issaquah - Tesla Destination,116094,ELEC,HOTEL, ,E,Public, , , ,2022/10/06 00:00:00+00,2023/01/18 00:00:00+00,2017/11/07 00:00:00+00,, ,1801 12th Ave NW,Issaquah,98027,WA,US,47.550984,-122.057823, , ,"425-392-6421, 877-798-3752",P,505564,Tesla Destination,0,3,0,3, ,"J1772, Tesla",https://www.tesla.com/destination-charging,Free, ,200-9
-13278912.1046,5814578.6512,1463,313,Badger Mountain Vineyard & Powers Winery - Tesla Destination,116095,ELEC,BREWERY_DISTILLERY_WINERY, ,E,Public, , , ,2022/10/06 00:00:00+00,2023/01/18 00:00:00+00,2017/07/27 00:00:00+00,, ,1106 N Jurupa St,Kennewick,99338,WA,US,46.213187,-119.286497, , ,"800-643-9463, 877-798-3752",P,505597,Tesla Destination,0,3,0,3, ,"J1772, Tesla",https://www.tesla.com/destination-charging,Free, ,200-9
-13268106.3216,5808922.92719999,1464,314,Hampton Inn Kennewick at Southridge - Tesla Destination,116096,ELEC,HOTEL, ,E,Public, , , ,2022/10/06 00:00:00+00,2023/01/18 00:00:00+00,2016/02/08 00:00:00+00,, ,3715 Plaza Wy,Kennewick,99338,WA,US,46.178019,-119.189427, , ,"509-820-3023, 877-798-3752",P,500378,Tesla Destination,0,2,0,2, ,Tesla,https://www.tesla.com/destination-charging,Free, ,200-9
-13626188.2174,6113446.5263,1465,315,Saratoga Inn - Tesla Destination,116097,ELEC,INN, ,E,Public, , , ,2022/10/06 00:00:00+00,2023/01/18 00:00:00+00,2015/12/16 00:00:00+00,, ,201 Cascade Ave,Langley,98260,WA,US,48.0396068,-122.4061314, , ,"360-221-5801, 877-798-3752",P,500061,Tesla Destination,0,2,0,2, ,"J1772, Tesla",https://www.tesla.com/destination-charging,Free, ,200-9
-13626704.8067,6113695.9686,1466,316,The Inn at Langley - Tesla Destination,116098,ELEC,INN, ,E,Public, , , ,2022/10/06 00:00:00+00,2023/01/18 00:00:00+00,2016/08/09 00:00:00+00,, ,400 1st St.,Langley,98260,WA,US,48.041105,-122.410772, , ,"360-221-3033, 877-798-3752",P,511829,Tesla Destination,0,2,0,2, ,"J1772, Tesla",https://www.tesla.com/destination-charging,Free, ,200-9
-13431051.3394,6068257.4407,1467,317,Mountain Springs Lodge - Tesla Destination,116099,ELEC,HOTEL, ,E,Public, , , ,2022/10/06 00:00:00+00,2023/01/18 00:00:00+00,2015/09/30 00:00:00+00,, ,19115 Chiwawa Loop Rd,Leavenworth,98826,WA,US,47.767473,-120.653187, , ,"509-763-2713, 877-798-3752",P,500089,Tesla Destination,0,1,0,1, ,Tesla,https://www.tesla.com/destination-charging,Free, ,200-9
-13434072.5504,6032606.498,1468,318,Sleeping Lady Mountain Resort - Tesla Destination,116100,ELEC,HOTEL, ,E,Public, , , ,2022/10/06 00:00:00+00,2023/01/18 00:00:00+00,2018/07/06 00:00:00+00,, ,7375 Icicle Rd,Leavenworth,98826,WA,US,47.551769,-120.680327, , ,"509-548-6344, 877-798-3752",P,503316,Tesla Destination,0,4,0,4, ,"J1772, Tesla",https://www.tesla.com/destination-charging,Free, ,200-9
-13375811.4911,6087725.4545,1469,319,Alta Cellars - Tesla Destination,116101,ELEC,BREWERY_DISTILLERY_WINERY, ,E,Public, , , ,2022/10/06 00:00:00+00,2023/01/18 00:00:00+00,2018/07/11 00:00:00+00,, ,135 Wapato Wy,Manson,98831,WA,US,47.884887,-120.156959, , ,"509-679-5353, 877-798-3752",P,507303,Tesla Destination,0,2,0,2, ,Tesla,https://www.tesla.com/destination-charging,Free, ,200-8
-13373076.0373,6089662.82649999,1470,320,Hard Row to Hoe Vineyards - Tesla Destination,116102,ELEC,BREWERY_DISTILLERY_WINERY, ,E,Public, , , ,2022/10/06 00:00:00+00,2023/01/18 00:00:00+00,2016/11/22 00:00:00+00,, ,300 Ivan Morse Rd,Manson,98831,WA,US,47.896557,-120.132386, , ,"509-687-3000, 877-798-3752",P,502801,Tesla Destination,0,1,0,1, ,Tesla,https://www.tesla.com/destination-charging,Free, ,200-9
-13827797.1216,5981400.8181,1471,321,Moonstone Beach Motel - Tesla Destination,116103,ELEC,HOTEL, ,E,Public, , , ,2022/10/06 00:00:00+00,2023/01/18 00:00:00+00,2017/09/14 00:00:00+00,, ,4849 Pacific Ave,Moclips,98562,WA,US,47.240392,-124.217215, , ,"206-650-5793, 877-798-3752",P,506188,Tesla Destination,0,3,0,3, ,Tesla,https://www.tesla.com/destination-charging,Free, ,200-8
-13274964.6041,5958959.7687,1472,322,Fairfield Inn & Suites by Marriott Moses Lake - Tesla Destination,116104,ELEC,HOTEL, ,E,Public, , , ,2022/10/06 00:00:00+00,2023/01/18 00:00:00+00,2017/08/30 00:00:00+00,, ,2380 S Maiers Rd,Moses Lake,98837,WA,US,47.10335,-119.251036, , ,"509-765-0500, 877-798-3752",P,505357,Tesla Destination,0,1,0,1, ,Tesla,https://www.tesla.com/destination-charging,Free, ,200-9
-13637635.824,5868173.7379,1473,323,Adytum Sanctuary - Tesla Destination,116105,ELEC,HOTEL, ,E,Public, , , ,2022/10/06 00:00:00+00,2023/01/18 00:00:00+00,2017/03/06 00:00:00+00,, ,186 Skyview Dr,Mossyrock,98564,WA,US,46.545331,-122.508967, , ,"360-790-2011, 877-798-3752",P,502054,Tesla Destination,0,3,0,3, ,"J1772, Tesla",https://www.tesla.com/destination-charging,Free, ,200-9
-13877413.2205,6163727.35270001,1474,324,Hobuck Beach  Resort - Tesla Destination,116106,ELEC,HOTEL, ,E,Public, , , ,2022/10/06 00:00:00+00,2023/01/18 00:00:00+00,2014/12/22 00:00:00+00,, ,2726 Makah Passage,Neah Bay,98357,WA,US,48.340723,-124.662924, , ,"360-645-2339, 877-798-3752",P,503262,Tesla Destination,0,2,0,2, ,Tesla,https://www.tesla.com/destination-charging,Free, ,GPS
-13877017.4018,6162514.2783,1475,325,Hobuck Beach Resort  RV Camping - Tesla Destination,116107,ELEC,HOTEL, ,E,Public, , , ,2022/10/06 00:00:00+00,2023/01/18 00:00:00+00,2014/12/22 00:00:00+00,, ,3346 Makah Passage,Neah Bay,98357,WA,US,48.3334791,-124.6593683, , ,"360-645-2339, 877-798-3752",P,503265,Tesla Destination,0,2,0,2, ,Tesla,https://www.tesla.com/destination-charging,Free, ,GPS
-13679198.0691,5948456.891,1476,326,Swantown Inn & Spa - Tesla Destination,116108,ELEC,INN, ,E,Public, , , ,2022/10/06 00:00:00+00,2023/01/18 00:00:00+00,2015/12/11 00:00:00+00,, ,1431 11th Ave SE,Olympia,98501,WA,US,47.03909,-122.882327, , ,"360-753-9123, 877-798-3752",P,499917,Tesla Destination,0,2,0,2, ,"J1772, Tesla",https://www.tesla.com/destination-charging,Free, ,200-9
-13682547.45,5946527.6735,1477,327,Hotel RL by Red Lion - Tesla Destination,116109,ELEC,HOTEL, ,E,Public, , , ,2022/10/06 00:00:00+00,2023/01/18 00:00:00+00,2016/03/03 00:00:00+00,, ,2300 Evergreen Park Dr SW,Olympia,98502,WA,US,47.027278,-122.912415, , ,"360-943-4000, 877-798-3752",P,500817,Tesla Destination,0,3,0,3, ,"J1772, Tesla",https://www.tesla.com/destination-charging,Free, ,200-9
-13294431.7114,6272664.8445,1478,328,Veranda Beach Resort - Tesla Destination,116110,ELEC,HOTEL, ,E,Public, , , ,2022/10/06 00:00:00+00,2023/01/18 00:00:00+00,2017/07/19 00:00:00+00,, ,299 Eastlake Rd,Oroville,98844,WA,US,48.987053,-119.425912, , ,"509-476-4000, 877-798-3752",P,502390,Tesla Destination,0,4,0,4, ,"J1772, Tesla",https://www.tesla.com/destination-charging,Free, ,200-9
-13259948.4953,5820540.63579999,1479,329,Red Lion Hotel Pasco - Tesla Destination,116111,ELEC,HOTEL, ,E,Public, , , ,2022/10/06 00:00:00+00,2023/01/18 00:00:00+00,2016/01/27 00:00:00+00,, ,2525 North 20th Ave,Pasco,99301,WA,US,46.250235,-119.116144, , ,"509-547-0701, 877-798-3752",P,500576,Tesla Destination,0,3,0,3, ,"J1772, Tesla",https://www.tesla.com/destination-charging,Free, ,200-8
-13745410.0117,6123770.6289,1480,330,Camaraderie Cellars - Tesla Destination,116112,ELEC,BREWERY_DISTILLERY_WINERY, ,E,Public, , , ,2022/10/06 00:00:00+00,2023/01/18 00:00:00+00,2017/03/06 00:00:00+00,, ,334 Benson Rd,Port Angeles,98363,WA,US,48.101579,-123.477119, , ,"360-417-3564, 877-798-3752",P,501938,Tesla Destination,0,2,0,2, ,"J1772, Tesla",https://www.tesla.com/destination-charging,Free, ,200-9
-13722175.3074,6125994.9002,1481,331,Colette's Bed and Breakfast - Tesla Destination,116113,ELEC,B_AND_B, ,E,Public, , , ,2022/10/06 00:00:00+00,2023/01/18 00:00:00+00,2015/05/05 00:00:00+00,, ,339 Finn Hall Rd,Port Angeles,98362,WA,US,48.1149208,-123.2683981, , ,"360-457-9197, 877-798-3752",P,510032,Tesla Destination,0,1,0,1, ,Tesla,https://www.tesla.com/destination-charging,Free, ,200-9
-13720723.5788,6126243.8742,1482,332,"George Washington Inn, a Select Registry Property - Tesla Destination",116114,ELEC,INN, ,E,Public, , , ,2022/10/06 00:00:00+00,2023/01/18 00:00:00+00,2015/05/06 00:00:00+00,, ,939 Finn Hall Rd,Port Angeles,98362,WA,US,48.116414,-123.255357, , ,"360-452-5207, 877-798-3752",P,509348,Tesla Destination,0,2,0,2, ,"J1772, Tesla",https://www.tesla.com/destination-charging,Free, ,200-9
-13042929.1443,5895814.15669999,1483,333,Holiday Inn Express Pullman - Tesla Destination,116115,ELEC,HOTEL, ,E,Public, , , ,2022/10/06 00:00:00+00,2023/01/18 00:00:00+00,2016/03/25 00:00:00+00,, ,1190 SE Bishop Blvd,Pullman,99163,WA,US,46.715837,-117.166626, , ,"509-334-4437, 877-798-3752",P,501144,Tesla Destination,0,3,0,3, ,"J1772, Tesla",https://www.tesla.com/destination-charging,Free, ,200-8
-13613605.6195,5970962.21630001,1484,334,Hampton Inn and Suites Puyallup - Tesla Destination,116116,ELEC,HOTEL, ,E,Public, , , ,2022/10/06 00:00:00+00,2023/01/18 00:00:00+00,2017/05/04 00:00:00+00,, ,1515 S Meridian,Puyallup,98371,WA,US,47.17669,-122.2931, , ,"253-770-8880, 877-798-3752",P,504794,Tesla Destination,0,2,0,2, ,Tesla,https://www.tesla.com/destination-charging,Free, ,200-9
-13357916.3264,5958214.3758,1485,335,Cave B Estate Winery & Resort - Tesla Destination,116117,ELEC,BREWERY_DISTILLERY_WINERY, ,E,Public, , , ,2022/10/06 00:00:00+00,2023/01/18 00:00:00+00,2015/02/25 00:00:00+00,, ,344 Silica Rd NW,Quincy,98848,WA,US,47.098792,-119.996204, , ,"509-787-8000, 877-798-3752",P,502492,Tesla Destination,0,3,0,3, ,"J1772, Tesla",https://www.tesla.com/destination-charging,Free, ,200-9
-13594580.2279999,6052331.64299999,1486,336,Seattle Marriott Redmond - Tesla Destination,116118,ELEC,HOTEL, ,E,Public, , , ,2022/10/06 00:00:00+00,2023/01/18 00:00:00+00,2015/11/10 00:00:00+00,, ,7401 164th Ave NE,Redmond,98052,WA,US,47.671225,-122.122192, , ,"425-498-4000, 877-798-3752",P,500337,Tesla Destination,0,3,0,3, ,"J1772, Tesla",https://www.tesla.com/destination-charging,Free, ,200-8
-13277459.9418,5825541.93890001,1487,337,Homewood Suites Richland - Tesla Destination,116119,ELEC,HOTEL, ,E,Public, , , ,2022/10/06 00:00:00+00,2023/01/18 00:00:00+00,2017/05/01 00:00:00+00,, ,1060 George Washington Wy,Richland,99352,WA,US,46.281294,-119.273452, , ,"509-371-1550, 877-798-3752",P,503074,Tesla Destination,0,4,0,4, ,"J1772, Tesla",https://www.tesla.com/destination-charging,Free, ,200-9
-13276982.9377999,5824020.74949999,1488,338,Hampton Inn Richland/Tri-Cities - Tesla Destination,116120,ELEC,HOTEL, ,E,Public, , , ,2022/10/06 00:00:00+00,2023/01/18 00:00:00+00,2017/04/24 00:00:00+00,, ,486 Bradley Blvd,Richland,99352,WA,US,46.271849,-119.269167, , ,"509-943-4400, 877-798-3752",P,503413,Tesla Destination,0,3,0,3, ,"J1772, Tesla",https://www.tesla.com/destination-charging,Free, ,200-8
-13618966.8775,6042271.5658,1489,339,Thompson Seattle - Tesla Destination,116121,ELEC,HOTEL, ,E,Public, , , ,2022/10/06 00:00:00+00,2023/01/18 00:00:00+00,2016/12/27 00:00:00+00,, ,100 Stewart St,Seattle,98101,WA,US,47.610335,-122.341261, , ,"206-623-4600, 877-798-3752",P,501218,Tesla Destination,0,2,0,2, ,"J1772, Tesla",https://www.tesla.com/destination-charging,Free, ,200-8
-13618402.2985,6041374.8567,1490,340,Hotel 1000 - Tesla Destination,116122,ELEC,HOTEL, ,E,Public, , , ,2022/10/06 00:00:00+00,2023/01/18 00:00:00+00,2016/01/28 00:00:00+00,, ,1000 1st Ave,Seattle,98104,WA,US,47.6049041,-122.3361893, , ,"206-957-1000, 877-798-3752",P,511744,Tesla Destination,0,3,0,3, ,"J1772, Tesla",https://www.tesla.com/destination-charging,Free, ,200-9
-13618289.8324,6042243.66040001,1491,341,Motif Seattle - Tesla Destination,116123,ELEC,HOTEL, ,E,Public, , , ,2022/10/06 00:00:00+00,2023/01/18 00:00:00+00,2015/10/16 00:00:00+00,, ,1415 5th Ave,Seattle,98101,WA,US,47.610166,-122.335179, , ,"206-971-8000, 877-798-3752",P,500227,Tesla Destination,0,4,0,4, ,"J1772, Tesla",https://www.tesla.com/destination-charging,Free, ,200-9
-13618177.2884,6042603.7956,1492,342,Hotel Theodore - Tesla Destination,116124,ELEC,HOTEL, ,E,Public, , , ,2022/10/06 00:00:00+00,2023/01/18 00:00:00+00,2019/01/23 00:00:00+00,, ,1531 7th Ave,Seattle,98101,WA,US,47.612347,-122.334168, , ,"206-621-1200, 877-798-3752",P,507598,Tesla Destination,0,3,0,3, ,Tesla,https://www.tesla.com/destination-charging,Free, ,200-9
-13612995.8893,6013749.0448,1493,343,Cedarbrook Lodge - Tesla Destination,116125,ELEC,HOTEL, ,E,Public, , , ,2022/10/06 00:00:00+00,2023/01/18 00:00:00+00,2015/09/11 00:00:00+00,, ,18525 36th Ave S,Seattle,98188,WA,US,47.4373126,-122.2876227, , ,"206-901-9268, 877-798-3752",P,514648,Tesla Destination,0,2,0,2, ,"J1772, Tesla",https://www.tesla.com/destination-charging,Free, ,200-9
-13619634.4605,6042355.77789999,1494,344,Seattle Marriott Waterfront - Tesla Destination,116126,ELEC,HOTEL, ,E,Public, , , ,2022/10/06 00:00:00+00,2023/01/18 00:00:00+00,2015/04/28 00:00:00+00,, ,2100 Alaskan Way,Seattle,98121,WA,US,47.610845,-122.347258, , ,"206-443-5000, 877-798-3752",P,503548,Tesla Destination,0,3,0,3, ,"J1772, Tesla",https://www.tesla.com/destination-charging,Free, ,200-9
-13617147.0264999,6050727.91980001,1495,345,Bedrooms & More - Tesla Destination,116128,ELEC,SHOPPING_CENTER, ,E,Public, , , ,2022/10/06 00:00:00+00,2023/01/18 00:00:00+00,2018/10/12 00:00:00+00,, ,324 NE 45th St,Seattle,98105,WA,US,47.661523,-122.324913, , ,"206-633-4494, 877-798-3752",P,507309,Tesla Destination,0,2,0,2, ,Tesla,https://www.tesla.com/destination-charging,Free, ,200-9
-13618148.9018999,6044287.76349999,1496,346,400 Fairview - Tesla Destination,116129,ELEC,OFFICE_BLDG, ,E,Public, , , ,2022/10/06 00:00:00+00,2023/01/18 00:00:00+00,2016/01/12 00:00:00+00,, ,400 Fairview Ave N,Seattle,98109,WA,US,47.622544,-122.333913, , ,"623-810-4805, 877-798-3752",P,500987,Tesla Destination,0,6,0,6, ,"J1772, Tesla",https://www.tesla.com/destination-charging,Free, ,200-9
-13618166.6017,6041893.11670001,1497,347,The Fairmont Olympic Hotel - Tesla Destination,116130,ELEC,HOTEL, ,E,Public, , , ,2022/10/06 00:00:00+00,2023/01/18 00:00:00+00,2015/04/28 00:00:00+00,, ,411 University St,Seattle,98101,WA,US,47.608043,-122.334072, , ,"206-621-1700, 877-798-3752",P,510276,Tesla Destination,0,3,0,3, ,"J1772, Tesla",https://www.tesla.com/destination-charging,Free, ,200-8
-13616089.714,6050785.10790001,1498,348,Residence Inn by Marriott Seattle University Distric - Tesla Destination,116131,ELEC,HOTEL, ,E,Public, , , ,2022/10/06 00:00:00+00,2023/01/18 00:00:00+00,2017/04/07 00:00:00+00,, ,4501 12th Ave NE,Seattle,98105,WA,US,47.661869,-122.315415, , ,"206-322-8887, 877-798-3752",P,504795,Tesla Destination,0,2,0,2, ,Tesla,https://www.tesla.com/destination-charging,Free, ,200-9
-13619593.0497,6044804.89350001,1499,349,Hampton Inn and Suites Seattle-Downtown - Tesla Destination,116132,ELEC,HOTEL, ,E,Public, , , ,2022/10/06 00:00:00+00,2023/01/18 00:00:00+00,2017/05/04 00:00:00+00,, ,500 5th Ave N,Seattle,98109,WA,US,47.625675,-122.346886, , ,"206-282-0899, 877-798-3752",P,504793,Tesla Destination,0,2,0,2, ,Tesla,https://www.tesla.com/destination-charging,Free, ,200-9
-13619338.1280001,6044755.83839999,1500,350,Four Points by Sheraton Downtown Seattle Center - Tesla Destination,116133,ELEC,HOTEL, ,E,Public, , , ,2022/10/06 00:00:00+00,2023/01/18 00:00:00+00,2017/05/04 00:00:00+00,, ,601 Roy St,Seattle,98109,WA,US,47.625378,-122.344596, , ,"206-282-2600, 877-798-3752",P,504792,Tesla Destination,0,2,0,2, ,Tesla,https://www.tesla.com/destination-charging,Free, ,200-9
-13618420.9667,6042900.0392,1501,351,Hotel Max - Tesla Destination,116134,ELEC,HOTEL, ,E,Public, , , ,2022/10/06 00:00:00+00,2023/01/18 00:00:00+00,2014/08/11 00:00:00+00,, ,620 Stewart St,Seattle,98101,WA,US,47.614141,-122.336357, , ,"866-986-8087, 877-798-3752",P,509831,Tesla Destination,0,1,0,1, ,Tesla,https://www.tesla.com/destination-charging,Free, ,200-9
-13616039.1304,6045031.47600001,1502,352,Shafer Baillie Mansion Bed & Breakfast - Tesla Destination,116135,ELEC,B_AND_B, ,E,Public, , , ,2022/10/06 00:00:00+00,2023/01/18 00:00:00+00,2015/07/10 00:00:00+00,, ,907 14th Ave E,Seattle,98112,WA,US,47.6270468,-122.3149606, , ,"206-322-4654, 877-798-3752",P,510695,Tesla Destination,0,1,0,1, ,Tesla,https://www.tesla.com/destination-charging,Free, ,200-9
-13618761.7157,6041828.39239999,1503,353,Four Seasons Hotel Seattle - Tesla Destination,116136,ELEC,HOTEL, ,E,Public, , , ,2022/10/06 00:00:00+00,2023/01/18 00:00:00+00,2017/05/16 00:00:00+00,, ,99 Union St,Seattle,98101,WA,US,47.607651,-122.339418, , ,"206-749-7000, 877-798-3752",P,502077,Tesla Destination,0,2,0,2, ,Tesla,https://www.tesla.com/destination-charging,Free, ,200-9
-13809747.6346,5834173.3597,1504,354,Shelburne Inn Restaurant & Pub - Tesla Destination,116137,ELEC,HOTEL, ,E,Public, , , ,2022/10/06 00:00:00+00,2023/01/18 00:00:00+00,2015/06/30 00:00:00+00,, ,4415 Pacific Way,Seaview,98644,WA,US,46.3348553,-124.0550737, , ,"360-642-2442, 877-798-3752",P,510555,Tesla Destination,0,2,0,2, ,"J1772, Tesla",https://www.tesla.com/destination-charging,Free, ,200-9
-13711034.5529,6117203.9468,1505,355,Lost Mountain Lodge - Tesla Destination,116138,ELEC,HOTEL, ,E,Public, , , ,2022/10/06 00:00:00+00,2023/01/18 00:00:00+00,2017/05/23 00:00:00+00,, ,303 Sunny View Dr,Sequim,98382,WA,US,48.06217,-123.168319, , ,"360-683-2431, 877-798-3752",P,505638,Tesla Destination,0,2,0,2, ,Tesla,https://www.tesla.com/destination-charging,Free, ,200-9
-13709401.3847,6131782.13149999,1506,356,GreenHouse Inn by the Bay - Tesla Destination,116139,ELEC,INN, ,E,Public, , , ,2022/10/06 00:00:00+00,2023/01/18 00:00:00+00,2017/02/21 00:00:00+00,, ,630 Marine Dr,Sequim,98382,WA,US,48.149618,-123.153648, , ,"360-504-2489, 877-798-3752",P,503713,Tesla Destination,0,2,0,2, ,Tesla,https://www.tesla.com/destination-charging,Free, ,200-9
-13563364.1277001,6027145.69470001,1507,357,Snoqualmie Casino - Tesla Destination,116141,ELEC,OTHER_ENTERTAINMENT, ,E,Public, , , ,2022/10/06 00:00:00+00,2023/01/18 00:00:00+00,2018/03/13 00:00:00+00,, ,37500 SE N Bend Wy,Snoqualmie,98065,WA,US,47.51865,-121.841773, , ,"425-888-1234, 877-798-3752",P,509707,Tesla Destination,0,4,0,4, ,Tesla,https://www.tesla.com/destination-charging,Free, ,200-9
-13071625.9732,6049910.63490001,1508,358,The Davenport Hotel - Tesla Destination,116142,ELEC,HOTEL, ,E,Public, , , ,2022/10/06 00:00:00+00,2023/01/18 00:00:00+00,2014/08/21 00:00:00+00,, ,10 S Post St,Spokane,99201,WA,US,47.656578,-117.424414, , ,"800-899-1482, 877-798-3752",P,507443,Tesla Destination,0,1,0,1, ,Tesla,https://www.tesla.com/destination-charging,Free, ,200-9
-13071522.78,6049865.6824,1509,359,The Davenport Tower - Tesla Destination,116143,ELEC,HOTEL, ,E,Public, , , ,2022/10/06 00:00:00+00,2023/01/18 00:00:00+00,2014/08/21 00:00:00+00,, ,111 Post St,Spokane,99201,WA,US,47.656306,-117.423487, , ,"800-899-1482, 877-798-3752",P,507473,Tesla Destination,0,1,0,1, ,Tesla,https://www.tesla.com/destination-charging,Free, ,200-9
-13070291.0298,6051064.4423,1510,360,Oxford Suites Spokane - Tesla Destination,116144,ELEC,HOTEL, ,E,Public, , , ,2022/10/06 00:00:00+00,2023/01/18 00:00:00+00,2015/03/26 00:00:00+00,, ,115 W North River Dr,Spokane,99201,WA,US,47.663559,-117.412422, , ,"509-353-9000, 877-798-3752",P,502356,Tesla Destination,0,3,0,3, ,"J1772, Tesla",https://www.tesla.com/destination-charging,Free, ,200-9
-13077539.0419,6046619.47069999,1511,361,Hampton Inn Airport Spokane - Tesla Destination,116145,ELEC,HOTEL, ,E,Public, , , ,2022/10/06 00:00:00+00,2023/01/18 00:00:00+00,2015/11/30 00:00:00+00,, ,2010 S Assembly Rd,Spokane,99224,WA,US,47.63666,-117.477532, , ,"509-747-1100, 877-798-3752",P,500434,Tesla Destination,0,3,0,3, ,"J1772, Tesla",https://www.tesla.com/destination-charging,Free, ,200-8
-13070526.0253,6050600.15719999,1512,362,DoubleTree by Hilton Spokane City Center - Tesla Destination,116146,ELEC,HOTEL, ,E,Public, , , ,2022/10/06 00:00:00+00,2023/01/18 00:00:00+00,2016/02/01 00:00:00+00,, ,322 N Spokane Falls Ct,Spokane,99201,WA,US,47.66075,-117.414533, , ,"509-455-9600, 877-798-3752",P,500880,Tesla Destination,0,2,0,2, ,"J1772, Tesla",https://www.tesla.com/destination-charging,Free, ,200-8
-13070831.0407,6050462.47969999,1513,363,The Davenport Grand Hotel - Tesla Destination,116147,ELEC,HOTEL, ,E,Public, , , ,2022/10/06 00:00:00+00,2023/01/18 00:00:00+00,2015/09/28 00:00:00+00,, ,333 W Spokane Falls Blvd,Spokane,99201,WA,US,47.659917,-117.417273, , ,"509-458-3330, 877-798-3752",P,500307,Tesla Destination,0,1,0,1, ,Tesla,https://www.tesla.com/destination-charging,Free, ,200-9
-13071573.8757,6050021.1994,1514,364,The Hotel Lusso - Tesla Destination,116148,ELEC,HOTEL, ,E,Public, , , ,2022/10/06 00:00:00+00,2023/01/18 00:00:00+00,2014/08/26 00:00:00+00,, ,808 W Sprague Ave,Spokane,99201,WA,US,47.657247,-117.423946, , ,"800-899-1482, 877-798-3752",P,501588,Tesla Destination,0,1,0,1, ,Tesla,https://www.tesla.com/destination-charging,Free, ,200-9
-13084218.3227,6047605.9612,1515,365,Hilton Garden Inn Spokane Airport - Tesla Destination,116149,ELEC,HOTEL, ,E,Public, , , ,2022/10/06 00:00:00+00,2023/01/18 00:00:00+00,2017/04/07 00:00:00+00,, ,9015 W Hwy 2,Spokane,99224,WA,US,47.642631,-117.537533, , ,"509-244-5866, 877-798-3752",P,501962,Tesla Destination,0,3,0,3, ,"J1772, Tesla",https://www.tesla.com/destination-charging,Free, ,200-8
-13046847.7017,6052736.83609999,1516,366,Oxford Suites Spokane Valley - Tesla Destination,116150,ELEC,HOTEL, ,E,Public, , , ,2022/10/06 00:00:00+00,2023/01/18 00:00:00+00,2016/12/28 00:00:00+00,, ,15015 E Indiana Ave,Spokane Valley,99216,WA,US,47.673676,-117.201827, , ,"509-847-1000, 877-798-3752",P,502359,Tesla Destination,0,3,0,3, ,"J1772, Tesla",https://www.tesla.com/destination-charging,Free, ,200-9
-13570429.7316,5730112.2114,1517,367,Skamania Lodge - Tesla Destination,116151,ELEC,HOTEL, ,E,Public, , , ,2022/10/06 00:00:00+00,2023/01/18 00:00:00+00,2015/12/08 00:00:00+00,, ,1131 Skamania Lodge Way,Stevenson,98648,WA,US,45.6856217,-121.9052444, , ,"509-427-7700, 877-798-3752",P,511809,Tesla Destination,0,8,0,8, ,"J1772, Tesla",https://www.tesla.com/destination-charging,Free, ,GPS
-13628535.0104,5981095.5213,1518,368,Best Western Plus Tacoma Dome Hotel - Tesla Destination,116153,ELEC,HOTEL, ,E,Public, , , ,2022/10/06 00:00:00+00,2023/01/18 00:00:00+00,2015/01/29 00:00:00+00,, ,2611 East E St,Tacoma,98421,WA,US,47.23853,-122.427213, , ,"253-272-7737, 877-798-3752",P,503170,Tesla Destination,0,2,0,2, ,Tesla,https://www.tesla.com/destination-charging,Free, ,200-9
-13699827.0625,5998928.6574,1519,369,Alderbrook Resort & Spa - Tesla Destination,116154,ELEC,HOTEL, ,E,Public, , , ,2022/10/06 00:00:00+00,2023/01/18 00:00:00+00,2015/03/17 00:00:00+00,, ,10 E Alderbrook Dr,Union,98592,WA,US,47.3471843,-123.0676404, , ,"360-898-2200, 877-798-3752",P,510117,Tesla Destination,0,3,0,3, ,"J1772, Tesla",https://www.tesla.com/destination-charging,Free, ,200-9
-13646876.2323,5725043.5749,1520,370,Heathman Lodge - Tesla Destination,116155,ELEC,HOTEL, ,E,Public, , , ,2022/10/06 00:00:00+00,2023/01/18 00:00:00+00,2018/01/29 00:00:00+00,, ,7801 NE Greenwood Dr,Vancouver,98662,WA,US,45.653804,-122.591975, , ,"360-254-3100, 877-798-3752",P,508383,Tesla Destination,0,6,0,6, ,"J1772, Tesla",https://www.tesla.com/destination-charging,Free, ,200-9
-13166672.8142001,5794626.1353,1521,371,Dunham Wine Cellars - Tesla Destination,116156,ELEC,BREWERY_DISTILLERY_WINERY, ,E,Public, , , ,2022/10/06 00:00:00+00,2023/01/18 00:00:00+00,2015/10/01 00:00:00+00,, ,150 E Boeing,Walla Walla,99362,WA,US,46.0890194,-118.2782343, , ,"509-529-4685, 877-798-3752",P,501907,Tesla Destination,0,1,0,1, ,Tesla,https://www.tesla.com/destination-charging,Free, ,200-8
-13596712.5528,6062715.7816,1522,372,Pepper Bridge Winery - Tesla Destination,116157,ELEC,BREWERY_DISTILLERY_WINERY, ,E,Public, , , ,2022/10/06 00:00:00+00,2023/01/18 00:00:00+00,2015/07/30 00:00:00+00,, ,1704 J.B. George Rd,Walla Walla,99362,WA,US,47.734002,-122.141347, , ,"509-525-6502, 877-798-3752",P,511077,Tesla Destination,0,2,0,2, ,"J1772, Tesla",https://www.tesla.com/destination-charging,Free, ,200-9
-13160986.5812,5794539.2361,1523,373,Inn at Abeja - Tesla Destination,116158,ELEC,INN, ,E,Public, , , ,2022/10/06 00:00:00+00,2023/01/18 00:00:00+00,2014/05/20 00:00:00+00,, ,2014 Mill Creek Rd,Walla Walla,99362,WA,US,46.088478,-118.227154, , ,"509-522-1234, 877-798-3752",P,502105,Tesla Destination,0,1,0,1, ,Tesla,https://www.tesla.com/destination-charging,Free, ,200-9
-13178677.0294,5782949.34860001,1524,374,Amavi Cellars - Tesla Destination,116159,ELEC,BREWERY_DISTILLERY_WINERY, ,E,Public, , , ,2022/10/06 00:00:00+00,2023/01/18 00:00:00+00,2015/07/31 00:00:00+00,, ,3796 Peppers Bridge Rd,Walla Walla,99362,WA,US,46.016223,-118.38607, , ,"509-525-3541, 877-798-3752",P,511080,Tesla Destination,0,2,0,2, ,"J1772, Tesla",https://www.tesla.com/destination-charging,Free, ,200-9
-13173648.6278,5791239.04530001,1525,375,Marcus Whitman Hotel - Tesla Destination,116160,ELEC,HOTEL, ,E,Public, , , ,2022/10/06 00:00:00+00,2023/01/18 00:00:00+00,2016/11/28 00:00:00+00,, ,6 W Rose St,Walla Walla,99362,WA,US,46.0679132,-118.3408991, , ,"509-525-2200, 877-798-3752",P,514143,Tesla Destination,0,3,0,3, ,"J1772, Tesla",https://www.tesla.com/destination-charging,Free, ,200-9
-13165957.4418,5795107.13000001,1526,376,Corvus Cellars - Tesla Destination,116161,ELEC,BREWERY_DISTILLERY_WINERY, ,E,Public, , , ,2022/10/06 00:00:00+00,2023/01/18 00:00:00+00,2015/09/28 00:00:00+00,, ,760 C St,Walla Walla,99362,WA,US,46.092016,-118.271808, , ,"509-241-0318, 877-798-3752",P,513254,Tesla Destination,0,2,0,2, ,Tesla,https://www.tesla.com/destination-charging,Free, ,200-8
-13400252.2419001,6020118.619,1527,377,Warm Springs Inn & Winery - Tesla Destination,116162,ELEC,BREWERY_DISTILLERY_WINERY, ,E,Public, , , ,2022/10/06 00:00:00+00,2023/01/18 00:00:00+00,2015/05/01 00:00:00+00,, ,1611 Love Ln,Wenatchee,98801,WA,US,47.476001,-120.376514, , ,"509-662-5683, 877-798-3752",P,504850,Tesla Destination,0,1,0,1, ,Tesla,https://www.tesla.com/destination-charging,Free, ,200-9
-13815705.4871,5919167.5551,1528,378,Cranberry Road Winery - Tesla Destination,116163,ELEC,BREWERY_DISTILLERY_WINERY, ,E,Public, , , ,2022/10/06 00:00:00+00,2023/01/18 00:00:00+00,2017/01/04 00:00:00+00,, ,2858 S Forrest St,Westport,98595,WA,US,46.859479,-124.108594, , ,"360-268-7082, 877-798-3752",P,503520,Tesla Destination,0,3,0,3, ,Tesla,https://www.tesla.com/destination-charging,Free, ,200-9
-13386878.9862,6186662.4877,1529,379,Sun Mountain Lodge - Tesla Destination,116164,ELEC,HOTEL, ,E,Public, , , ,2022/10/06 00:00:00+00,2023/01/18 00:00:00+00,2015/09/03 00:00:00+00,, ,604 Patterson Lake Rd,Winthrop,98862,WA,US,48.477487,-120.25638, , ,"509-996-2211, 877-798-3752",P,513056,Tesla Destination,0,3,0,3, ,"J1772, Tesla",https://www.tesla.com/destination-charging,Free, ,200-9
-13597363.6605,6062527.4301,1530,380,Willows Lodge - Tesla Destination,116165,ELEC,HOTEL, ,E,Public, , , ,2022/10/06 00:00:00+00,2023/01/18 00:00:00+00,2018/02/20 00:00:00+00,, ,14850 NE 145th St,Woodinville,98072,WA,US,47.732864,-122.147196, , ,"425-424-3900, 877-798-3752",P,505926,Tesla Destination,0,5,0,5, ,Tesla,https://www.tesla.com/destination-charging,Free, ,200-8
-13413394.621,5877680.96089999,1531,381,Holiday Inn Downtown Yakima - Tesla Destination,116167,ELEC,HOTEL, ,E,Public, , , ,2022/10/06 00:00:00+00,2023/01/18 00:00:00+00,2018/04/16 00:00:00+00,, ,802 E Yakima Ave,Yakima,98901,WA,US,46.604039,-120.494574, , ,"509-494-7000, 877-798-3752",P,509757,Tesla Destination,0,4,0,4, ,Tesla,https://www.tesla.com/destination-charging,Free, ,200-8
-13036675.3266,6051640.3294,1532,382,Legacy Villa,116741,ELEC, ,24 hours daily,E,Public, , , ,2023/08/07 00:00:00+00,2023/08/07 00:00:00+00,2019/01/04 00:00:00+00,, ,21900 E Country,Vista Dr,99019,WA,US,47.667043,-117.110447, , ,855-900-7584, ,897,SHELL_RECHARGE,0,2,0,2, ,J1772,https://shellrecharge.com/en-us/solutions, , ,GPS
-13062929.6946,6050808.9088,1533,383,Spokane Indians,116743,ELEC, ,24 hours daily,E,Public, , , ,2023/08/07 00:00:00+00,2023/08/07 00:00:00+00,2019/01/04 00:00:00+00,, ,602 N. Havana,Spokane Valley,99202,WA,US,47.662013,-117.346294, , ,855-900-7584, ,1273,SHELL_RECHARGE,0,2,0,2, ,J1772,https://shellrecharge.com/en-us/solutions, , ,GPS
-13458828.558,5973021.34889999,1534,384,Cle Elum Business Park - Tesla Supercharger,116820,ELEC,OFFICE_BLDG,24 hours daily,E,Public, , , ,2023/07/01 00:00:00+00,2023/07/14 00:00:00+00,2018/12/01 00:00:00+00,, ,811 WA-970,Cle Elum,98922,WA,US,47.189262,-120.902714, , ,877-798-3752,P,4131,Tesla,0,0,12,12, ,Tesla,https://www.tesla.com/supercharger,"$0.28 per kWh; $0.26 per minute above 60 kW and $0.13 per minute at or below 60 kW", ,200-9
-13645751.6828,5725664.85859999,1535,385,Vancouver Mall Southeast,117128,ELEC, ,"Mon 5:00am - 10:59pm; Tue 5:00am - 10:59pm; Wed 5:00am - 10:59pm; Thu 5:00am - 10:59pm; Fri 5:00am - 10:59pm; Sat 5:00am - 10:59pm; Sun 5:00am - 10:59pm",E,Public, ,False, ,2023/08/07 00:00:00+00,2023/08/07 00:00:00+00,2019/01/01 00:00:00+00,, ,8700 Ne Vancouver Mall Dr,Vancouver,98662,WA,US,45.657705,-122.581873, , ,888-264-2208, ,03020936-4a4f-4096-b587-c909f394b579,Volta,0,2,0,2, ,J1772,https://voltacharging.com/, , ,GPS
-13600054.6979,6036976.1076,1536,386,SRO SP2,117302,ELEC, ,24 hours daily,E,Public, , , ,2023/08/07 00:00:00+00,2023/08/07 00:00:00+00,2019/01/24 00:00:00+00,, ,3545 Factoria Blvd SE,Bellevue,98006,WA,US,47.578255,-122.17137, , ,888-758-4389, ,USCPIL663111,ChargePoint Network,0,2,0,2, ,J1772,http://www.chargepoint.com/, , ,GPS
-13600043.8999,6037063.4035,1537,387,SRO SP1,117303,ELEC, ,24 hours daily,E,Public, , , ,2023/08/07 00:00:00+00,2023/08/07 00:00:00+00,2019/01/24 00:00:00+00,, ,3535 Factoria Blvd SE,Bellevue,98006,WA,US,47.578784,-122.171273, , ,888-758-4389, ,USCPIL658381,ChargePoint Network,0,2,0,2, ,J1772,http://www.chargepoint.com/, , ,GPS
-13618718.7464,6044706.12279999,1538,388,ALLEN INSTITUTE SOUTH,120879,ELEC, ,24 hours daily,E,Public, , , ,2023/08/07 00:00:00+00,2023/08/07 00:00:00+00,2019/03/16 00:00:00+00,, ,615 Westlake Ave N,Seattle,98109,WA,US,47.625077,-122.339032, , ,888-758-4389, ,USCPIL121321,ChargePoint Network,0,2,0,2, ,J1772,http://www.chargepoint.com/, , ,GPS
-13080383.9228,6042932.2402,1539,389,European Autohaus,120898,ELEC, ,24 hours daily,E,Public, , , ,2023/08/07 00:00:00+00,2023/08/07 00:00:00+00,2019/03/19 00:00:00+00,, ,6510 W THORPE RD,Spokane,99224,WA,US,47.614336,-117.503088, , ,855-900-7584, ,1524,SHELL_RECHARGE,0,2,0,2, ,J1772,https://shellrecharge.com/en-us/solutions, , ,200-9
-13595134.0425,6052852.23109999,1540,390,RED 160,120927,ELEC, , ,E,Public, , , ,2023/06/21 00:00:00+00,2023/06/21 00:00:00+00,2019/03/23 00:00:00+00,, ,16015 Cleveland St,Redmond,98052,WA,US,47.674374,-122.127167, , ,888-998-2546, ,465ba1dd-d734-8158-93cc-330000436535,Blink Network,0,1,0,1, ,J1772,http://www.blinkcharging.com/,Free, ,GPS
-13629818.3015,5965790.00180001,1541,391,PACIFIC LUTH U STATION 3,121095,ELEC, ,24 hours daily,E,Public, , , ,2023/08/07 00:00:00+00,2023/08/07 00:00:00+00,2019/04/02 00:00:00+00,, ,508 122nd St S,Tacoma,98447,WA,US,47.145098,-122.438741, , ,888-758-4389, ,USCPIL811001,ChargePoint Network,0,2,0,2, ,J1772,http://www.chargepoint.com/, , ,GPS
-13629831.7711,5965787.71040001,1542,392,PACIFIC LUTH U STATION 2,121096,ELEC, ,24 hours daily,E,Public, , , ,2023/08/07 00:00:00+00,2023/08/07 00:00:00+00,2019/04/02 00:00:00+00,, ,512 122nd St S,Tacoma,98447,WA,US,47.145084,-122.438862, , ,888-758-4389, ,USCPIL815461,ChargePoint Network,0,2,0,2, ,J1772,http://www.chargepoint.com/, , ,GPS
-13084338.8817,6045579.2427,1543,393,SIA ECO 3,121126,ELEC, ,24 hours daily,E,Public, , , ,2023/08/07 00:00:00+00,2023/08/07 00:00:00+00,2019/04/03 00:00:00+00,, ,W McFarlane rd,Spokane,99224,WA,US,47.630363,-117.538616, , ,888-758-4389, ,USCPIL691111,ChargePoint Network,0,2,0,2, ,J1772,http://www.chargepoint.com/, , ,GPS
-13633230.3552,6230535.1751,1544,394,INTEGRAND TROVE,121382,ELEC, ,24 hours daily,E,Public, , , ,2023/08/07 00:00:00+00,2023/08/07 00:00:00+00,2019/04/13 00:00:00+00,, ,218 N Samish Way,Bellingham,98225,WA,US,48.738079,-122.469392, , ,888-758-4389, ,USCPIL820191,ChargePoint Network,0,2,0,2, ,J1772,http://www.chargepoint.com/, , ,GPS
-13602863.2886999,6042596.0346,1545,395,521606-CIVICA OFFICE COMMONS,121397,ELEC, ,24 hours daily,E,Public, , , ,2023/08/07 00:00:00+00,2023/08/07 00:00:00+00,2019/04/13 00:00:00+00,, ,225-108TH AVE NE,BELLEVUE,98004,WA,US,47.6123,-122.1966, , ,855-900-7584, ,1572,SHELL_RECHARGE,0,4,0,4, ,J1772,https://shellrecharge.com/en-us/solutions, , ,GPS
-13618041.1446,6038847.30479999,1546,396,T-MOBILE PARK GRIFFEY,121549,ELEC, ,24 hours daily,E,Public, , , ,2023/08/07 00:00:00+00,2023/08/07 00:00:00+00,2019/04/17 00:00:00+00,, ,1518 1st Ave S,Seattle,98134,WA,US,47.589593,-122.332945, , ,888-758-4389, ,USCPIL800331,ChargePoint Network,0,1,0,1, ,J1772,http://www.chargepoint.com/, , ,GPS
-13414371.2269,5877636.0791,1547,397,3rd Street Parking,122190,ELEC,OFFICE_BLDG,24 hours daily,E,Public, ,False, ,2021/12/09 00:00:00+00,2023/07/12 00:00:00+00,2016/05/15 00:00:00+00,, ,17 N 3rd St,Yakima,98901,WA,US,46.603762,-120.503347, , ,509-575-6000,LG, ,Non-Networked,0,2,0,2, ,J1772, ,Free, ,GPS
-13616185.894,6180907.6469,1548,398,SKAGITYMCA ONE,122217,ELEC, ,24 hours daily,E,Public, , , ,2023/08/07 00:00:00+00,2023/08/07 00:00:00+00,2019/05/01 00:00:00+00,, ,1901 Hoag Rd,Mount Vernon,98273,WA,US,48.443205,-122.316279, , ,888-758-4389, ,USCPIL711491,ChargePoint Network,0,2,0,2, ,J1772,http://www.chargepoint.com/, , ,GPS
-13578371.3309,6084022.089,1549,399,Fred Meyer - Tesla Supercharger,122266,ELEC, ,24 hours daily,E,Public, , , ,2023/07/01 00:00:00+00,2023/07/14 00:00:00+00,2019/03/01 00:00:00+00,, ,18805 US-2,Monroe,98272,WA,US,47.862572,-121.976585, , ,877-798-3752,P,2669,Tesla,0,0,12,12, ,Tesla,https://www.tesla.com/supercharger,"$0.28 per kWh; $0.26 per minute above 60 kW and $0.13 per minute at or below 60 kW", ,200-9
-13135436.0864,5830194.2663,1550,400,Blue Mountain Station - Tesla Destination,122580,ELEC, , ,E,Public, , , ,2022/10/06 00:00:00+00,2023/01/18 00:00:00+00,2018/07/27 00:00:00+00,, ,700 Artisan Wy,Dayton,99328,WA,US,46.31017,-117.99763, , ,"509-382-2577, 877-798-3752",P,507880,Tesla Destination,0,3,0,3, ,"J1772, Tesla",https://www.tesla.com/destination-charging,Free, ,GPS
-13600568.4374,6044062.4888,1551,1223,BLOCK 24 FB STATION 4,199483,ELEC, ,24 hours daily,E,Public, , , ,2023/08/07 00:00:00+00,2023/08/07 00:00:00+00,2021/10/30 00:00:00+00,, ,12355 NE District Wy,Bellevue,98005,WA,US,47.62118,-122.175985, , ,888-758-4389, ,USCPIL8612481,ChargePoint Network,0,2,0,2, ,J1772,http://www.chargepoint.com/, , ,GPS
-13600572.6675,6044062.32360001,1552,1224,BLOCK 24 FB STATION 1,199484,ELEC, ,24 hours daily,E,Public, , , ,2023/08/07 00:00:00+00,2023/08/07 00:00:00+00,2021/10/30 00:00:00+00,, ,12355 NE District Wy,Bellevue,98005,WA,US,47.621179,-122.176023, , ,888-758-4389, ,USCPIL8612711,ChargePoint Network,0,2,0,2, ,J1772,http://www.chargepoint.com/, , ,GPS
-13600567.4355,6044060.67209999,1553,1225,BLOCK 24 FB STATION 5,199485,ELEC, ,24 hours daily,E,Public, , , ,2023/08/07 00:00:00+00,2023/08/07 00:00:00+00,2021/10/30 00:00:00+00,, ,12355 NE District Wy,Bellevue,98005,WA,US,47.621169,-122.175976, , ,888-758-4389, ,USCPIL8612761,ChargePoint Network,0,2,0,2, ,J1772,http://www.chargepoint.com/, , ,GPS
-13600561.9808,6044029.7881,1554,1226,BLOCK 24 FB STATION 6,199486,ELEC, ,24 hours daily,E,Public, , , ,2023/08/07 00:00:00+00,2023/08/07 00:00:00+00,2021/10/30 00:00:00+00,, ,12355 NE District Way,Bellevue,98005,WA,US,47.620982,-122.175927, , ,888-758-4389, ,USCPIL8613001,ChargePoint Network,0,2,0,2, ,J1772,http://www.chargepoint.com/, , ,GPS
-13600551.0715,6044017.07119999,1555,1227,BLOCK 24 FB STATION 7,199487,ELEC, ,24 hours daily,E,Public, , , ,2023/08/07 00:00:00+00,2023/08/07 00:00:00+00,2021/10/30 00:00:00+00,, ,12355 NE District Way,Bellevue,98005,WA,US,47.620905,-122.175829, , ,888-758-4389, ,USCPIL8613071,ChargePoint Network,0,2,0,2, ,J1772,http://www.chargepoint.com/, , ,GPS
-13346694.9877999,5981113.7208,1556,1228,MDS QUINCY DCQUINCYMWH0601,199492,ELEC, ,24 hours daily,E,Public, , , ,2023/08/07 00:00:00+00,2023/08/07 00:00:00+00,2021/10/30 00:00:00+00,, ,1515 Port Industrial Way,Quincy,98848,WA,US,47.238641,-119.895401, , ,888-758-4389, ,USCPIL9406011,ChargePoint Network,0,1,0,1, ,J1772,http://www.chargepoint.com/, , ,GPS
-13346733.2817,5981054.0398,1557,1229,MDS QUINCY DCQUINCYMWH0602,199493,ELEC, ,24 hours daily,E,Public, , , ,2023/08/07 00:00:00+00,2023/08/07 00:00:00+00,2021/10/30 00:00:00+00,, ,1515 Port Industrial Way,Quincy,98848,WA,US,47.238277,-119.895745, , ,888-758-4389, ,USCPIL9406051,ChargePoint Network,0,1,0,1, ,J1772,http://www.chargepoint.com/, , ,GPS
-13609176.217,6015667.80060001,1558,1230,King County Housing Authority - Main Office,200405,ELEC, , ,E,Public, , , ,2023/06/20 00:00:00+00,2023/06/20 00:00:00+00,2021/11/01 00:00:00+00,, ,600 Andover Park West,Tukwila,98188,WA,US,47.44897,-122.25331, , ,888-998-2546, ,465ba1dd-d734-8158-93cc-330000442139,Blink Network,0,2,0,2, ,J1772,http://www.blinkcharging.com/,Free, ,GPS
-13618068.4179,6042893.9293,1559,1231,THE OLIVIAN OLIVIAN #1,200406,ELEC, ,24 hours daily,E,Public, , , ,2023/08/07 00:00:00+00,2023/08/07 00:00:00+00,2021/11/02 00:00:00+00,, ,809 Olive Way,Seattle,98101,WA,US,47.614104,-122.33319, , ,888-758-4389, ,USCPIL113487,ChargePoint Network,0,2,0,2, ,J1772,http://www.chargepoint.com/, , ,GPS
-13618063.6312001,6042895.25029999,1560,1232,THE OLIVIAN OLIVIAN #2,200407,ELEC, ,24 hours daily,E,Public, , , ,2023/08/07 00:00:00+00,2023/08/07 00:00:00+00,2021/11/02 00:00:00+00,, ,809 Olive Way,Seattle,98101,WA,US,47.614112,-122.333147, , ,888-758-4389, ,USCPIL117059,ChargePoint Network,0,2,0,2, ,J1772,http://www.chargepoint.com/, , ,GPS
-13618292.7267,6041601.86089999,1561,1233,1111 THIRD AVE SENECA GARAGE 1,200590,ELEC, ,24 hours daily,E,Public, , , ,2023/08/07 00:00:00+00,2023/08/07 00:00:00+00,2021/11/05 00:00:00+00,, ,1000 2nd Ave,Seattle,98104,WA,US,47.606279,-122.335205, , ,888-758-4389, ,USCPIL11300941,ChargePoint Network,0,2,0,2, ,J1772,http://www.chargepoint.com/, , ,GPS
-13633461.4545,5717497.81869999,1562,1234,KIELO KIELO 2,200636,ELEC, ,24 hours daily,E,Public, , , ,2023/08/07 00:00:00+00,2023/08/07 00:00:00+00,2021/11/06 00:00:00+00,, ,5988 NW 38th Ave,Camas,98607,WA,US,45.606403,-122.471468, , ,888-758-4389, ,USCPIL5477081,ChargePoint Network,0,2,0,2, ,J1772,http://www.chargepoint.com/, , ,GPS
-13639331.5539,5983328.60000001,1563,1235,TPS FACILITIES HUNT MIDDLE,200907,ELEC, ,24 hours daily,E,Public, , , ,2023/08/07 00:00:00+00,2023/08/07 00:00:00+00,2021/11/10 00:00:00+00,, ,6501 S 10th St,Tacoma,98465,WA,US,47.252148,-122.5242, , ,888-758-4389, ,USCPIL10103411,ChargePoint Network,0,2,0,2, ,J1772,http://www.chargepoint.com/, , ,GPS
-13609613.48,6062523.12690001,1564,1236,Lodge at St Edward Park,201196,ELEC, , ,E,Public, , , ,2023/06/20 00:00:00+00,2023/06/20 00:00:00+00,2020/10/05 00:00:00+00,, ,14477 Juanita Drive Northeast,Kenmore,98028,WA,US,47.732838,-122.257238, , ,800-663-5633, ,5336,SemaCharge Network,0,8,0,8, ,J1772,https://semaconnect.com/,FREE, ,GPS
-13597028.8115,6046646.5642,1565,1237,Somerset Gardens Apartments,201299,ELEC, , ,E,Public, , , ,2023/06/21 00:00:00+00,2023/06/21 00:00:00+00,2021/11/17 00:00:00+00,, ,14700 NE 29th Pl,Bellevue,98007,WA,US,47.636824,-122.144188,Charger being upgraded.||, ,888-998-2546, ,465ba1dd-d734-8158-93cc-330000418851,Blink Network,0,1,0,1, ,J1772,http://www.blinkcharging.com/,Free, ,GPS
-13620697.7843,6055738.93249999,1566,1238,THE MORROW APTS STATION 1,201360,ELEC, ,24 hours daily,E,Public, , , ,2023/08/07 00:00:00+00,2023/08/07 00:00:00+00,2021/11/19 00:00:00+00,, ,8623 Palatine Ave N,Seattle,98103,WA,US,47.691832,-122.35681, , ,888-758-4389, ,USCPIL8212611,ChargePoint Network,0,2,0,2, ,J1772,http://www.chargepoint.com/, , ,GPS
-13620637.2265,6055697.2571,1567,1239,THE MORROW APTS STATION 2,201361,ELEC, ,24 hours daily,E,Public, , , ,2023/08/07 00:00:00+00,2023/08/07 00:00:00+00,2021/11/19 00:00:00+00,, ,8616 Palatine Ave N,Seattle,98103,WA,US,47.69158,-122.356266, , ,888-758-4389, ,USCPIL8212651,ChargePoint Network,0,2,0,2, ,J1772,http://www.chargepoint.com/, , ,GPS
-13645562.1058,5992279.79519999,1568,1240,"Kroger Fred Meyer 691 (Gig Harbor, WA)",201423,ELEC, ,24 hours daily,E,Public, , , ,2023/08/07 00:00:00+00,2023/08/07 00:00:00+00,2021/11/19 00:00:00+00,, ,5502 Point Fosdick Drive NW,Gig Harbor,98335,WA,US,47.3067,-122.58017, , ,833-632-2778, ,210231,Electrify America,0,0,4,4, ,"CHAdeMO, CCS",https://www.electrifyamerica.com/, , ,GPS
-13605924.7973,6019817.22620001,1569,1241,PSEJATC,201477,ELEC, , ,E,Public, , , ,2023/06/21 00:00:00+00,2023/06/21 00:00:00+00,2021/11/22 00:00:00+00,, ,550 SW 7th St,Renton,98057,WA,US,47.474171,-122.224102, , ,888-998-2546, ,465ba1dd-d734-8158-93cc-330000053876,Blink Network,0,2,0,2, ,J1772,http://www.blinkcharging.com/,Free, ,GPS
-13617110.2911,6046252.3948,1570,1242,1616 EASTLAKE ARE 1616 #1,201481,ELEC, ,24 hours daily,E,Public, , , ,2023/08/07 00:00:00+00,2023/08/07 00:00:00+00,2021/11/23 00:00:00+00,, ,1616 Eastlake Ave E,Seattle,98102,WA,US,47.634438,-122.324583, , ,888-758-4389, ,USCPIL113421,ChargePoint Network,0,2,0,2, ,J1772,http://www.chargepoint.com/, , ,GPS
-13591366.8796,5996430.5177,1571,1243,Covington Public,201538,ELEC, ,24 hours daily,E,Public, , , ,2023/08/07 00:00:00+00,2023/08/07 00:00:00+00,2021/11/23 00:00:00+00,, ,18631 SE 300th Pl,Covington,98042,WA,US,47.331977,-122.093326, , ,855-900-7584, ,3141,SHELL_RECHARGE,0,1,0,1, ,J1772,https://shellrecharge.com/en-us/solutions, , ,GPS
-13672689.5525001,5941218.813,1572,1244,"Kroger QFC 126 (Lacey, WA)",201629,ELEC, ,24 hours daily,E,Public, , , ,2023/08/07 00:00:00+00,2023/08/07 00:00:00+00,2021/11/25 00:00:00+00,, ,4775 Whitman Lane SE,Lacey,98512,WA,US,46.99476,-122.82386, , ,833-632-2778, ,210430,Electrify America,0,0,4,4, ,"CHAdeMO, CCS",https://www.electrifyamerica.com/, , ,GPS
-13673024.0675,6016063.37650001,1573,1245,Belfair Log Plaza,201852,ELEC, , ,E,Public, , , ,2023/06/20 00:00:00+00,2023/06/20 00:00:00+00,2021/12/01 00:00:00+00,, ,23730 WA-3,Belfair,98528,WA,US,47.451373,-122.826865, , ,888-998-2546, ,465ba1dd-d734-8158-93cc-330000646908,Blink Network,0,4,0,4, ,J1772,http://www.blinkcharging.com/,Free, ,GPS
-13562792.0568,6031020.6151,1574,1246,Valet Parking,201876,ELEC, , ,E,Public, , , ,2023/06/20 00:00:00+00,2023/06/20 00:00:00+00,2021/12/01 00:00:00+00,, ,6501 Railroad Avenue SE,Fall City,98024,WA,US,47.542153,-121.836634, , ,888-998-2546, ,465ba1dd-d734-8158-93cc-330000646934,Blink Network,0,1,0,1, ,J1772,http://www.blinkcharging.com/,Free, ,GPS
-13635397.0647,6238467.40809999,1575,1247,Bellis Fair,201933,ELEC, ,"Mon 5:00am - 10:59pm; Tue 5:00am - 10:59pm; Wed 5:00am - 10:59pm; Thu 5:00am - 10:59pm; Fri 5:00am - 10:59pm; Sat 5:00am - 10:59pm; Sun 5:00am - 10:59pm",E,Public, ,False, ,2023/08/07 00:00:00+00,2023/08/07 00:00:00+00,2021/11/26 00:00:00+00,, ,1 Bellis Fair Pkwy,Bellingham,98226,WA,US,48.78505083,-122.488855883, , ,888-264-2208, ,7803235b-bad9-4b2a-8120-333b5edc9867,Volta,0,10,0,10, ,J1772,https://voltacharging.com/, , ,GPS
-13084464.3387,6044688.4499,1576,1248,SIA W GARAGE F.1 #4,201991,ELEC, ,24 hours daily,E,Public, , , ,2023/08/07 00:00:00+00,2023/08/07 00:00:00+00,2021/12/03 00:00:00+00,, ,9000 W Airport Dr.,Spokane,99224,WA,US,47.62497,-117.539743, , ,888-758-4389, ,USCPIL11875041,ChargePoint Network,0,1,0,1, ,J1772,http://www.chargepoint.com/, , ,GPS
-13084482.9291,6044702.8194,1577,1249,SIA W GARAGE F.1 #7,201992,ELEC, ,24 hours daily,E,Public, , , ,2023/08/07 00:00:00+00,2023/08/07 00:00:00+00,2021/12/03 00:00:00+00,, ,9000 W Airport Dr.,Spokane,99224,WA,US,47.625057,-117.53991, , ,888-758-4389, ,USCPIL11875301,ChargePoint Network,0,1,0,1, ,J1772,http://www.chargepoint.com/, , ,GPS
-13635788.6997,6239555.55189999,1578,1250,Community Food CoOp,202101,ELEC, ,24 hours daily,E,Public, , , ,2023/08/07 00:00:00+00,2023/08/07 00:00:00+00,2021/12/07 00:00:00+00,, ,315 Weterly Rd,Bellingham,98226,WA,US,48.791491,-122.492374, , ,855-900-7584, ,3270,SHELL_RECHARGE,0,2,2,4, ,"CHAdeMO, J1772, CCS",https://shellrecharge.com/en-us/solutions, , ,GPS
-13357666.3028,5832308.0868,1579,1251,Sunnyside High School,202167,ELEC, ,24 hours daily,E,Public, , , ,2023/06/21 00:00:00+00,2023/06/21 00:00:00+00,2021/03/09 00:00:00+00,, ,1831 East Edison Avenue,Sunnyside,98944,WA,US,46.323285,-119.993958, , ,800-663-5633, ,5709,SemaCharge Network,0,4,0,4, ,J1772,https://semaconnect.com/,$1.25/Hr Parking Fee, ,GPS
-13084471.5745,6044691.09249999,1580,1252,SIA W GARAGE F.1 #5,202322,ELEC, ,24 hours daily,E,Public, , , ,2023/08/07 00:00:00+00,2023/08/07 00:00:00+00,2021/12/10 00:00:00+00,, ,9000 W Airport Dr.,Spokane,99224,WA,US,47.624986,-117.539808, , ,888-758-4389, ,USCPIL11874541,ChargePoint Network,0,2,0,2, ,J1772,http://www.chargepoint.com/, , ,GPS
-13084455.6558,6044696.54310001,1581,1253,SIA W GARAGE F.1 #3,202323,ELEC, ,24 hours daily,E,Public, , , ,2023/08/07 00:00:00+00,2023/08/07 00:00:00+00,2021/12/10 00:00:00+00,, ,9000 W Airport Dr.,Spokane,99224,WA,US,47.625019,-117.539665, , ,888-758-4389, ,USCPIL11874551,ChargePoint Network,0,2,0,2, ,J1772,http://www.chargepoint.com/, , ,GPS
-13084448.1974,6044703.1498,1582,1254,SIA W GARAGE F.1 #2,202324,ELEC, ,24 hours daily,E,Public, , , ,2023/08/07 00:00:00+00,2023/08/07 00:00:00+00,2021/12/10 00:00:00+00,, ,9000 W Airport Dr.,Spokane,99224,WA,US,47.625059,-117.539598, , ,888-758-4389, ,USCPIL11874561,ChargePoint Network,0,2,0,2, ,J1772,http://www.chargepoint.com/, , ,GPS
-13084477.8084,6044697.3689,1583,1255,SIA W GARAGE F.1 #6,202325,ELEC, ,24 hours daily,E,Public, , , ,2023/08/07 00:00:00+00,2023/08/07 00:00:00+00,2021/12/10 00:00:00+00,, ,9000 W Airport Dr.,Spokane,99224,WA,US,47.625024,-117.539864, , ,888-758-4389, ,USCPIL11874601,ChargePoint Network,0,2,0,2, ,J1772,http://www.chargepoint.com/, , ,GPS
-13613781.1704,5981088.4711,1584,1256,The Arbors at Edgewood,202346,ELEC, ,24 hours daily,E,Public, , , ,2023/08/07 00:00:00+00,2023/08/07 00:00:00+00,2021/12/10 00:00:00+00,, ,10304 20th St. East,Edgewood,98371,WA,US,47.238487,-122.294677, , ,855-900-7584, ,3281,SHELL_RECHARGE,0,2,0,2, ,J1772,https://shellrecharge.com/en-us/solutions, , ,GPS
-13636582.853,5981753.1852,1585,1257,TACOMA PARKS PARKS HQ,202434,ELEC, ,24 hours daily,T,Public, , , ,2023/08/07 00:00:00+00,2023/08/07 00:00:00+00,2021/12/11 00:00:00+00,2022/10/26 00:00:00+00, ,4702 S 19th St,Tacoma,98405,WA,US,47.242541,-122.499508, , ,888-758-4389, ,USCPIL12031541,ChargePoint Network,0,1,0,1, ,J1772,http://www.chargepoint.com/, , ,GPS
-13659879.3507001,5756701.7919,1586,1258,ILANI STATION 2,202468,ELEC, ,24 hours daily,E,Public, , , ,2023/08/07 00:00:00+00,2023/08/07 00:00:00+00,2021/12/14 00:00:00+00,, ,1 Cowlitz Way,Ridgefield,98642,WA,US,45.852238,-122.708784, , ,888-758-4389, ,USCPIL11609231,ChargePoint Network,0,2,0,2, ,J1772,http://www.chargepoint.com/, , ,GPS
-13659826.8079,5756720.65119999,1587,1259,ILANI STATION 3,202469,ELEC, ,24 hours daily,E,Public, , , ,2023/08/07 00:00:00+00,2023/08/07 00:00:00+00,2021/12/14 00:00:00+00,, ,1 Cowlitz Way,Ridgefield,98642,WA,US,45.852356,-122.708312, , ,888-758-4389, ,USCPIL11609931,ChargePoint Network,0,2,0,2, ,J1772,http://www.chargepoint.com/, , ,GPS
-13659832.7079,5756744.9446,1588,1260,ILANI COWLITZ 1,202470,ELEC, ,24 hours daily,E,Public, , , ,2023/08/07 00:00:00+00,2023/08/07 00:00:00+00,2021/12/14 00:00:00+00,, ,1 Cowlitz Way,Ridgefield,98642,WA,US,45.852508,-122.708365, , ,888-758-4389, ,USCPIL11610791,ChargePoint Network,0,1,0,1, ,J1772,http://www.chargepoint.com/, , ,GPS
-13602587.7729,6042872.13169999,1589,1261,KRC SKYLINE STATION #4,202475,ELEC, ,24 hours daily,E,Public, , , ,2023/08/07 00:00:00+00,2023/08/07 00:00:00+00,2021/12/14 00:00:00+00,, ,10900 NE 4th St,Bellevue,98004,WA,US,47.613972,-122.194125, , ,888-758-4389, ,USCPIL11861481,ChargePoint Network,0,2,0,2, ,J1772,http://www.chargepoint.com/, , ,GPS
-13602581.7617,6042872.29689999,1590,1262,KRC SKYLINE STATION #5,202476,ELEC, ,24 hours daily,E,Public, , , ,2023/08/07 00:00:00+00,2023/08/07 00:00:00+00,2021/12/14 00:00:00+00,, ,10900 NE 4th St,Bellevue,98004,WA,US,47.613973,-122.194071, , ,888-758-4389, ,USCPIL11861511,ChargePoint Network,0,2,0,2, ,J1772,http://www.chargepoint.com/, , ,GPS
-13615671.8206001,6071640.71260001,1591,1263,MOUNTLAKE EVCS STATION1,202519,ELEC, ,24 hours daily,E,Public, , , ,2023/08/07 00:00:00+00,2023/08/07 00:00:00+00,2021/12/15 00:00:00+00,, ,23204 58th Ave W,Mountlake Terrace,98043,WA,US,47.787897,-122.311661, , ,888-758-4389, ,USCPIL8060631,ChargePoint Network,0,1,0,1, ,J1772,http://www.chargepoint.com/, , ,GPS
-13615700.6523,6071635.742,1592,1264,MOUNTLAKE EVCS STATION2,202520,ELEC, ,24 hours daily,E,Public, , , ,2023/08/07 00:00:00+00,2023/08/07 00:00:00+00,2021/12/15 00:00:00+00,, ,23204 58th Ave W,Mountlake Terrace,98043,WA,US,47.787867,-122.31192, , ,888-758-4389, ,USCPIL8060671,ChargePoint Network,0,2,0,2, ,J1772,http://www.chargepoint.com/, , ,GPS
-13608250.8181,6019848.68249999,1593,1265,AMZ MONSTER #2,202558,ELEC, ,24 hours daily,E,Public, , , ,2023/08/07 00:00:00+00,2023/08/07 00:00:00+00,2021/12/15 00:00:00+00,, ,1167 Monster Rd SW,Renton,98057,WA,US,47.474362,-122.244997, , ,888-758-4389, ,USCPIL12081001,ChargePoint Network,0,2,0,2, ,J1772,http://www.chargepoint.com/, , ,GPS
-13608252.0426,6019862.84610001,1594,1266,AMZ MONSTER #4,202559,ELEC, ,24 hours daily,T,Public, , , ,2023/08/07 00:00:00+00,2023/08/07 00:00:00+00,2021/12/15 00:00:00+00,2023/06/08 00:00:00+00, ,550 Monster Rd SW,Renton,98057,WA,US,47.474448,-122.245008, , ,888-758-4389, ,USCPIL12081091,ChargePoint Network,0,2,0,2, ,J1772,http://www.chargepoint.com/, , ,GPS
-13608250.2615,6019836.98929999,1595,1267,AMZ MONSTER #3,202560,ELEC, ,24 hours daily,T,Public, , , ,2023/08/07 00:00:00+00,2023/08/07 00:00:00+00,2021/12/15 00:00:00+00,2023/05/24 00:00:00+00, ,1167 Monster Rd SW,Renton,98057,WA,US,47.474291,-122.244992, , ,888-758-4389, ,USCPIL12081211,ChargePoint Network,0,2,0,2, ,J1772,http://www.chargepoint.com/, , ,GPS
-13635441.7169,5974504.2527,1596,1268,TACOMA PARKS STAR CENTER #1,202685,ELEC, ,24 hours daily,E,Public, , , ,2023/08/07 00:00:00+00,2023/08/07 00:00:00+00,2021/12/16 00:00:00+00,, ,3873 S 66th St,Tacoma,98409,WA,US,47.198314,-122.489257, , ,888-758-4389, ,USCPIL11744251,ChargePoint Network,0,2,0,2, ,J1772,http://www.chargepoint.com/, , ,GPS
-13634670.6068,5988388.68499999,1597,1269,TACOMA PARKS LES DAVIS #2,202698,ELEC, ,24 hours daily,E,Public, , , ,2023/08/07 00:00:00+00,2023/08/07 00:00:00+00,2021/12/16 00:00:00+00,, ,3427 Ruston Way,Tacoma,98407,WA,US,47.282993,-122.48233, , ,888-758-4389, ,USCPIL12115261,ChargePoint Network,0,2,0,2, ,J1772,http://www.chargepoint.com/, , ,GPS
-13596203.8228,6037971.8945,1598,1270,EASTGATE 15325 DUAL,202946,ELEC, ,24 hours daily,E,Public, , , ,2023/08/07 00:00:00+00,2023/08/07 00:00:00+00,2021/12/23 00:00:00+00,, ,15325 SE 30th Pl,Bellevue,98007,WA,US,47.584289,-122.136777, , ,888-758-4389, ,USCPIL1986391,ChargePoint Network,0,2,0,2, ,J1772,http://www.chargepoint.com/, , ,GPS
-13597154.2686,5969295.056,1599,1271,Bonney Lake Village Center,203044,ELEC, ,"Mon 5:00am - 10:59pm; Tue 5:00am - 10:59pm; Wed 5:00am - 10:59pm; Thu 5:00am - 10:59pm; Fri 5:00am - 10:59pm; Sat 5:00am - 10:59pm; Sun 5:00am - 10:59pm",E,Public, ,False, ,2023/08/07 00:00:00+00,2023/08/07 00:00:00+00,2021/12/21 00:00:00+00,, ,21301 Hwy 410,Bonney Lake,98391,WA,US,47.166509,-122.145315, , ,888-264-2208, ,72ec7a9e-1b84-4dbe-a08d-55fadc9dc9c4,Volta,0,2,0,2, ,J1772,https://voltacharging.com/, , ,GPS
-13578717.5345,5974541.27940001,1600,1272,Safeway 152 Roosevelt Ave E,203045,ELEC, ,"Mon 5:00am - 10:59pm; Tue 5:00am - 10:59pm; Wed 5:00am - 10:59pm; Thu 5:00am - 10:59pm; Fri 5:00am - 10:59pm; Sat 5:00am - 10:59pm; Sun 5:00am - 10:59pm",E,Public, ,False, ,2023/08/07 00:00:00+00,2023/08/07 00:00:00+00,2021/12/21 00:00:00+00,, ,152 Roosevelt Ave E,Enumclaw,98022,WA,US,47.19854,-121.979695, , ,888-264-2208, ,388af85b-ea82-4755-b199-2bb20bee6433,Volta,0,2,0,2, ,J1772,https://voltacharging.com/, , ,GPS
-13618030.5693,6041422.3902,1601,1273,4th & Madison,203325,ELEC, , ,E,Public, , , ,2023/06/20 00:00:00+00,2023/06/20 00:00:00+00,2021/12/30 00:00:00+00,, ,925 4th Avenue,Seattle,98104,WA,US,47.605192,-122.33285, , ,888-998-2546, ,465ba1dd-d734-8158-93cc-330000657984,Blink Network,0,4,0,4, ,J1772,http://www.blinkcharging.com/,Free, ,GPS
-13618048.3804,6040985.20379999,1602,1274,BUTLER GARAGE BUTLER EV #1,204254,ELEC, ,24 hours daily,E,Public, , , ,2023/08/07 00:00:00+00,2023/08/07 00:00:00+00,2022/01/04 00:00:00+00,, ,611 2nd Ave,Seattle,98104,WA,US,47.602544,-122.33301, , ,888-758-4389, ,USCPIL12031001,ChargePoint Network,0,2,0,2, ,J1772,http://www.chargepoint.com/, , ,GPS
-13618034.2428001,6040986.6897,1603,1275,BUTLER GARAGE BUTLER EV #2,204255,ELEC, ,24 hours daily,E,Public, , , ,2023/08/07 00:00:00+00,2023/08/07 00:00:00+00,2022/01/04 00:00:00+00,, ,611 2nd Ave,Seattle,98104,WA,US,47.602553,-122.332883, , ,888-758-4389, ,USCPIL12031071,ChargePoint Network,0,2,0,2, ,J1772,http://www.chargepoint.com/, , ,GPS
-13654805.297,5721157.11379999,1604,1276,CPU DC STATION 1,204258,ELEC, ,24 hours daily,E,Public, , , ,2023/08/07 00:00:00+00,2023/08/07 00:00:00+00,2022/01/04 00:00:00+00,, ,850 Officers Row,Vancouver,98661,WA,US,45.629395,-122.663203, , ,888-758-4389, ,USCPIL12238831,ChargePoint Network,0,0,1,1, ,"CHAdeMO, CCS",http://www.chargepoint.com/, , ,GPS
-13654813.0894,5721162.36699999,1605,1277,CPU DC STATION 2,204259,ELEC, ,24 hours daily,E,Public, , , ,2023/08/07 00:00:00+00,2023/08/07 00:00:00+00,2022/01/04 00:00:00+00,, ,850 Officers Row,Vancouver,98661,WA,US,45.629428,-122.663273, , ,888-758-4389, ,USCPIL12238971,ChargePoint Network,0,0,1,1, ,"CHAdeMO, CCS",http://www.chargepoint.com/, , ,GPS
-13387010.3432,5938648.64289999,1606,1278,Ginkgo Petrified Forest - Trees of Stone Trailhead,204476,ELEC,STATE_GOV,"24 hours daily; Discover Pass required",E,Public, ,False, ,2022/12/13 00:00:00+00,2023/05/26 00:00:00+00,2021/10/27 00:00:00+00,, ,Vantage Hwy,Ellensburg,98926,WA,US,46.97901,-120.25756,"Parking lot for Ginkgo Petrified Forest Interpretive Trails, about 2.5 miles northwest of I-90, exit 136.", ,360-902-8844,P, ,Non-Networked,0,2,0,2, ,J1772, ,Free,SOLAR,200-6
-13675053.9784,5949342.2659,1607,1279,FAST FUEL 2 STATION 1,204497,ELEC, ,24 hours daily,E,Public, , , ,2023/08/07 00:00:00+00,2023/08/07 00:00:00+00,2022/01/08 00:00:00+00,, ,501 Lilly Rd SE,Olympia,98501,WA,US,47.04451,-122.8451, , ,888-758-4389, ,USCPIL11745471,ChargePoint Network,0,0,1,1, ,"CHAdeMO, CCS",http://www.chargepoint.com/, , ,GPS
-13588251.047,6031834.4652,1608,1280,HOMEWOOD SUITES HOMEWOOD #1,204538,ELEC, ,24 hours daily,E,Public, , , ,2023/08/07 00:00:00+00,2023/08/07 00:00:00+00,2022/01/10 00:00:00+00,, ,1484 Hyla Ave NW,Issaquah,98027,WA,US,47.547088,-122.065336, , ,888-758-4389, ,USCPIL119323,ChargePoint Network,0,2,0,2, ,J1772,http://www.chargepoint.com/, , ,GPS
-13675058.6539,5949340.1422,1609,1281,FAST FUEL 2 STATION 2,204664,ELEC, ,24 hours daily,E,Public, , , ,2023/08/07 00:00:00+00,2023/08/07 00:00:00+00,2022/01/12 00:00:00+00,, ,501 Lilly Rd SE,Olympia,98501,WA,US,47.044497,-122.845142, , ,888-758-4389, ,USCPIL11842031,ChargePoint Network,0,0,1,1, ,"CHAdeMO, CCS",http://www.chargepoint.com/, , ,GPS
-13583869.605,6048028.91850001,1610,1282,Albertsons 3925 236Th Ave NE Redmond WA,204826,ELEC, ,"Mon 5:00am - 10:59pm; Tue 5:00am - 10:59pm; Wed 5:00am - 10:59pm; Thu 5:00am - 10:59pm; Fri 5:00am - 10:59pm; Sat 5:00am - 10:59pm; Sun 5:00am - 10:59pm",E,Public, ,False, ,2023/08/07 00:00:00+00,2023/08/07 00:00:00+00,2022/01/11 00:00:00+00,, ,3925 236Th Ave NE,Redmond,98053,WA,US,47.645190854,-122.025976837, , ,888-264-2208, ,6e0ee69e-9044-4417-82c1-153e1140744b,Volta,0,2,0,2, ,J1772,https://voltacharging.com/, , ,GPS
-13641340.0079,6081007.46729999,1611,1283,"The Point Casino Hotel, Kingston WA",204827,ELEC, ,"Mon 5:00am - 10:59pm; Tue 5:00am - 10:59pm; Wed 5:00am - 10:59pm; Thu 5:00am - 10:59pm; Fri 5:00am - 10:59pm; Sat 5:00am - 10:59pm; Sun 5:00am - 10:59pm",E,Public, ,False, ,2023/08/07 00:00:00+00,2023/08/07 00:00:00+00,2022/01/11 00:00:00+00,, ,7989 NE Salish Ln,Kingston,98346,WA,US,47.8444,-122.54224225, , ,888-264-2208, ,876c6d74-b68b-488b-b6a8-58f85356bc24,Volta,0,4,0,4, ,J1772,https://voltacharging.com/, , ,GPS
-13651133.8689,6043996.014,1612,1284,Safeway 1401 N.e. Mcwilliams,204828,ELEC, ,"Mon 5:00am - 10:59pm; Tue 5:00am - 10:59pm; Wed 5:00am - 10:59pm; Thu 5:00am - 10:59pm; Fri 5:00am - 10:59pm; Sat 5:00am - 10:59pm; Sun 5:00am - 10:59pm",E,Public, ,False, ,2023/08/07 00:00:00+00,2023/08/07 00:00:00+00,2022/01/11 00:00:00+00,, ,1401 N.E. Mcwilliams,Bremerton,98311,WA,US,47.6207775,-122.630222, , ,888-264-2208, ,68172f1f-801d-45b4-ba40-292736940a0f,Volta,0,2,0,2, ,J1772,https://voltacharging.com/, , ,GPS
-13598279.4860001,6014490.8922,1613,1285,The Wayne Apartments,204980,ELEC, , ,E,Public, , , ,2023/06/21 00:00:00+00,2023/06/21 00:00:00+00,2021/09/27 00:00:00+00,, ,13850 Southeast 180th Street,Renton,98058,WA,US,47.44182,-122.155423, , ,800-663-5633, ,5798,SemaCharge Network,0,4,0,4, ,J1772,https://semaconnect.com/,$0.20/kWh Energy Fee, ,GPS
-13598333.6986,6045087.83349999,1614,1286,JLR BELLEVUE DC WALLBOX,205085,ELEC, ,24 hours daily,E,Public, , , ,2023/08/07 00:00:00+00,2023/08/07 00:00:00+00,2022/01/20 00:00:00+00,, ,13817 NE 20th St,Bellevue,98005,WA,US,47.627388,-122.15591, , ,888-758-4389, ,USCPIL12426701,ChargePoint Network,0,0,1,1, ,CCS,http://www.chargepoint.com/, , ,GPS
-13577382.9251,6083543.4149,1615,1287,Safeway 19651 Hwy 2,205157,ELEC, ,"Mon 5:00am - 10:59pm; Tue 5:00am - 10:59pm; Wed 5:00am - 10:59pm; Thu 5:00am - 10:59pm; Fri 5:00am - 10:59pm; Sat 5:00am - 10:59pm; Sun 5:00am - 10:59pm",E,Public, ,False, ,2023/08/07 00:00:00+00,2023/08/07 00:00:00+00,2022/01/14 00:00:00+00,, ,19651 U.S. 2,Monroe,98272,WA,US,47.859687,-121.967706, , ,888-264-2208, ,69221ecf-53d7-422a-acc2-1ef25eac2526,Volta,0,2,0,2, ,J1772,https://voltacharging.com/, , ,GPS
-13620906.1744,5967544.4805,1616,1288,Summit Country Center,205158,ELEC, ,"Mon 5:00am - 10:59pm; Tue 5:00am - 10:59pm; Wed 5:00am - 10:59pm; Thu 5:00am - 10:59pm; Fri 5:00am - 10:59pm; Sat 5:00am - 10:59pm; Sun 5:00am - 10:59pm",E,Public, ,False, ,2023/08/07 00:00:00+00,2023/08/07 00:00:00+00,2022/01/18 00:00:00+00,, ,11012 Canyon Road East,Puyallup,98373,WA,US,47.1558165,-122.358682, , ,888-264-2208, ,02012648-7f6c-4104-9434-53f74ced7412,Volta,0,2,0,2, ,J1772,https://voltacharging.com/, , ,GPS
-13634663.9276,5988385.56710001,1617,1289,TACOMA PARKS LES DAVIS #1,205263,ELEC, ,24 hours daily,T,Public, , , ,2023/08/07 00:00:00+00,2023/08/07 00:00:00+00,2022/01/25 00:00:00+00,2023/07/22 00:00:00+00, ,3427 Ruston Way,Tacoma,98402,WA,US,47.282974,-122.48227, , ,888-758-4389, ,USCPIL12420391,ChargePoint Network,0,2,0,2, ,J1772,http://www.chargepoint.com/, , ,GPS
-13617069.9934,6039570.6085,1618,1290,City of Seattle 1010 8th Ave,205286,ELEC, , ,E,Public, , , ,2023/08/07 00:00:00+00,2023/08/07 00:00:00+00,2022/01/25 00:00:00+00,, ,1010 8th Ave South,Seattle,98134,WA,US,47.593975,-122.324221, , ,855-885-9571, ,317,OpConnect,0,2,0,2, ,J1772,http://www.opconnect.com/, , ,GPS
-13618148.234,6043574.6339,1619,1291,REN DENNY CTR1,205326,ELEC, ,24 hours daily,E,Public, , , ,2023/08/07 00:00:00+00,2023/08/07 00:00:00+00,2022/01/26 00:00:00+00,, ,2014 Fairview Ave,Seattle,98121,WA,US,47.618226,-122.333907, , ,888-758-4389, ,USCPIL12435711,ChargePoint Network,0,2,0,2, ,J1772,http://www.chargepoint.com/, , ,GPS
-13618149.6811,6043575.2945,1620,1292,REN DENNY CTR2,205327,ELEC, ,24 hours daily,E,Public, , , ,2023/08/07 00:00:00+00,2023/08/07 00:00:00+00,2022/01/26 00:00:00+00,, ,2014 Fairview Ave,Seattle,98121,WA,US,47.61823,-122.33392, , ,888-758-4389, ,USCPIL12435741,ChargePoint Network,0,2,0,2, ,J1772,http://www.chargepoint.com/, , ,GPS
-13618148.568,6043575.78989999,1621,1293,REN DENNY CTR3,205328,ELEC, ,24 hours daily,E,Public, , , ,2023/08/07 00:00:00+00,2023/08/07 00:00:00+00,2022/01/26 00:00:00+00,, ,2014 Fairview Ave,Seattle,98121,WA,US,47.618233,-122.33391, , ,888-758-4389, ,USCPIL12435751,ChargePoint Network,0,2,0,2, ,J1772,http://www.chargepoint.com/, , ,GPS
-13618160.4791001,6043574.1385,1622,1294,REN DENNY CTR4,205329,ELEC, ,24 hours daily,E,Public, , , ,2023/08/07 00:00:00+00,2023/08/07 00:00:00+00,2022/01/26 00:00:00+00,, ,2014 Fairview Ave,Seattle,98121,WA,US,47.618223,-122.334017, , ,888-758-4389, ,USCPIL12435761,ChargePoint Network,0,2,0,2, ,J1772,http://www.chargepoint.com/, , ,GPS
-13618152.7981,6043577.9368,1623,1295,REN DENNY CTR5,205330,ELEC, ,24 hours daily,E,Public, , , ,2023/08/07 00:00:00+00,2023/08/07 00:00:00+00,2022/01/26 00:00:00+00,, ,2014 Fairview Ave,Seattle,98121,WA,US,47.618246,-122.333948, , ,888-758-4389, ,USCPIL12435781,ChargePoint Network,0,2,0,2, ,J1772,http://www.chargepoint.com/, , ,GPS
-13618146.3416,6043576.4505,1624,1296,REN DENNY CTR6,205331,ELEC, ,24 hours daily,E,Public, , , ,2023/08/07 00:00:00+00,2023/08/07 00:00:00+00,2022/01/26 00:00:00+00,, ,2014 Fairview Ave,Seattle,98121,WA,US,47.618237,-122.33389, , ,888-758-4389, ,USCPIL12435791,ChargePoint Network,0,2,0,2, ,J1772,http://www.chargepoint.com/, , ,GPS
-13618144.1152,6043577.60649999,1625,1297,REN DENNY CTR7,205332,ELEC, ,24 hours daily,E,Public, , , ,2023/08/07 00:00:00+00,2023/08/07 00:00:00+00,2022/01/26 00:00:00+00,, ,2014 Fairview Ave,Seattle,98121,WA,US,47.618244,-122.33387, , ,888-758-4389, ,USCPIL12435801,ChargePoint Network,0,2,0,2, ,J1772,http://www.chargepoint.com/, , ,GPS
-13618142.4454,6043576.94599999,1626,1298,REN DENNY CTR8,205333,ELEC, ,24 hours daily,E,Public, , , ,2023/08/07 00:00:00+00,2023/08/07 00:00:00+00,2022/01/26 00:00:00+00,, ,2014 Fairview Ave,Seattle,98121,WA,US,47.61824,-122.333855, , ,888-758-4389, ,USCPIL12435811,ChargePoint Network,0,2,0,2, ,J1772,http://www.chargepoint.com/, , ,GPS
-13600140.7145,6058882.5511,1627,1299,Volkswagen of Kirkland,205536,ELEC,CAR_DEALER,24 hours daily,E,Public,CREDIT_CARD_ALWAYS,True,"American Express, Discover, Debit, MasterCard, Visa",2022/02/10 00:00:00+00,2022/02/10 00:00:00+00,2022/01/24 00:00:00+00,, ,12612 NE 124th St,Kirkland,98034,WA,US,47.7108371216806,-122.1721427, , ,425-898-2500,P, ,Non-Networked,0,0,2,2, ,CCS, , , ,GPS
-13672509.053,5941658.18339999,1628,1300,Little Prairie Center,205814,ELEC, ,"Mon 5:00am - 10:59pm; Tue 5:00am - 10:59pm; Wed 5:00am - 10:59pm; Thu 5:00am - 10:59pm; Fri 5:00am - 10:59pm; Sat 5:00am - 10:59pm; Sun 5:00am - 10:59pm",E,Public, ,False, ,2023/08/07 00:00:00+00,2023/08/07 00:00:00+00,2022/02/04 00:00:00+00,, ,4700 SE Yelm Highway,Lacey,98503,WA,US,46.997451997,-122.822238546, , ,888-264-2208, ,2c8e2b15-3739-4a46-a00f-8ebd6c615d6b,Volta,0,2,0,2, ,J1772,https://voltacharging.com/, , ,GPS
-13281494.4941,5822151.3905,1629,1301,Richland,206001,ELEC, ,24 hours daily,E,Public, , , ,2023/08/07 00:00:00+00,2023/08/07 00:00:00+00,2022/02/08 00:00:00+00,, ,2700 Duprotail St.,Richalnd,99352,WA,US,46.26024,-119.309695, , ,855-900-7584, ,2475,SHELL_RECHARGE,0,1,1,2, ,"CHAdeMO, J1772, CCS",https://shellrecharge.com/en-us/solutions, , ,GPS
-13616789.5796,6058391.1906,1630,1302,525 NORTHGATE RETAIL #2,206353,ELEC, ,24 hours daily,E,Public, , , ,2023/08/06 00:00:00+00,2023/08/06 00:00:00+00,2022/02/15 00:00:00+00,, ,525 NE Northgate Way,Seattle,98125,WA,US,47.707867,-122.321702, , ,888-758-4389, ,USCPIL99893,ChargePoint Network,0,2,0,2, ,J1772,http://www.chargepoint.com/, , ,GPS
-13600569.8845,6044063.81,1631,1303,BLOCK 24 FB STATION 3,206424,ELEC, ,24 hours daily,E,Public, , , ,2023/08/07 00:00:00+00,2023/08/07 00:00:00+00,2022/02/16 00:00:00+00,, ,12355 NE District Wy,Bellevue,98005,WA,US,47.621188,-122.175998, , ,888-758-4389, ,USCPIL8612411,ChargePoint Network,0,2,0,2, ,J1772,http://www.chargepoint.com/, , ,GPS
-13596870.9605,6045828.179,1632,1304,"BofA Overlake Park WA3-152 (Redmond, WA)",206453,ELEC, ,24 hours daily,E,Public, , , ,2023/08/07 00:00:00+00,2023/08/07 00:00:00+00,2022/02/16 00:00:00+00,, ,2400 148th Avenue NE,Redmond,98502,WA,US,47.63187,-122.14277, , ,833-632-2778, ,210229,Electrify America,0,0,4,4, ,"CHAdeMO, CCS",https://www.electrifyamerica.com/, , ,GPS
-13596189.4626,6037618.3886,1633,1305,EASTGATE 15395 DUAL - #1,206469,ELEC, ,24 hours daily,E,Public, , , ,2023/08/07 00:00:00+00,2023/08/07 00:00:00+00,2022/02/17 00:00:00+00,, ,15395 SE 30th Pl,Bellevue,98007,WA,US,47.582147,-122.136648, , ,888-758-4389, ,USCPIL205655,ChargePoint Network,0,2,0,2, ,J1772,http://www.chargepoint.com/, , ,GPS
-13596183.4513,6037619.5438,1634,1306,EASTGATE 15395 DUAL - #2,206470,ELEC, ,24 hours daily,E,Public, , , ,2023/08/07 00:00:00+00,2023/08/07 00:00:00+00,2022/02/17 00:00:00+00,, ,15395 SE 30th Pl,Bellevue,98007,WA,US,47.582154,-122.136594, , ,888-758-4389, ,USCPIL211395,ChargePoint Network,0,2,0,2, ,J1772,http://www.chargepoint.com/, , ,GPS
-13740690.9002,6126203.6064,1635,1307,Safeway 110 East 3rd St,206615,ELEC, ,"Mon 5:00am - 10:59pm; Tue 5:00am - 10:59pm; Wed 5:00am - 10:59pm; Thu 5:00am - 10:59pm; Fri 5:00am - 10:59pm; Sat 5:00am - 10:59pm; Sun 5:00am - 10:59pm",E,Public, ,False, ,2023/08/07 00:00:00+00,2023/08/07 00:00:00+00,2022/02/14 00:00:00+00,, ,110 East 3rd St,Port Angeles,98362,WA,US,48.1161725,-123.4347265, , ,888-264-2208, ,5ab239ef-1806-445b-9133-2b99028ff2b7,Volta,0,2,0,2, ,J1772,https://voltacharging.com/, , ,GPS
-13632416.3871,5985807.33689999,1636,1308,Buckingham Apartments,206757,ELEC, , ,E,Public, , , ,2023/08/07 00:00:00+00,2023/08/07 00:00:00+00,2022/02/19 00:00:00+00,, ,1001 N Yakima Ave,Tacoma,98403,WA,US,47.26726,-122.46208, , ,855-885-9571, ,323,OpConnect,0,2,0,2, ,J1772,http://www.opconnect.com/, , ,GPS
-13608743.2955,6016366.61420001,1637,1309,ELEMENT TUKWILA STATION 2,207576,ELEC, ,24 hours daily,E,Public, , , ,2023/08/07 00:00:00+00,2023/08/07 00:00:00+00,2022/03/04 00:00:00+00,, ,515 Industry Dr,Tukwila,98188,WA,US,47.453215,-122.249421, , ,888-758-4389, ,USCPIL6515641,ChargePoint Network,0,2,0,2, ,J1772,http://www.chargepoint.com/, , ,GPS
-13608695.3168,6016372.86999999,1638,1310,ELEMENT TUKWILA STATION 1,207580,ELEC, ,24 hours daily,E,Public, , , ,2023/08/07 00:00:00+00,2023/08/07 00:00:00+00,2022/03/04 00:00:00+00,, ,515 Industry Dr,Tukwila,98188,WA,US,47.453253,-122.24899, , ,888-758-4389, ,USCPIL7110731,ChargePoint Network,0,2,0,2, ,J1772,http://www.chargepoint.com/, , ,GPS
-13617656.4245,6015314.3821,1639,1311,Westridge Condos,207696,ELEC, ,24 hours daily,E,Public, , , ,2023/08/07 00:00:00+00,2023/08/07 00:00:00+00,2022/03/06 00:00:00+00,, ,311 S 174th Pl,lBurien,98148,WA,US,47.446823,-122.329489, , ,855-900-7584, ,3385,SHELL_RECHARGE,0,1,0,1, ,J1772,https://shellrecharge.com/en-us/solutions, , ,GPS
-13685841.5985,5949558.8469,1640,1312,Cooper Point Marketplace,207762,ELEC, ,"Mon 5:00am - 10:59pm; Tue 5:00am - 10:59pm; Wed 5:00am - 10:59pm; Thu 5:00am - 10:59pm; Fri 5:00am - 10:59pm; Sat 5:00am - 10:59pm; Sun 5:00am - 10:59pm",E,Public, ,False, ,2023/08/07 00:00:00+00,2023/08/07 00:00:00+00,2022/03/08 00:00:00+00,, ,3215 Harrison Ave NW,Olympia,98502,WA,US,47.04583576,-122.94200684, , ,888-264-2208, ,c4a67796-5859-442c-b398-c42f3b33cc54,Volta,0,2,0,2, ,J1772,https://voltacharging.com/, , ,GPS
-13618486.3669,6179894.46400001,1641,1313,Mount Vernon Plaza,207763,ELEC, ,"Mon 5:00am - 10:59pm; Tue 5:00am - 10:59pm; Wed 5:00am - 10:59pm; Thu 5:00am - 10:59pm; Fri 5:00am - 10:59pm; Sat 5:00am - 10:59pm; Sun 5:00am - 10:59pm",E,Public, ,False, ,2023/08/07 00:00:00+00,2023/08/07 00:00:00+00,2022/03/08 00:00:00+00,, ,315 East College Way,Mount Vernon,98273,WA,US,48.437167,-122.3369445, , ,888-264-2208, ,5cf9cc79-b722-42e0-bbc0-78865b55f0b8,Volta,0,2,0,2, ,J1772,https://voltacharging.com/, , ,GPS
-13613407.1369,5971932.26709999,1642,1314,Blue Parking Lot - North,207931,ELEC, , ,E,Public, , , ,2023/06/20 00:00:00+00,2023/06/20 00:00:00+00,2022/03/10 00:00:00+00,, ,10th Ave SE,Puyallup,98372,WA,US,47.182613,-122.291317, , ,888-998-2546, ,465ba1dd-d734-8158-93cc-330000686740,Blink Network,0,2,0,2, ,J1772,http://www.blinkcharging.com/,Free, ,GPS
-13613600.6102,5971671.196,1643,1315,Blue Parking Lot - South,207932,ELEC, , ,E,Public, , , ,2023/06/20 00:00:00+00,2023/06/20 00:00:00+00,2022/03/10 00:00:00+00,, ,10th Ave SE,Puyallup,98372,WA,US,47.181019,-122.293055, , ,888-998-2546, ,465ba1dd-d734-8158-93cc-330000686741,Blink Network,0,2,0,2, ,J1772,http://www.blinkcharging.com/,Free, ,GPS
-13601206.8546,6059257.5897,1644,1316,BELL TOTEM LAKE STATION 5 41-42,207953,ELEC, ,24 hours daily,E,Public, , , ,2023/08/07 00:00:00+00,2023/08/07 00:00:00+00,2022/03/11 00:00:00+00,, ,12632 Totem Lake Blvd NE,Kirkland,98034,WA,US,47.713104,-122.18172, , ,888-758-4389, ,USCPIL12585931,ChargePoint Network,0,2,0,2, ,J1772,http://www.chargepoint.com/, , ,GPS
-13258877.3792,5817142.03029999,1645,1317,Franklin PUD Energy Services,211636,ELEC, , ,E,Public, , , ,2023/06/21 00:00:00+00,2023/06/21 00:00:00+00,2022/03/11 00:00:00+00,, ,1411 W Clark,Pasco,99301,WA,US,46.229119,-119.106522, , ,888-998-2546, ,465ba1dd-d734-8158-93cc-330000125537,Blink Network,0,1,0,1, ,J1772,http://www.blinkcharging.com/,Free, ,GPS
-13600343.238,5994808.8771,1646,1318,Meadows on Lea Hill,211714,ELEC, , ,E,Public, , , ,2023/06/21 00:00:00+00,2023/06/21 00:00:00+00,2022/03/14 00:00:00+00,, ,12505 SE 312th St,Auburn,98092,WA,US,47.322103,-122.173962, , ,888-998-2546, ,465ba1dd-d734-8158-93cc-330000688680,Blink Network,0,1,0,1, ,J1772,http://www.blinkcharging.com/,Free, ,GPS
-13649016.6835,6193485.46979999,1647,1319,ANACORTESEV N CH WEST EV1,211746,ELEC, ,24 hours daily,E,Public, , , ,2023/08/07 00:00:00+00,2023/08/07 00:00:00+00,2022/03/15 00:00:00+00,, ,5TH Q Ave,Anacortes,98221,WA,US,48.518102,-122.611203, , ,888-758-4389, ,USCPIL12597251,ChargePoint Network,0,2,0,2, ,J1772,http://www.chargepoint.com/, , ,GPS
-13649016.5722,6193498.4104,1648,1320,ANACORTESEV N CH WEST EV#2,211747,ELEC, ,24 hours daily,E,Public, , , ,2023/08/07 00:00:00+00,2023/08/07 00:00:00+00,2022/03/15 00:00:00+00,, ,5TH Q Ave,Anacortes,98221,WA,US,48.518179,-122.611202, , ,888-758-4389, ,USCPIL12597261,ChargePoint Network,0,2,0,2, ,J1772,http://www.chargepoint.com/, , ,GPS
-13650373.4455,5722715.22070001,1649,1321,CSG EV VANCOUVER DC4,211785,ELEC, ,24 hours daily,T,Public, , , ,2023/08/07 00:00:00+00,2023/08/07 00:00:00+00,2022/03/16 00:00:00+00,2023/05/31 00:00:00+00, ,4301 NE Fourth Plain Blvd,Vancouver,98661,WA,US,45.639182,-122.623391, , ,888-758-4389, ,USCPIL12424741,ChargePoint Network,0,0,1,1, ,"CHAdeMO, CCS",http://www.chargepoint.com/, , ,GPS
-13650381.0152,5722710.60350001,1650,1322,CSG EV VANCOUVER DC2,211786,ELEC, ,24 hours daily,T,Public, , , ,2023/08/07 00:00:00+00,2023/08/07 00:00:00+00,2022/03/16 00:00:00+00,2023/06/02 00:00:00+00, ,4301 NE Fourth Plain Blvd,Vancouver,98661,WA,US,45.639153,-122.623459, , ,888-758-4389, ,USCPIL12424761,ChargePoint Network,0,0,1,1, ,"CHAdeMO, CCS",http://www.chargepoint.com/, , ,GPS
-13650384.4661,5722708.3745,1651,1323,CSG EV VANCOUVER DC1,211787,ELEC, ,24 hours daily,T,Public, , , ,2023/08/07 00:00:00+00,2023/08/07 00:00:00+00,2022/03/16 00:00:00+00,2023/05/31 00:00:00+00, ,4301 NE Fourth Plain Blvd,Vancouver,98661,WA,US,45.639139,-122.62349, , ,888-758-4389, ,USCPIL12424771,ChargePoint Network,0,0,1,1, ,"CHAdeMO, CCS",http://www.chargepoint.com/, , ,GPS
-13609179.6679,6015669.11749999,1652,1324,King County Housing Authority - Andover,211810,ELEC, , ,E,Public, , , ,2023/06/21 00:00:00+00,2023/06/21 00:00:00+00,2022/03/16 00:00:00+00,, ,700 Andover Park W,Tukwila,98188,WA,US,47.448978,-122.253341, , ,888-998-2546, ,465ba1dd-d734-8158-93cc-330000505928,Blink Network,0,2,0,2, ,J1772,http://www.blinkcharging.com/,Free, ,GPS
-13654674.441,6154620.6522,1653,1325,Safeway 1450 SW Erie St,211909,ELEC, ,"Mon 5:00am - 10:59pm; Tue 5:00am - 10:59pm; Wed 5:00am - 10:59pm; Thu 5:00am - 10:59pm; Fri 5:00am - 10:59pm; Sat 5:00am - 10:59pm; Sun 5:00am - 10:59pm",E,Public, ,False, ,2023/08/07 00:00:00+00,2023/08/07 00:00:00+00,2022/03/16 00:00:00+00,, ,1450 SW Erie St,Oak Harbor,98277,WA,US,48.286317,-122.6620275, , ,888-264-2208, ,1081b70c-3462-4859-9937-4628ebaf46a8,Volta,0,2,0,2, ,J1772,https://voltacharging.com/, , ,GPS
-13616917.3744,6043133.21019999,1654,1326,DC CORRIDOR CENTRAL SEA COL,211948,ELEC, ,24 hours daily,E,Public, , , ,2023/08/07 00:00:00+00,2023/08/07 00:00:00+00,2022/03/18 00:00:00+00,, ,1609 Harvard Ave,Seattle,98122,WA,US,47.615553,-122.32285, , ,888-758-4389, ,USCPIL158743,ChargePoint Network,0,0,1,1, ,"CHAdeMO, CCS",http://www.chargepoint.com/, , ,GPS
-13622814.4131,6075710.2181,1655,1327,Public Safety #4,212013,ELEC, , ,E,Public, , , ,2023/06/21 00:00:00+00,2023/06/21 00:00:00+00,2019/04/11 00:00:00+00,, ,205 5th Avenue North,Edmonds,98020,WA,US,47.812453,-122.375824, , ,800-663-5633, ,3385,SemaCharge Network,0,1,0,1, ,J1772,https://semaconnect.com/,$1.50/Hr Parking Fee, ,GPS
-13594187.4928,6052675.0061,1656,1328,Hilton Garden Inn Redmond,212015,ELEC, , ,E,Public, , , ,2023/06/20 00:00:00+00,2023/06/20 00:00:00+00,2019/06/26 00:00:00+00,, ,16630 Redmond Way,Redmond,98052,WA,US,47.673302,-122.118664, , ,800-663-5633, ,4822,SemaCharge Network,0,2,0,2, ,J1772,https://semaconnect.com/,FREE, ,GPS
-13600498.8627,6053585.6375,1657,1329,"Walgreens - Kirkland, WA #4156",212016,ELEC, , ,E,Public, , , ,2023/06/21 00:00:00+00,2023/06/21 00:00:00+00,2011/10/28 00:00:00+00,, ,12405 NE 85th St,Kirkland,98033,WA,US,47.67881,-122.17536, , ,800-663-5633, ,281,SemaCharge Network,0,1,0,1, ,J1772,https://semaconnect.com/,$2.00/Hr Parking Fee, ,GPS
-13624153.4752001,6052852.23109999,1658,1330,Ballard Flats,212018,ELEC, , ,E,Public, , , ,2023/06/21 00:00:00+00,2023/06/21 00:00:00+00,2020/03/26 00:00:00+00,, ,2401 Northwest 63rd Street,Seattle,98107,WA,US,47.674374,-122.387853, , ,800-663-5633, ,4727,SemaCharge Network,0,1,0,1, ,J1772,https://semaconnect.com/,$1.50/Hr Parking Fee, ,GPS
-13626039.3387,6053906.7291,1659,1331,Port of Seattle - Shilshole Bay Marina South Lot,212019,ELEC, , ,E,Public, , , ,2023/06/21 00:00:00+00,2023/06/21 00:00:00+00,2019/04/03 00:00:00+00,, ,7001 Seaview Avenue Northwest,Seattle,98117,WA,US,47.680752,-122.404794,Stations are located in the South Lot, ,800-663-5633, ,4367,SemaCharge Network,0,4,0,4, ,J1772,https://semaconnect.com/,$1.25-$3.50/Hr Variable Parking Fee, ,GPS
-13617454.8249,6040155.96439999,1660,1332,City Investors XXIII LLC,212020,ELEC, , ,E,Public, , , ,2023/06/20 00:00:00+00,2023/06/20 00:00:00+00,2013/08/08 00:00:00+00,, ,"505 Union Station, 505 5th Avenue South,",Seattle,98104,WA,US,47.597521,-122.327678, , ,800-663-5633, ,587,SemaCharge Network,0,4,0,4, ,J1772,https://semaconnect.com/,FREE, ,GPS
-13638288.7129,6046475.9095,1661,1333,"Walgreens - Bainbridge Island, WA #15673",212021,ELEC, ,24 hours daily,E,Public, , , ,2023/06/21 00:00:00+00,2023/06/21 00:00:00+00,2015/09/17 00:00:00+00,, ,1315 Wintergreen Lane NE,Bainbridge Island,98110,WA,US,47.635791,-122.514832, , ,800-663-5633, ,1208,SemaCharge Network,0,2,0,2, ,J1772,https://semaconnect.com/,$2.00/Hr Parking Fee, ,GPS
-13613912.6387,6012126.69520001,1662,1334,Hampton Inn Seattle Airport,212022,ELEC, , ,T,Public, , , ,2023/06/20 00:00:00+00,2023/06/20 00:00:00+00,2012/01/06 00:00:00+00,2023/02/27 00:00:00+00, ,19455 International Blvd,Seattle,98188,WA,US,47.427454,-122.295858, , ,800-663-5633, ,391,SemaCharge Network,0,2,0,2, ,J1772,https://semaconnect.com/,FREE, ,GPS
-13603214.5017,6043828.1366,1663,1335,AMZ SEA106-1,212098,ELEC, ,24 hours daily,E,Public, , , ,2023/08/07 00:00:00+00,2023/08/07 00:00:00+00,2022/03/22 00:00:00+00,, ,10550 NE 10th St,Bellevue,98004,WA,US,47.619761,-122.199755, , ,888-758-4389, ,USCPIL11158621,ChargePoint Network,0,2,0,2, ,J1772,http://www.chargepoint.com/, , ,GPS
-13603218.7318,6043834.4124,1664,1336,AMZ SEA106-2,212099,ELEC, ,24 hours daily,E,Public, , , ,2023/08/07 00:00:00+00,2023/08/07 00:00:00+00,2022/03/22 00:00:00+00,, ,10550 NE 10th St,Bellevue,98004,WA,US,47.619799,-122.199793, , ,888-758-4389, ,USCPIL11158791,ChargePoint Network,0,2,0,2, ,J1772,http://www.chargepoint.com/, , ,GPS
-13603210.8281,6043829.62300001,1665,1337,AMZ SEA106-5,212209,ELEC, ,24 hours daily,E,Public, , , ,2023/08/07 00:00:00+00,2023/08/07 00:00:00+00,2022/03/23 00:00:00+00,, ,10550 NE 10th St,Bellevue,98004,WA,US,47.61977,-122.199722, , ,888-758-4389, ,USCPIL11157971,ChargePoint Network,0,2,0,2, ,J1772,http://www.chargepoint.com/, , ,GPS
-13619541.0635,6061289.17970001,1666,1338,Amazon Fresh Seattle-Aurora DCFC,212288,ELEC, ,"Mon 5:00am - 10:59pm; Tue 5:00am - 10:59pm; Wed 5:00am - 10:59pm; Thu 5:00am - 10:59pm; Fri 5:00am - 10:59pm; Sat 5:00am - 10:59pm; Sun 5:00am - 10:59pm",T,Public, ,False, ,2023/08/07 00:00:00+00,2023/08/07 00:00:00+00,2022/03/08 00:00:00+00,2023/08/03 00:00:00+00, ,13025 Aurora Ave N,Aurora,98133,WA,US,47.725382,-122.346419, , ,888-264-2208, ,766a48fc-fadd-4cf9-927a-99430b24df12,Volta,0,0,1,1, ,CCS,https://voltacharging.com/, , ,GPS
-13651809.1329,6063358.8584,1667,1339,Safeway 19245 10th Ave Ne Poulsbo WA 98370,212570,ELEC, ,"Mon 5:00am - 10:59pm; Tue 5:00am - 10:59pm; Wed 5:00am - 10:59pm; Thu 5:00am - 10:59pm; Fri 5:00am - 10:59pm; Sat 5:00am - 10:59pm; Sun 5:00am - 10:59pm",E,Public, ,False, ,2023/08/07 00:00:00+00,2023/08/07 00:00:00+00,2021/12/31 00:00:00+00,, ,19245 10th Ave Ne,Poulsbo,98370,WA,US,47.737887216,-122.636288, , ,888-264-2208, ,a6a20581-8f7d-4334-9b9d-3202cf91fcfb,Volta,0,2,0,2, ,J1772,https://voltacharging.com/, , ,GPS
-13672606.5081,6016471.8938,1668,1340,Safeway 23961 N.e. State Route 3,212576,ELEC, ,"Mon 5:00am - 10:59pm; Tue 5:00am - 10:59pm; Wed 5:00am - 10:59pm; Thu 5:00am - 10:59pm; Fri 5:00am - 10:59pm; Sat 5:00am - 10:59pm; Sun 5:00am - 10:59pm",E,Public, ,False, ,2023/08/07 00:00:00+00,2023/08/07 00:00:00+00,2022/03/25 00:00:00+00,, ,23961 N.e. State Route 3,Belfair,98528,WA,US,47.4538545,-122.823114, , ,888-264-2208, ,5f022cc6-e8fb-49a7-b2f8-5aab37d38d74,Volta,0,2,0,2,L2,J1772,https://voltacharging.com/, , ,GPS
-13615741.0613,5993462.80409999,1669,1341,The Commons at Federal Way,212578,ELEC, ,"Mon 5:00am - 10:59pm; Tue 5:00am - 10:59pm; Wed 5:00am - 10:59pm; Thu 5:00am - 10:59pm; Fri 5:00am - 10:59pm; Sat 5:00am - 10:59pm; Sun 5:00am - 10:59pm",E,Public, ,False, ,2023/08/07 00:00:00+00,2023/08/07 00:00:00+00,2022/03/25 00:00:00+00,, ,1701 South 320th Street,Federal Way,98003,WA,US,47.3139055,-122.312283, , ,888-264-2208, ,14053810-3dc2-4ad0-b482-cd7b08105ecd,Volta,0,2,0,2,L2,J1772,https://voltacharging.com/, , ,GPS
-13653570.408,6023512.1408,1670,1342,Safeway 370 S W Sedgwick Rd,212583,ELEC, ,"Mon 5:00am - 10:59pm; Tue 5:00am - 10:59pm; Wed 5:00am - 10:59pm; Thu 5:00am - 10:59pm; Fri 5:00am - 10:59pm; Sat 5:00am - 10:59pm; Sun 5:00am - 10:59pm",E,Public, ,False, ,2023/08/07 00:00:00+00,2023/08/07 00:00:00+00,2022/01/31 00:00:00+00,, ,370 S W Sedgwick Rd,Port Orchard,98367,WA,US,47.496601419,-122.652109803, , ,888-264-2208, ,fb3f65b9-b467-432a-989b-2f614e156cb7,Volta,0,2,0,2, ,J1772,https://voltacharging.com/, , ,GPS
-13626589.4797,6113500.0038,1671,1343,Langley Park,212585,ELEC, , ,E,Public, , , ,2023/06/20 00:00:00+00,2023/06/20 00:00:00+00,2022/03/23 00:00:00+00,, ,305 Second Street,Langley,98260,WA,US,48.039928,-122.409736, , ,888-998-2546, ,465ba1dd-d734-8158-93cc-330000694795,Blink Network,0,2,0,2, ,J1772,http://www.blinkcharging.com/,Free, ,GPS
-13406316.4825,5852516.5738,1672,1344,WOLF DEN 76 STATION 1,212607,ELEC, ,24 hours daily,E,Public, , , ,2023/08/07 00:00:00+00,2023/08/07 00:00:00+00,2022/03/24 00:00:00+00,, ,61 W Wapato Rd,Wapato,98951,WA,US,46.448508,-120.43099, , ,888-758-4389, ,USCPIL12455741,ChargePoint Network,0,2,0,2, ,J1772,http://www.chargepoint.com/, , ,GPS
-13406312.809,5852521.4207,1673,1345,WOLF DEN 76 STATION 2 DC,212608,ELEC, ,24 hours daily,E,Public, , , ,2023/08/07 00:00:00+00,2023/08/07 00:00:00+00,2022/03/24 00:00:00+00,, ,61 W Wapato Rd,Wapato,98951,WA,US,46.448538,-120.430957, , ,888-758-4389, ,USCPIL12456551,ChargePoint Network,0,0,1,1, ,"CHAdeMO, CCS",http://www.chargepoint.com/, , ,GPS
-13635296.2223,6229885.51500001,1674,1346,Interdisc Science Lot 9G,212639,ELEC, ,24 hours daily,E,Public, , , ,2023/08/07 00:00:00+00,2023/08/07 00:00:00+00,2022/03/24 00:00:00+00,, ,516 High Street,Bellingham,98225,WA,US,48.73423,-122.48795, , ,855-900-7584, ,3459,SHELL_RECHARGE,0,10,0,10, ,J1772,https://shellrecharge.com/en-us/solutions, , ,GPS
-13681441.9361,5949377.87879999,1675,1347,123 4th Apartments Location 1,212669,ELEC, , ,E,Public, , , ,2023/06/21 00:00:00+00,2023/06/21 00:00:00+00,2022/03/24 00:00:00+00,, ,123 4th Avenue W.,Olympia,98501,WA,US,47.044728,-122.902484,.||, ,888-998-2546, ,465ba1dd-d734-8158-93cc-330000695264,Blink Network,0,2,0,2, ,J1772,http://www.blinkcharging.com/,Free, ,GPS
-13681441.9361,5949376.89859999,1676,1348,123 4th Apartments Location 2,212670,ELEC, , ,E,Public, , , ,2023/06/20 00:00:00+00,2023/06/20 00:00:00+00,2022/03/24 00:00:00+00,, ,123 4th Avenue W.,Olympia,98501,WA,US,47.044722,-122.902484, , ,888-998-2546, ,465ba1dd-d734-8158-93cc-330000695268,Blink Network,0,4,0,4, ,J1772,http://www.blinkcharging.com/,Free, ,GPS
-13596785.2445,6040169.00569999,1677,1349,Spirit Wood Manor,212673,ELEC, , ,E,Public, , , ,2023/06/21 00:00:00+00,2023/06/21 00:00:00+00,2022/03/24 00:00:00+00,, ,1424 148th Ave SE,Bellevue,98007,WA,US,47.5976,-122.142, , ,888-998-2546, ,465ba1dd-d734-8158-93cc-330000516178,Blink Network,0,1,0,1, ,J1772,http://www.blinkcharging.com/,Free, ,GPS
-13673289.4992,5950176.69790001,1678,1350,Martin Way Marketplace,212754,ELEC, ,"Mon 5:00am - 10:59pm; Tue 5:00am - 10:59pm; Wed 5:00am - 10:59pm; Thu 5:00am - 10:59pm; Fri 5:00am - 10:59pm; Sat 5:00am - 10:59pm; Sun 5:00am - 10:59pm",E,Public, ,False, ,2023/08/07 00:00:00+00,2023/08/07 00:00:00+00,2022/03/18 00:00:00+00,, ,4280 Martin Way E,Olympia,98516,WA,US,47.049617639,-122.829249413, , ,888-264-2208, ,055cf9b0-699b-41e7-82d5-20f23d376eb7,Volta,0,2,0,2, ,J1772,https://voltacharging.com/, , ,GPS
-13648904.0838,6029888.27879999,1679,1351,Mile Hill Plaza,212755,ELEC, ,"Mon 5:00am - 10:59pm; Tue 5:00am - 10:59pm; Wed 5:00am - 10:59pm; Thu 5:00am - 10:59pm; Fri 5:00am - 10:59pm; Sat 5:00am - 10:59pm; Sun 5:00am - 10:59pm",E,Public, ,False, ,2023/08/07 00:00:00+00,2023/08/07 00:00:00+00,2022/03/18 00:00:00+00,, ,1434 Onley Ave SE,Port Orchard,98366,WA,US,47.535286,-122.6101915, , ,888-264-2208, ,e1302cde-9042-4256-8f47-8fed1da46e38,Volta,0,2,0,2, ,J1772,https://voltacharging.com/, , ,GPS
-13635257.2605,5979914.27809999,1680,1352,3851 Center Street,212934,ELEC, ,24 hours daily,E,Public, , , ,2023/08/07 00:00:00+00,2023/08/07 00:00:00+00,2022/03/26 00:00:00+00,, ,3851 Center Street,Tacoma,98409,WA,US,47.231325,-122.4876, , ,888-356-8911, ,Post: AUI-10402,FLO,0,1,0,1, ,J1772,https://flo.ca/, , ,GPS
-13649652.9857,6192860.14519999,1681,1353,ANACORTESEV LIBRARY EV,212998,ELEC, ,24 hours daily,E,Public, , , ,2023/08/07 00:00:00+00,2023/08/07 00:00:00+00,2022/03/27 00:00:00+00,, ,M Ave. and 9th near Library,Anacortes,98221,WA,US,48.514381,-122.616919, , ,888-758-4389, ,USCPIL12678931,ChargePoint Network,0,2,0,2, ,J1772,http://www.chargepoint.com/, , ,GPS
-13648966.0331,6193425.3049,1682,1354,ANACORTESEV E CH PARKING #3,213018,ELEC, ,24 hours daily,E,Public, , , ,2023/08/07 00:00:00+00,2023/08/07 00:00:00+00,2022/03/29 00:00:00+00,, ,6 Q Ave,Anacortes,98221,WA,US,48.517744,-122.610748, , ,888-758-4389, ,USCPIL12683511,ChargePoint Network,0,2,0,2, ,J1772,http://www.chargepoint.com/, , ,GPS
-13742036.5859,5941641.37250001,1683,1355,Whitney's Value Ford,213078,ELEC, , ,E,Public, , , ,2023/06/21 00:00:00+00,2023/06/21 00:00:00+00,2022/03/30 00:00:00+00,, ,6 Schouweiler Tract Rd W,Elma,98541,WA,US,46.997349,-123.446815, , ,888-998-2546, ,465ba1dd-d734-8158-93cc-330000662628,Blink Network,0,1,0,1, ,J1772,http://www.blinkcharging.com/,Free, ,GPS
-13270509.932,5815155.55579999,1684,1356,Vista Field - Deschutes Avenue,213083,ELEC, , ,E,Public, , , ,2023/06/21 00:00:00+00,2023/06/21 00:00:00+00,2019/06/20 00:00:00+00,, ,606 N Crosswind Boulevard,Kennewick,99336,WA,US,46.216773,-119.211019, , ,800-663-5633, ,5971,SemaCharge Network,0,2,0,2, ,J1772,https://semaconnect.com/,$0.10/kWh Energy Fee, ,GPS
-13160821.3830999,5976264.66929999,1685,1357,Big B Truck Stop - Tesla Supercharger,213149,ELEC,GAS_STATION,24 hours daily,E,Public, ,False,"American Express, Discover, Debit, MasterCard, Visa",2023/07/01 00:00:00+00,2023/07/14 00:00:00+00,2022/03/29 00:00:00+00,, ,2008  Durry Road,Sprague,99032,WA,US,47.209058,-118.22567, , ,877-798-3752,P,19168,Tesla,0,0,8,8, ,Tesla,https://www.tesla.com/supercharger,"$0.28 per kWh; $0.26 per minute above 60 kW and $0.13 per minute at or below 60 kW", ,GPS
-13036960.6496,6052758.9892,1686,1358,"Liberty Lake, WA - Tesla Supercharger",213150,ELEC,CAR_DEALER,24 hours daily,E,Public, ,False,"American Express, Discover, Debit, MasterCard, Visa",2023/07/01 00:00:00+00,2023/07/14 00:00:00+00,2022/03/29 00:00:00+00,, ,21728 E Mission Ave,Liberty Lake,99019,WA,US,47.67381,-117.1130101, , ,877-798-3752,P,13805,Tesla,0,0,12,12, ,Tesla,https://www.tesla.com/supercharger,"$0.28 per kWh; $0.26 per minute above 60 kW and $0.13 per minute at or below 60 kW", ,GPS
-13620153.9886,6031702.364,1687,1359,DC CORRIDOR SO SEA COL L2-B,213202,ELEC, ,24 hours daily,E,Public, , , ,2023/08/07 00:00:00+00,2023/08/07 00:00:00+00,2022/04/01 00:00:00+00,, ,6000 16th Ave SW,Seattle,98106,WA,US,47.546287,-122.351925, , ,888-758-4389, ,USCPIL12694621,ChargePoint Network,0,2,0,2, ,J1772,http://www.chargepoint.com/, , ,GPS
-13603857.1491001,6043213.13710001,1688,1360,BELLEVUE SQUARE BELL SQ WEST #2,213389,ELEC, ,24 hours daily,E,Public, , , ,2023/08/07 00:00:00+00,2023/08/07 00:00:00+00,2022/04/04 00:00:00+00,, ,2088 Bellevue Square,Bellevue,98004,WA,US,47.616037,-122.205528, , ,888-758-4389, ,USCPIL1770591,ChargePoint Network,0,2,0,2, ,J1772,http://www.chargepoint.com/, , ,GPS
-13601487.3798,6058151.9825,1689,1361,Lifebridge-Uplund Kirkland -  East Building - OLD,213405,ELEC, , ,E,Public, , , ,2023/06/20 00:00:00+00,2023/06/20 00:00:00+00,2022/04/04 00:00:00+00,, ,11725 NE 117th Ct,Kirkland,98034,WA,US,47.706421,-122.18424, , ,888-998-2546, ,465ba1dd-d734-8158-93cc-330000700049,Blink Network,0,5,0,5, ,J1772,http://www.blinkcharging.com/,Free, ,GPS
-13619175.4903,6043189.0268,1690,1362,5TH BELL SEA STATION1,213456,ELEC, ,24 hours daily,E,Public, , , ,2023/08/07 00:00:00+00,2023/08/07 00:00:00+00,2022/04/06 00:00:00+00,, ,2235 5th Ave,Seattle,98121,WA,US,47.615891,-122.343135, , ,888-758-4389, ,USCPIL1927631,ChargePoint Network,0,2,0,2, ,J1772,http://www.chargepoint.com/, , ,GPS
-13619175.8242,6043187.21029999,1691,1363,5TH BELL SEA STATION2,213457,ELEC, ,24 hours daily,E,Public, , , ,2023/08/07 00:00:00+00,2023/08/07 00:00:00+00,2022/04/06 00:00:00+00,, ,2235 5th Ave,Seattle,98121,WA,US,47.61588,-122.343138, , ,888-758-4389, ,USCPIL1927671,ChargePoint Network,0,2,0,2, ,J1772,http://www.chargepoint.com/, , ,GPS
-13602061.8997,6115593.0796,1692,1364,NE STATION NE STATION,213770,ELEC, ,24 hours daily,E,Public, , , ,2023/08/07 00:00:00+00,2023/08/07 00:00:00+00,2022/04/09 00:00:00+00,, ,6221 31st Ave NE,Marysville,98271,WA,US,48.052498,-122.189401, , ,888-758-4389, ,USCPIL12530011,ChargePoint Network,0,2,0,2, ,J1772,http://www.chargepoint.com/, , ,GPS
-13602064.2374,6115616.89390001,1693,1365,NE STATION NW STATION,213775,ELEC, ,24 hours daily,E,Public, , , ,2023/08/07 00:00:00+00,2023/08/07 00:00:00+00,2022/04/09 00:00:00+00,, ,6221 31st Ave NE,Marysville,98271,WA,US,48.052641,-122.189422, , ,888-758-4389, ,USCPIL12682261,ChargePoint Network,0,2,0,2, ,J1772,http://www.chargepoint.com/, , ,GPS
-13607080.2936,6058049.41949999,1694,1366,Lifebridge-Uplund Kirkland - West Building - OLD,213808,ELEC, , ,E,Public, , , ,2023/06/20 00:00:00+00,2023/06/20 00:00:00+00,2022/04/11 00:00:00+00,, ,11725 NE 117th Ct,Kirkland,98034,WA,US,47.705801,-122.234482, , ,888-998-2546, ,465ba1dd-d734-8158-93cc-330000700068,Blink Network,0,3,0,3, ,J1772,http://www.blinkcharging.com/,Free, ,GPS
-13272248.5198,5817320.6514,1695,1367,CSG EV RICHLAND 2,213874,ELEC, ,24 hours daily,E,Public, , , ,2023/08/07 00:00:00+00,2023/08/07 00:00:00+00,2022/04/13 00:00:00+00,, ,1457 Tapteal Drive,Richland,99352,WA,US,46.230229,-119.226637, , ,888-758-4389, ,USCPIL2081691,ChargePoint Network,0,0,1,1, ,"CHAdeMO, CCS",http://www.chargepoint.com/, , ,GPS
-13272355.1639,5817349.61739999,1696,1368,CSG EV RICHLAND 1,213886,ELEC, ,24 hours daily,E,Public, , , ,2023/08/07 00:00:00+00,2023/08/07 00:00:00+00,2022/04/13 00:00:00+00,, ,1457 Tapteal Drive,Richland,99352,WA,US,46.230409,-119.227595, , ,888-758-4389, ,USCPIL12695121,ChargePoint Network,0,0,1,1, ,"CHAdeMO, CCS",http://www.chargepoint.com/, , ,GPS
-13653565.7545,6026230.59440001,1697,1369,Orchard on the Green,213907,ELEC, ,24 hours daily,E,Public, , , ,2023/08/07 00:00:00+00,2023/08/07 00:00:00+00,2022/04/13 00:00:00+00,, ,2250 Sidney Ave,Port Orchard,98366,WA,US,47.513098,-122.652068, , ,855-900-7584, ,3377,SHELL_RECHARGE,0,2,0,2, ,J1772,https://shellrecharge.com/en-us/solutions, , ,GPS
-13649284.8522,6191765.0556,1698,1370,LEVEL II CHARGE LEVEL II CHARGE,213976,ELEC, ,24 hours daily,E,Public, , , ,2023/08/07 00:00:00+00,2023/08/07 00:00:00+00,2022/04/14 00:00:00+00,, ,1014 18th St,Anacortes,98221,WA,US,48.507864,-122.613612, , ,888-758-4389, ,USCPIL12720631,ChargePoint Network,0,2,0,2, ,J1772,http://www.chargepoint.com/, , ,GPS
-13600948.0848,6086488.792,1699,1371,"Amazon Go, Mill Creek WA",214088,ELEC, ,"Mon 5:00am - 10:59pm; Tue 5:00am - 10:59pm; Wed 5:00am - 10:59pm; Thu 5:00am - 10:59pm; Fri 5:00am - 10:59pm; Sat 5:00am - 10:59pm; Sun 5:00am - 10:59pm",E,Public, ,False, ,2023/08/07 00:00:00+00,2023/08/07 00:00:00+00,2022/03/28 00:00:00+00,, ,"13209 39th Avenue SE, Suite A2",Mill Creek,98012,WA,US,47.877436435,-122.179395431, , ,888-264-2208, ,c23dfe3b-8ab8-4061-9881-dabb0e190ca1,Volta,0,2,0,2, ,J1772,https://voltacharging.com/, , ,GPS
-13629317.2525,5984501.6144,1700,1372,ES - SWM URBAN WATERS 02,214118,ELEC, ,24 hours daily,E,Public, , , ,2023/08/07 00:00:00+00,2023/08/07 00:00:00+00,2022/04/15 00:00:00+00,, ,326 East D St Center for Urban Waters - Main,Tacoma,98421,WA,US,47.2593,-122.43424, , ,888-758-4389, ,USCPIL1920731,ChargePoint Network,0,2,0,2, ,J1772,http://www.chargepoint.com/, , ,GPS
-13617096.5988,6031047.8247,1701,1373,DC CORRIDOR SCC GTOWN L2-2,214131,ELEC, ,24 hours daily,T,Public, , , ,2023/08/07 00:00:00+00,2023/08/07 00:00:00+00,2022/04/15 00:00:00+00,2023/05/06 00:00:00+00, ,6701 Corson Ave S,Seattle,98108,WA,US,47.542318,-122.32446, , ,888-758-4389, ,USCPIL12689351,ChargePoint Network,0,2,0,2, ,J1772,http://www.chargepoint.com/, , ,GPS
-13634834.2464,5976156.51720001,1702,1374,5640 S Tacoma Way,214149,ELEC, ,24 hours daily,E,Public, , , ,2023/08/07 00:00:00+00,2023/08/07 00:00:00+00,2022/04/15 00:00:00+00,, ,5240 S Tacoma Way,Tacoma,98409,WA,US,47.208398,-122.4838, , ,888-356-8911, ,Post: AUI-10400,FLO,0,1,0,1, ,J1772,https://flo.ca/, , ,GPS
-13616792.2513,6058378.4525,1703,1375,525 NORTHGATE RESIDENTIAL #2,214155,ELEC, ,24 hours daily,E,Public, , , ,2023/08/06 00:00:00+00,2023/08/06 00:00:00+00,2022/04/16 00:00:00+00,, ,525 NE Northgate Way,Seattle,98125,WA,US,47.70779,-122.321726, , ,888-758-4389, ,USCPIL99897,ChargePoint Network,0,2,0,2, ,J1772,http://www.chargepoint.com/, , ,GPS
-13616782.3438,6058382.4228,1704,1376,525 NORTHGATE RESIDENTIAL #1,214156,ELEC, ,24 hours daily,E,Public, , , ,2023/08/06 00:00:00+00,2023/08/06 00:00:00+00,2022/04/16 00:00:00+00,, ,525 NE Northgate Way,Seattle,98125,WA,US,47.707814,-122.321637, , ,888-758-4389, ,USCPIL100281,ChargePoint Network,0,2,0,2, ,J1772,http://www.chargepoint.com/, , ,GPS
-13616698.9655,6058236.0189,1705,1377,PRISM STATIONS PRISM STATION 2,214178,ELEC, ,24 hours daily,E,Public, , , ,2023/08/07 00:00:00+00,2023/08/07 00:00:00+00,2022/04/16 00:00:00+00,, ,10711 8th Ave NE,Seattle,98125,WA,US,47.706929,-122.320888, , ,888-758-4389, ,USCPIL2132541,ChargePoint Network,0,2,0,2, ,J1772,http://www.chargepoint.com/, , ,GPS
-13616695.4033,6058239.162,1706,1378,PRISM STATIONS PRISM STATION 1,214179,ELEC, ,24 hours daily,E,Public, , , ,2023/08/07 00:00:00+00,2023/08/07 00:00:00+00,2022/04/16 00:00:00+00,, ,10711 8th Ave NE,Seattle,98125,WA,US,47.706948,-122.320856, , ,888-758-4389, ,USCPIL2132551,ChargePoint Network,0,2,0,2, ,J1772,http://www.chargepoint.com/, , ,GPS
-13620161.0017,6031703.0236,1707,1379,DC CORRIDOR SO SEA COL L2-A,214231,ELEC, ,24 hours daily,E,Public, , , ,2023/08/07 00:00:00+00,2023/08/07 00:00:00+00,2022/04/17 00:00:00+00,, ,6000 16th Ave SW,Seattle,98106,WA,US,47.546291,-122.351988, , ,888-758-4389, ,USCPIL12694721,ChargePoint Network,0,2,0,2, ,J1772,http://www.chargepoint.com/, , ,GPS
-13642437.7016,5971515.93289999,1708,1380,Chambers Creek Shopping Centers,214710,ELEC, ,"Mon 5:00am - 10:59pm; Tue 5:00am - 10:59pm; Wed 5:00am - 10:59pm; Thu 5:00am - 10:59pm; Fri 5:00am - 10:59pm; Sat 5:00am - 10:59pm; Sun 5:00am - 10:59pm",E,Public, ,False, ,2023/08/07 00:00:00+00,2023/08/07 00:00:00+00,2022/04/17 00:00:00+00,, ,8611 Steilacoom Boulevard Southwest,Lakewood,98498,WA,US,47.180071,-122.552103, , ,888-264-2208, ,a2cb31ac-f5ec-4822-b77e-b598e541dcf5,Volta,0,2,0,2, ,J1772,https://voltacharging.com/, , ,GPS
-13601189.2105,6132140.5303,1709,1381,Safeway 3532 172nd St,214712,ELEC, ,"Mon 5:00am - 10:59pm; Tue 5:00am - 10:59pm; Wed 5:00am - 10:59pm; Thu 5:00am - 10:59pm; Fri 5:00am - 10:59pm; Sat 5:00am - 10:59pm; Sun 5:00am - 10:59pm",E,Public, ,False, ,2023/08/07 00:00:00+00,2023/08/07 00:00:00+00,2022/04/15 00:00:00+00,, ,3532 172nd Street Northeast,Arlington,98223,WA,US,48.151766,-122.1815615, , ,888-264-2208, ,ec151591-6feb-4176-a720-01f34f061365,Volta,0,2,0,2, ,J1772,https://voltacharging.com/, , ,GPS
-13613827.2566,5974685.6195,1710,1382,KORUM HYUNDAI PC 2,214875,ELEC, ,24 hours daily,E,Public, , , ,2023/08/07 00:00:00+00,2023/08/07 00:00:00+00,2022/04/22 00:00:00+00,, ,111 River Rd,Puyallup,98371,WA,US,47.199421,-122.295091, , ,888-758-4389, ,USCPIL12096951,ChargePoint Network,0,0,1,1, ,"CHAdeMO, CCS",http://www.chargepoint.com/, , ,GPS
-13613821.9133001,5974685.94709999,1711,1383,KORUM HYUNDAI PC 1,214876,ELEC, ,24 hours daily,E,Public, , , ,2023/08/07 00:00:00+00,2023/08/07 00:00:00+00,2022/04/22 00:00:00+00,, ,111 River Rd,Puyallup,98371,WA,US,47.199423,-122.295043, , ,888-758-4389, ,USCPIL12097021,ChargePoint Network,0,0,1,1, ,"CHAdeMO, CCS",http://www.chargepoint.com/, , ,GPS
-13260251.7296,5816560.3296,1712,1384,CAR CHARGE 1 STATION 1,215070,ELEC, ,24 hours daily,E,Public, , , ,2023/08/07 00:00:00+00,2023/08/07 00:00:00+00,2022/04/28 00:00:00+00,, ,2120 W A St,Pasco,99301,WA,US,46.225504,-119.118868, , ,888-758-4389, ,USCPIL12709621,ChargePoint Network,0,2,0,2, ,J1772,http://www.chargepoint.com/, , ,GPS
-13418738.1792,5938480.42520001,1713,1385,SureStay Hotel by Best Western - Tesla Supercharger,217092,ELEC,HOTEL,24 hours daily,E,Public, ,False,"American Express, Discover, Debit, MasterCard, Visa",2023/07/01 00:00:00+00,2023/07/14 00:00:00+00,2022/04/28 00:00:00+00,, ,1500  Canyon Road,Ellensburg,98926,WA,US,46.977979,-120.542576, , ,877-798-3752,P,19050,Tesla,0,0,12,12, ,Tesla,https://www.tesla.com/supercharger,"$0.28 per kWh; $0.26 per minute above 60 kW and $0.13 per minute at or below 60 kW", ,GPS
-13634873.7648,5979465.43140001,1714,1386,TPU HQ#5,217173,ELEC, ,24 hours daily,E,Public, , , ,2023/08/07 00:00:00+00,2023/08/07 00:00:00+00,2022/05/08 00:00:00+00,, ,3418 S Washington St,Tacoma,98409,WA,US,47.228587,-122.484155, , ,888-758-4389, ,USCPIL787201,ChargePoint Network,0,2,0,2, ,J1772,http://www.chargepoint.com/, , ,GPS
-13634842.1501,5979466.08710001,1715,1387,TPU HQ #1,217174,ELEC, ,24 hours daily,E,Public, , , ,2023/08/07 00:00:00+00,2023/08/07 00:00:00+00,2022/05/08 00:00:00+00,, ,3418 S Washington St,Tacoma,98409,WA,US,47.228591,-122.483871, , ,888-758-4389, ,USCPIL1768471,ChargePoint Network,0,2,0,2, ,J1772,http://www.chargepoint.com/, , ,GPS
-13634850.1651,5979466.08710001,1716,1388,TPU HQ #2,217175,ELEC, ,24 hours daily,E,Public, , , ,2023/08/07 00:00:00+00,2023/08/07 00:00:00+00,2022/05/08 00:00:00+00,, ,3418 S Washington St,Tacoma,98409,WA,US,47.228591,-122.483943, , ,888-758-4389, ,USCPIL1768481,ChargePoint Network,0,2,0,2, ,J1772,http://www.chargepoint.com/, , ,GPS
-13632935.5812,5987017.9302,1717,1389,TPU OLD TOWN #2,218092,ELEC, ,24 hours daily,E,Public, , , ,2023/08/07 00:00:00+00,2023/08/07 00:00:00+00,2022/05/14 00:00:00+00,, ,2222 N 30th St,Tacoma,98403,WA,US,47.274639,-122.466744, , ,888-758-4389, ,USCPIL212365,ChargePoint Network,0,2,0,2, ,J1772,http://www.chargepoint.com/, , ,GPS
-13634881.6685,5979466.41500001,1718,1390,TPU HQ #6,218093,ELEC, ,24 hours daily,E,Public, , , ,2023/08/07 00:00:00+00,2023/08/07 00:00:00+00,2022/05/14 00:00:00+00,, ,3418 S Washington St,Tacoma,98409,WA,US,47.228593,-122.484226, , ,888-758-4389, ,USCPIL679191,ChargePoint Network,0,2,0,2, ,J1772,http://www.chargepoint.com/, , ,GPS
-13634865.7498,5979465.43140001,1719,1391,TPU HQ #4,218094,ELEC, ,24 hours daily,E,Public, , , ,2023/08/07 00:00:00+00,2023/08/07 00:00:00+00,2022/05/14 00:00:00+00,, ,3418 S Washington St,Tacoma,98409,WA,US,47.228587,-122.484083, , ,888-758-4389, ,USCPIL788021,ChargePoint Network,0,2,0,2, ,J1772,http://www.chargepoint.com/, , ,GPS
-13634858.1801,5979466.08710001,1720,1392,TPU HQ #3,218095,ELEC, ,24 hours daily,E,Public, , , ,2023/08/07 00:00:00+00,2023/08/07 00:00:00+00,2022/05/14 00:00:00+00,, ,3418 S Washington Ave,Tacoma,98409,WA,US,47.228591,-122.484015, , ,888-758-4389, ,USCPIL800401,ChargePoint Network,0,2,0,2, ,J1772,http://www.chargepoint.com/, , ,GPS
-13606575.7937,6018562.1942,1721,1393,South 405 Place,218293,ELEC, , ,E,Public, , , ,2023/06/20 00:00:00+00,2023/06/20 00:00:00+00,2022/05/18 00:00:00+00,, ,900 SW 16th Street,Renton,98057,WA,US,47.46655,-122.22995, , ,888-998-2546, ,465ba1dd-d734-8158-93cc-330000717307,Blink Network,0,3,0,3, ,J1772,http://www.blinkcharging.com/,Free, ,GPS
-13603177.2096,6053157.9198,1722,1394,BOARDWALK APTS STATION 6,218507,ELEC, ,24 hours daily,E,Public, , , ,2023/08/07 00:00:00+00,2023/08/07 00:00:00+00,2022/05/19 00:00:00+00,, ,134 Parkplace Center,Kirkland,98033,WA,US,47.676223,-122.19942, , ,888-758-4389, ,USCPIL12790901,ChargePoint Network,0,2,0,2, ,J1772,http://www.chargepoint.com/, , ,GPS
-13603170.8644,6053150.6453,1723,1395,BOARDWALK APTS STATION 8,218510,ELEC, ,24 hours daily,E,Public, , , ,2023/08/07 00:00:00+00,2023/08/07 00:00:00+00,2022/05/19 00:00:00+00,, ,134 Parkplace Center,Kirkland,98033,WA,US,47.676179,-122.199363, , ,888-758-4389, ,USCPIL12791041,ChargePoint Network,0,2,0,2, ,J1772,http://www.chargepoint.com/, , ,GPS
-13611607.8176,6078746.8803,1724,1396,Alderwood Mall JC Penny Parking Garage DCFC,218668,ELEC, ,"Mon 5:00am - 10:59pm; Tue 5:00am - 10:59pm; Wed 5:00am - 10:59pm; Thu 5:00am - 10:59pm; Fri 5:00am - 10:59pm; Sat 5:00am - 10:59pm; Sun 5:00am - 10:59pm",T,Public, ,False, ,2023/08/07 00:00:00+00,2023/08/07 00:00:00+00,2022/05/16 00:00:00+00,2023/08/05 00:00:00+00, ,3000 184Th St Sw,Lynnwood,98037,WA,US,47.830769108,-122.27515344, , ,888-264-2208, ,a9cb5074-89eb-478e-bda2-3858ec53e9b1,Volta,0,0,1,1, ,CCS,https://voltacharging.com/, , ,GPS
-13070254.5170999,6059629.1903,1725,1397,WSECU N.DIVISION #01,219758,ELEC, ,"Mon 9:00am - 5:45pm; Tue 9:00am - 5:45pm; Wed 9:00am - 5:45pm; Thu 9:00am - 5:45pm; Fri 9:00am - 5:45pm",E,Public, , , ,2023/08/07 00:00:00+00,2023/08/07 00:00:00+00,2022/05/25 00:00:00+00,, ,6301 N. Division St.,Spokane,99208,WA,US,47.71535,-117.412094, , ,888-758-4389, ,USCPIL10782551,ChargePoint Network,0,1,0,1, ,J1772,http://www.chargepoint.com/, , ,GPS
-13614814.8832,6043358.1303,1726,1398,Madison Miller,219788,ELEC, ,24 hours daily,E,Public, , , ,2023/08/07 00:00:00+00,2023/08/07 00:00:00+00,2022/05/25 00:00:00+00,, ,2113 E Olive St,Seattle,98122,WA,US,47.616915,-122.303963, , ,855-900-7584, ,2659,SHELL_RECHARGE,0,0,2,2, ,"CHAdeMO, CCS",https://shellrecharge.com/en-us/solutions, , ,GPS
-13634530.4554999,6231755.46889999,1727,1399,Chuckanut Builders,219789,ELEC, ,24 hours daily,E,Public, , , ,2023/08/07 00:00:00+00,2023/08/07 00:00:00+00,2022/05/25 00:00:00+00,, ,1000 N State St,Bellingham,98225,WA,US,48.745308,-122.481071, , ,855-900-7584, ,3346,SHELL_RECHARGE,0,1,0,1, ,J1772,https://shellrecharge.com/en-us/solutions, , ,GPS
-13044555.522,6052184.84579999,1728,1400,Leasing office Parking lot,219848,ELEC, , ,E,Public, , , ,2023/06/21 00:00:00+00,2023/06/21 00:00:00+00,2022/04/20 00:00:00+00,, ,16621 E. Indiana Ave.,Spokane Valley,99216,WA,US,47.670337,-117.181236, , ,800-663-5633, ,6152,SemaCharge Network,0,2,0,2, ,J1772,https://semaconnect.com/,$1.00-$2.00/Hr Variable Parking Fee, ,GPS
-13632935.4699,5987001.359,1729,1401,TPU OLD TOWN #1,219853,ELEC, ,24 hours daily,E,Public, , , ,2023/08/07 00:00:00+00,2023/08/07 00:00:00+00,2022/05/26 00:00:00+00,, ,2222 N 30th St,Tacoma,98403,WA,US,47.274538,-122.466743, , ,888-758-4389, ,USCPIL814671,ChargePoint Network,0,2,0,2, ,J1772,http://www.chargepoint.com/, , ,GPS
-13667062.5748,5953479.07320001,1730,1402,Providence - Centralia Hospital,219891,ELEC, , ,E,Public, , , ,2023/06/20 00:00:00+00,2023/06/20 00:00:00+00,2022/05/26 00:00:00+00,, ,914 S Scheuber Road,Centralia,98531,WA,US,47.069827,-122.773312,south side of parking lot next to the ||nursery.||, ,888-998-2546, ,465ba1dd-d734-8158-93cc-330000094528,Blink Network,0,2,0,2, ,J1772,http://www.blinkcharging.com/,Free, ,GPS
-13449993.3527,5751792.22309999,1731,1403,KCPW STATION 1,220314,ELEC, ,24 hours daily,E,Public, , , ,2023/08/07 00:00:00+00,2023/08/07 00:00:00+00,2022/05/28 00:00:00+00,, ,115 W Court St,Goldendale,98620,WA,US,45.821511,-120.823346, , ,888-758-4389, ,USCPIL10779711,ChargePoint Network,0,1,0,1, ,J1772,http://www.chargepoint.com/, , ,GPS
-13613269.8799,6076436.7865,1732,1404,Lynnwood Apartments,220407,ELEC, , ,E,Public, , , ,2023/06/21 00:00:00+00,2023/06/21 00:00:00+00,2022/06/01 00:00:00+00,, ,4200 Alderwood Mall Blvd,Lynwood,98036,WA,US,47.816836,-122.290084,.||, ,888-998-2546, ,465ba1dd-d734-8158-93cc-330000723828,Blink Network,0,15,0,15, ,J1772,http://www.blinkcharging.com/,Free, ,GPS
-13634898.4778,5979465.7593,1733,1405,TPU HQ #8,220416,ELEC, ,24 hours daily,E,Public, , , ,2023/08/07 00:00:00+00,2023/08/07 00:00:00+00,2022/06/02 00:00:00+00,, ,3408 S Union Ave,Tacoma,98409,WA,US,47.228589,-122.484377, , ,888-758-4389, ,USCPIL799201,ChargePoint Network,0,2,0,2, ,J1772,http://www.chargepoint.com/, , ,GPS
-13449930.4571,5751796.05679999,1734,1406,KCPW STATION 2,220419,ELEC, ,24 hours daily,E,Public, , , ,2023/08/07 00:00:00+00,2023/08/07 00:00:00+00,2022/06/02 00:00:00+00,, ,115 W Court St,Goldendale,98620,WA,US,45.821535,-120.822781, , ,888-758-4389, ,USCPIL10690641,ChargePoint Network,0,1,0,1, ,J1772,http://www.chargepoint.com/, , ,GPS
-13608907.7144,6066964.38270001,1735,1407,The Hanger - Kenmore,220463,ELEC, , ,E,Public, , , ,2023/06/21 00:00:00+00,2023/06/21 00:00:00+00,2022/06/02 00:00:00+00,, ,6704 NE 181st Street,Kenmore,98028,WA,US,47.759665,-122.250898, , ,888-998-2546, ,465ba1dd-d734-8158-93cc-330000413101,Blink Network,0,1,0,1, ,J1772,http://www.blinkcharging.com/,Free, ,GPS
-13637307.2089,6239065.54489999,1736,1408,"Bellingham 1, LLP",220470,ELEC, , ,E,Public, , , ,2023/06/21 00:00:00+00,2023/06/21 00:00:00+00,2014/12/12 00:00:00+00,, ,4040 Northwest Avenue,Bellingham,98226,WA,US,48.788591,-122.506015, , ,800-663-5633, ,2434,SemaCharge Network,0,1,0,1, ,J1772,https://semaconnect.com/,FREE, ,GPS
-13592266.4523999,6092237.5339,1737,1409,First St Station,220473,ELEC, , ,E,Public, , , ,2023/06/21 00:00:00+00,2023/06/21 00:00:00+00,2020/12/03 00:00:00+00,, ,1513 1st Street,Snohomish,98290,WA,US,47.912062,-122.101407, , ,800-663-5633, ,5309,SemaCharge Network,0,3,0,3, ,J1772,https://semaconnect.com/,$1.50/Hr Parking Fee, ,GPS
-13605289.6083,6096168.7509,1738,1410,"Walgreens - Everett, WA #5598",220474,ELEC, , ,T,Public, , , ,2023/06/20 00:00:00+00,2023/06/20 00:00:00+00,2011/11/23 00:00:00+00,2023/02/27 00:00:00+00, ,6807 Evergreen Way,Everett,98203,WA,US,47.935727,-122.218396, , ,800-663-5633, ,286,SemaCharge Network,0,1,0,1, ,J1772,https://semaconnect.com/,$2.00/Hr Parking Fee, ,GPS
-13622561.1612,6074319.41610001,1739,1411,6th Ave #6,220475,ELEC, , ,E,Public, , , ,2023/06/21 00:00:00+00,2023/06/21 00:00:00+00,2019/04/11 00:00:00+00,, ,100 6th Avenue,Edmonds,98020,WA,US,47.804062,-122.373549, , ,800-663-5633, ,3387,SemaCharge Network,0,1,0,1, ,J1772,https://semaconnect.com/,$1.50/Hr Parking Fee, ,GPS
-13619336.013,6062862.7582,1740,1412,"Walgreens - Shoreline, WA #3788",220478,ELEC, , ,E,Public, , , ,2023/06/21 00:00:00+00,2023/06/21 00:00:00+00,2016/07/14 00:00:00+00,, ,14510 Aurora Ave N,Shoreline,98133,WA,US,47.73489,-122.344577, , ,800-663-5633, ,218,SemaCharge Network,0,1,0,1, ,J1772,https://semaconnect.com/,$2.00/Hr Parking Fee, ,GPS
-13634034.0151,5983815.5162,1741,1413,3102 6th Avenue,220526,ELEC, ,24 hours daily,E,Public, , , ,2023/08/07 00:00:00+00,2023/08/07 00:00:00+00,2022/06/03 00:00:00+00,, ,3102 6th Avenue,Tacoma,98421,WA,US,47.2551169,-122.4766114, , ,888-356-8911, ,Post: AUI-10406,FLO,0,1,0,1, ,J1772,https://flo.ca/, , ,GPS
-13617104.7251,6031040.8986,1742,1414,DC CORRIDOR SCC GTOWN L2-1,220823,ELEC, ,24 hours daily,T,Public, , , ,2023/08/07 00:00:00+00,2023/08/07 00:00:00+00,2022/06/07 00:00:00+00,2023/05/06 00:00:00+00, ,6701 Corson Ave S,Seattle,98108,WA,US,47.542276,-122.324533, , ,888-758-4389, ,USCPIL12689381,ChargePoint Network,0,2,0,2, ,J1772,http://www.chargepoint.com/, , ,GPS
-13599515.355,6037042.11580001,1743,1415,531631 - HQ Building 2 - P2,221023,ELEC, , ,E,Public, , , ,2023/06/21 00:00:00+00,2023/06/21 00:00:00+00,2017/02/24 00:00:00+00,, ,3655 131st Avenue Southeast,Bellevue,98006,WA,US,47.578655,-122.166525, , ,800-663-5633, ,3108,SemaCharge Network,0,1,0,1, ,J1772,https://semaconnect.com/,FREE, ,GPS
-13595197.2163,6137201.8452,1744,1416,Safeway 20500 Olympic Place,221110,ELEC, ,"Mon 5:00am - 10:59pm; Tue 5:00am - 10:59pm; Wed 5:00am - 10:59pm; Thu 5:00am - 10:59pm; Fri 5:00am - 10:59pm; Sat 5:00am - 10:59pm; Sun 5:00am - 10:59pm",E,Public, ,False, ,2023/08/07 00:00:00+00,2023/08/07 00:00:00+00,2022/06/07 00:00:00+00,, ,20500 Olympic Place,Arlington,98223,WA,US,48.1820905,-122.1277345, , ,888-264-2208, ,4e54676f-1f8c-4425-987e-3c3921469e01,Volta,0,2,0,2, ,J1772,https://voltacharging.com/, , ,GPS
-13626613.1907,5980456.4332,1745,1417,Portland Ave and 31st St,221161,ELEC, ,24 hours daily,E,Public, , , ,2023/08/07 00:00:00+00,2023/08/07 00:00:00+00,2022/06/10 00:00:00+00,, ,1606 E 31st St,Tacoma,98404,WA,US,47.234632,-122.409949, , ,888-356-8911, ,Post: AUI-10401,FLO,0,1,0,1, ,J1772,https://flo.ca/, , ,GPS
-13630295.9734,5978356.6925,1746,1418,S 39th Street,221163,ELEC, ,24 hours daily,E,Public, , , ,2023/08/07 00:00:00+00,2023/08/07 00:00:00+00,2022/06/10 00:00:00+00,, ,S 39th Street,Tacoma,98418,WA,US,47.221823,-122.443032, , ,888-356-8911, ,Post: AUI-10411,FLO,0,1,0,1, ,J1772,https://flo.ca/, , ,GPS
-13602905.3674,6042895.25029999,1747,1419,OBC STATION 1,221426,ELEC, ,24 hours daily,E,Public, , , ,2023/08/06 00:00:00+00,2023/08/06 00:00:00+00,2022/06/17 00:00:00+00,, ,411 108th Ave NE,Bellevue,98004,WA,US,47.614112,-122.196978, , ,888-758-4389, ,USCPIL94019,ChargePoint Network,0,2,0,2, ,J1772,http://www.chargepoint.com/, , ,GPS
-13036950.0631,6052309.3257,1748,1420,MB OF SPOKANE OUTSIDE 1,221489,ELEC, ,24 hours daily,E,Public, , , ,2023/08/07 00:00:00+00,2023/08/07 00:00:00+00,2022/06/18 00:00:00+00,, ,21802 E George Gee Ave,Liberty Lake,99019,WA,US,47.67109,-117.112915, , ,888-758-4389, ,USCPIL12796781,ChargePoint Network,0,2,0,2, ,J1772,http://www.chargepoint.com/, , ,GPS
-13619470.9322,6044412.9553,1749,1421,BMGF BMGF EV 06,221493,ELEC, ,24 hours daily,E,Public, , , ,2023/08/07 00:00:00+00,2023/08/07 00:00:00+00,2022/06/18 00:00:00+00,, ,500 5th Ave N,Seattle,98109,WA,US,47.623302,-122.345789, , ,888-758-4389, ,USCPIL12846201,ChargePoint Network,0,2,0,2, ,J1772,http://www.chargepoint.com/, , ,GPS
-13619478.0566,6044420.0573,1750,1422,BMGF BMGF EV 03,221494,ELEC, ,24 hours daily,E,Public, , , ,2023/08/07 00:00:00+00,2023/08/07 00:00:00+00,2022/06/18 00:00:00+00,, ,500 5th Ave N,Seattle,98109,WA,US,47.623345,-122.345853, , ,888-758-4389, ,USCPIL12846311,ChargePoint Network,0,2,0,2, ,J1772,http://www.chargepoint.com/, , ,GPS
-13619492.6395,6044408.33079999,1751,1423,BMGF BMGF EV 05,221495,ELEC, ,24 hours daily,E,Public, , , ,2023/08/07 00:00:00+00,2023/08/07 00:00:00+00,2022/06/18 00:00:00+00,, ,500 5th Ave N,Seattle,98109,WA,US,47.623274,-122.345984, , ,888-758-4389, ,USCPIL12846331,ChargePoint Network,0,2,0,2, ,J1772,http://www.chargepoint.com/, , ,GPS
-13619486.9622,6044413.7811,1752,1424,BMGF BMGF EV 04,221496,ELEC, ,24 hours daily,E,Public, , , ,2023/08/07 00:00:00+00,2023/08/07 00:00:00+00,2022/06/18 00:00:00+00,, ,500 5th Ave N,Seattle,98109,WA,US,47.623307,-122.345933, , ,888-758-4389, ,USCPIL12846361,ChargePoint Network,0,2,0,2, ,J1772,http://www.chargepoint.com/, , ,GPS
-13619485.1811,6044400.07270001,1753,1425,BMGF BMGF EV 08,221497,ELEC, ,24 hours daily,E,Public, , , ,2023/08/07 00:00:00+00,2023/08/07 00:00:00+00,2022/06/18 00:00:00+00,, ,500 5th Ave N,Seattle,98109,WA,US,47.623224,-122.345917, , ,888-758-4389, ,USCPIL12846371,ChargePoint Network,0,2,0,2, ,J1772,http://www.chargepoint.com/, , ,GPS
-13619477.1661,6044406.0185,1754,1426,BMGF BMGF EV 07,221498,ELEC, ,24 hours daily,E,Public, , , ,2023/08/07 00:00:00+00,2023/08/07 00:00:00+00,2022/06/18 00:00:00+00,, ,500 5th Ave N,Seattle,98109,WA,US,47.62326,-122.345845, , ,888-758-4389, ,USCPIL12846481,ChargePoint Network,0,2,0,2, ,J1772,http://www.chargepoint.com/, , ,GPS
-13618038.6955999,6040192.2822,1755,1427,Stadium Place,221592,ELEC, , ,E,Public, , , ,2023/06/21 00:00:00+00,2023/06/21 00:00:00+00,2022/05/31 00:00:00+00,, ,520 Occidental Avenue South,Seattle,98134,WA,US,47.597741,-122.332923, , ,800-663-5633, ,6217,SemaCharge Network,0,8,0,8, ,J1772,https://semaconnect.com/,$0.20/kWh Energy Fee, ,GPS
-13635605.0226,6172312.00110001,1756,1428,LAC SWIN LIBRAR LACSWIN LIBRARY,221895,ELEC, ,24 hours daily,E,Public, , , ,2023/08/07 00:00:00+00,2023/08/07 00:00:00+00,2022/06/23 00:00:00+00,, ,520 Morris St,La Conner,98257,WA,US,48.391957,-122.490724, , ,888-758-4389, ,USCPIL12570601,ChargePoint Network,0,2,0,2, ,J1772,http://www.chargepoint.com/, , ,GPS
-13593485.0668,6076074.07480001,1757,1429,Underwood Nelson Development,221949,ELEC, , ,E,Public, , , ,2023/06/20 00:00:00+00,2023/06/20 00:00:00+00,2022/06/24 00:00:00+00,, ,20124 Broadway Ave,Snohomish,98296,WA,US,47.814648,-122.112354, , ,888-998-2546, ,465ba1dd-d734-8158-93cc-330000734900,Blink Network,0,1,0,1, ,J1772,http://www.blinkcharging.com/,Free, ,GPS
-13616584.0838001,6043971.65380001,1758,1430,The Lyric,221951,ELEC, , ,E,Public, , , ,2023/06/21 00:00:00+00,2023/06/21 00:00:00+00,2022/06/02 00:00:00+00,, ,215 10th Avenue East,Seattle,98102,WA,US,47.62063,-122.319856, , ,800-663-5633, ,6227,SemaCharge Network,0,3,0,3, ,J1772,https://semaconnect.com/,$0.20/kWh Energy Fee, ,GPS
-13617428.9988,6041070.0638,1759,1431,KING COUNTY DES GOAT HILL #2,221955,ELEC, ,24 hours daily,T,Public, , , ,2023/08/06 00:00:00+00,2023/08/06 00:00:00+00,2022/06/25 00:00:00+00,2022/09/09 00:00:00+00, ,415 6th Ave S,Seattle,98104,WA,US,47.603058,-122.327446, , ,888-758-4389, ,USCPIL38673,ChargePoint Network,0,1,0,1, ,J1772,http://www.chargepoint.com/, , ,GPS
-13617423.8781,6041063.1297,1760,1432,KING COUNTY DES GOAT HILL #3,221956,ELEC, ,24 hours daily,T,Public, , , ,2023/08/06 00:00:00+00,2023/08/06 00:00:00+00,2022/06/25 00:00:00+00,2022/09/09 00:00:00+00, ,415 6th Ave S,Seattle,98104,WA,US,47.603016,-122.3274, , ,888-758-4389, ,USCPIL38743,ChargePoint Network,0,1,0,1, ,J1772,http://www.chargepoint.com/, , ,GPS
-13617433.2289,6041076.9979,1761,1433,KING COUNTY DES GOAT HILL #1,221957,ELEC, ,24 hours daily,T,Public, , , ,2023/08/06 00:00:00+00,2023/08/06 00:00:00+00,2022/06/25 00:00:00+00,2022/09/09 00:00:00+00, ,415 6th Ave,Seattle,98104,WA,US,47.6031,-122.327484, , ,888-758-4389, ,USCPIL50903,ChargePoint Network,0,1,0,1, ,J1772,http://www.chargepoint.com/, , ,GPS
-13617435.7893,6041085.08769999,1762,1434,KING COUNTY DES GOAT HILL #6,221958,ELEC, ,24 hours daily,T,Public, , , ,2023/08/06 00:00:00+00,2023/08/06 00:00:00+00,2022/06/25 00:00:00+00,2022/09/09 00:00:00+00, ,415 6th Ave S,Seattle,98104,WA,US,47.603149,-122.327507, , ,888-758-4389, ,USCPIL62503,ChargePoint Network,0,1,0,1, ,J1772,http://www.chargepoint.com/, , ,GPS
-13617417.0876,6041053.05870001,1763,1435,KING COUNTY DES GOAT HILL #4,221959,ELEC, ,24 hours daily,T,Public, , , ,2023/08/06 00:00:00+00,2023/08/06 00:00:00+00,2022/06/25 00:00:00+00,2022/09/09 00:00:00+00, ,415 6th Ave S,Seattle,98104,WA,US,47.602955,-122.327339, , ,888-758-4389, ,USCPIL62563,ChargePoint Network,0,1,0,1, ,J1772,http://www.chargepoint.com/, , ,GPS
-13617442.5797,6041100.2768,1764,1436,KING COUNTY DES GOAT HILL #5,221960,ELEC, ,24 hours daily,T,Public, , , ,2023/08/06 00:00:00+00,2023/08/06 00:00:00+00,2022/06/25 00:00:00+00,2022/09/09 00:00:00+00, ,"415 Sixth Ave, Seattle",Seattle,98104,WA,US,47.603241,-122.327568, , ,888-758-4389, ,USCPIL62853,ChargePoint Network,0,1,0,1, ,J1772,http://www.chargepoint.com/, , ,GPS
-13591163.2762,6053131.30179999,1765,1437,KING COUNTY DES VDC #2,221961,ELEC, ,24 hours daily,E,Public, , , ,2023/08/07 00:00:00+00,2023/08/07 00:00:00+00,2022/06/25 00:00:00+00,, ,18655 NE Union Hill Rd,Redmond,98052,WA,US,47.676062,-122.091497, , ,888-758-4389, ,USCPIL170657,ChargePoint Network,0,1,0,1, ,J1772,http://www.chargepoint.com/, , ,GPS
-13591153.9254001,6053133.947,1766,1438,KING COUNTY DES VDC #3,221962,ELEC, ,24 hours daily,E,Public, , , ,2023/08/07 00:00:00+00,2023/08/07 00:00:00+00,2022/06/25 00:00:00+00,, ,18655 NE Union Hill Rd,Redmond,98052,WA,US,47.676078,-122.091413, , ,888-758-4389, ,USCPIL170659,ChargePoint Network,0,1,0,1, ,J1772,http://www.chargepoint.com/, , ,GPS
-13591172.2931,6053129.4832,1767,1439,KING COUNTY DES VDC #1,221963,ELEC, ,24 hours daily,E,Public, , , ,2023/08/07 00:00:00+00,2023/08/07 00:00:00+00,2022/06/25 00:00:00+00,, ,18655 NE Union Hill Rd,Redmond,98052,WA,US,47.676051,-122.091578, , ,888-758-4389, ,USCPIL170669,ChargePoint Network,0,1,0,1, ,J1772,http://www.chargepoint.com/, , ,GPS
-13600572.8901,6021244.9001,1768,1440,KING COUNTY DES RENTON 1,221967,ELEC, ,24 hours daily,E,Public, , , ,2023/08/07 00:00:00+00,2023/08/07 00:00:00+00,2022/06/25 00:00:00+00,, ,155 Monroe Ave NE,Renton,98056,WA,US,47.482839,-122.176025, , ,888-758-4389, ,USCPIL5422521,ChargePoint Network,0,2,0,2, ,J1772,http://www.chargepoint.com/, , ,GPS
-13600552.6300001,6021199.76700001,1769,1441,KING COUNTY DES RENTON 2,221968,ELEC, ,24 hours daily,E,Public, , , ,2023/08/07 00:00:00+00,2023/08/07 00:00:00+00,2022/06/25 00:00:00+00,, ,155 Monroe Ave NE,Renton,98056,WA,US,47.482565,-122.175843, , ,888-758-4389, ,USCPIL5422571,ChargePoint Network,0,2,0,2, ,J1772,http://www.chargepoint.com/, , ,GPS
-13638573.3568,5968452.67289999,1770,1442,DOL STATION A,221982,ELEC, ,24 hours daily,E,Public, , , ,2023/08/07 00:00:00+00,2023/08/07 00:00:00+00,2022/06/25 00:00:00+00,, ,6010 Main St SW,Lakewood,98499,WA,US,47.161364,-122.517389, , ,888-758-4389, ,USCPIL12811831,ChargePoint Network,0,2,0,2, ,J1772,http://www.chargepoint.com/, , ,GPS
-13638566.2324,5968454.8013,1771,1443,DOL STATION B,221983,ELEC, ,24 hours daily,E,Public, , , ,2023/08/07 00:00:00+00,2023/08/07 00:00:00+00,2022/06/25 00:00:00+00,, ,6010 Main St SW,Lakewood,98499,WA,US,47.161377,-122.517325, , ,888-758-4389, ,USCPIL12811841,ChargePoint Network,0,2,0,2, ,J1772,http://www.chargepoint.com/, , ,GPS
-13657741.7939,6143462.1737,1772,1444,COUPEVILLE COUPEVILLE #1,222076,ELEC, ,24 hours daily,E,Public, , , ,2023/08/07 00:00:00+00,2023/08/07 00:00:00+00,2022/06/28 00:00:00+00,, ,802 NW Alexander St,Coupeville,98239,WA,US,48.219574,-122.689582, , ,888-758-4389, ,USCPIL12879811,ChargePoint Network,0,2,0,2, ,J1772,http://www.chargepoint.com/, , ,GPS
-13607905.2824,6001689.057,1773,1445,Classic Accessories HQ,222345,ELEC, , ,E,Public, , , ,2023/08/07 00:00:00+00,2023/08/07 00:00:00+00,2022/06/25 00:00:00+00,, ,26600 72nd Ave S. #101,Kent,98032,WA,US,47.363983,-122.241893, , ,866-816-7584, ,61ee23d3-d839-4caa-985a-c0a287c1cb88,EV Connect,0,2,0,2, ,J1772,http://evconnect.com/, , ,GPS
-13629637.9639,5981687.26900001,1774,1446,Brewery Lofts EVC.,222346,ELEC, , ,E,Public, , , ,2023/08/07 00:00:00+00,2023/08/07 00:00:00+00,2022/06/25 00:00:00+00,, ,2150 Commerce Street #200,Tacoma,98402,WA,US,47.242139,-122.437121, , ,866-816-7584, ,3afac277-8173-41c3-b9e2-3582e6a043e9,EV Connect,0,6,0,6, ,J1772,http://evconnect.com/, , ,GPS
-13603511.9473,6042190.49170001,1775,1447,The Meyden,222378,ELEC, , ,E,Public, , , ,2023/06/21 00:00:00+00,2023/06/21 00:00:00+00,2022/05/31 00:00:00+00,, ,10333 Main Street,Bellevue,98004,WA,US,47.609844,-122.202427, , ,800-663-5633, ,6255,SemaCharge Network,0,10,0,10, ,J1772,https://semaconnect.com/,$0.20/kWh Energy Fee, ,GPS
-13596983.2817999,6045197.1799,1776,1448,Fred Meyer Bellevue #23,222417,ELEC, ,24 hours daily,E,Public, , , ,2023/08/06 00:00:00+00,2023/08/06 00:00:00+00,2022/07/01 00:00:00+00,, ,2041 148th Ave NE,Bellevue,98007,WA,US,47.62805,-122.143779, , ,877-455-3833, ,45137,eVgo Network,0,0,4,4, ,"CHAdeMO, CCS",https://www.evgo.com/, , ,GPS
-13655934.2993,5720833.8093,1777,1449,COEN NORTH STATION #2,222559,ELEC, ,24 hours daily,E,Public, , , ,2023/08/07 00:00:00+00,2023/08/07 00:00:00+00,2022/07/07 00:00:00+00,, ,815 COLUMBIA ST,Vancouver,98660,WA,US,45.627364,-122.673345, , ,888-758-4389, ,USCPIL12885901,ChargePoint Network,0,2,0,2, ,J1772,http://www.chargepoint.com/, , ,GPS
-13655924.9485,5720833.3318,1778,1450,COEN NORTH STATION #1,222561,ELEC, ,24 hours daily,E,Public, , , ,2023/08/07 00:00:00+00,2023/08/07 00:00:00+00,2022/07/07 00:00:00+00,, ,815 Columbia St,Vancouver,98660,WA,US,45.627361,-122.673261, , ,888-758-4389, ,USCPIL12885921,ChargePoint Network,0,2,0,2, ,J1772,http://www.chargepoint.com/, , ,GPS
-13655909.2524,5720833.96850001,1779,1451,COEN NORTH STATION #3,222562,ELEC, ,24 hours daily,E,Public, , , ,2023/08/07 00:00:00+00,2023/08/07 00:00:00+00,2022/07/07 00:00:00+00,, ,815 Columbia Street,Vancouver,98660,WA,US,45.627365,-122.67312, , ,888-758-4389, ,USCPIL12885931,ChargePoint Network,0,2,0,2, ,J1772,http://www.chargepoint.com/, , ,GPS
-13271064.971,5824897.03210001,1780,1452,"9610 Sandifur Parkway Pasco, WA 99301",222835,ELEC, , ,T,Public, , , ,2023/08/07 00:00:00+00,2023/08/07 00:00:00+00,2022/07/06 00:00:00+00,2023/08/02 00:00:00+00, ,9610 Sandifur Parkway,Pasco,99301,WA,US,46.27729,-119.216005, , ,866-816-7584, ,bba4e40d-f6ed-456e-bba0-3d57bb9ea9d0,EV Connect,0,0,2,2, ,CCS,http://evconnect.com/, , ,GPS
-13133286.7297,5991187.63969999,1781,1453,Sprague,222836,ELEC, , ,E,Public, , , ,2023/08/07 00:00:00+00,2023/08/07 00:00:00+00,2022/07/06 00:00:00+00,, ,105 W. 1st St,Sprague,99032,WA,US,47.300047,-117.978322, , ,866-816-7584, ,e290792c-b39c-44f4-b135-ea11ce4d1ab5,EV Connect,0,0,1,1, ,"CHAdeMO, CCS",http://evconnect.com/, , ,GPS
-13618149.3472,6041744.18539999,1782,1454,Hotel Monaco Seattle,222846,ELEC, , ,E,Public, , , ,2023/06/20 00:00:00+00,2023/06/20 00:00:00+00,2022/07/07 00:00:00+00,, ,1101 Fourth Ave,Seattle,98101,WA,US,47.607141,-122.333917,For hotel guests only.||, ,888-998-2546, ,465ba1dd-d734-8158-93cc-330000740843,Blink Network,0,1,0,1, ,J1772,http://www.blinkcharging.com/,Free, ,GPS
-13645743.1112,5720544.42109999,1783,1455,PeaceHealth Parking Lot E,223394,ELEC, , ,E,Public, , , ,2023/06/21 00:00:00+00,2023/06/21 00:00:00+00,2022/04/12 00:00:00+00,, ,Patient/Visitor Lot,Vancouver,98664,WA,US,45.625546,-122.581796,1st row of Parking Lot E off of the NE 5th Street.  Lot can be accessed from either NE 87th Ave or from Mill Plain Blvd., ,800-663-5633, ,6277,SemaCharge Network,0,2,0,2, ,J1772,https://semaconnect.com/,$1.50-$5.00/Hr Variable Parking Fee, ,GPS
-13614593.1347,6000595.55179999,1784,1456,Riverstone Apartment Homes,223481,ELEC, , ,E,Public, , , ,2023/06/20 00:00:00+00,2023/06/20 00:00:00+00,2022/07/14 00:00:00+00,, ,27314 24th Ave S.,Federal Way,98003,WA,US,47.357329,-122.301971, , ,888-998-2546, ,465ba1dd-d734-8158-93cc-330000462522,Blink Network,0,1,0,1, ,J1772,http://www.blinkcharging.com/,Free, ,GPS
-13604744.5881,5991163.50969999,1785,1457,Green River,223484,ELEC, , ,E,Public, , , ,2023/06/21 00:00:00+00,2023/06/21 00:00:00+00,2022/07/14 00:00:00+00,, ,1103 Ninth Street SE,Auburn,98002,WA,US,47.2999,-122.2135, , ,888-998-2546, ,465ba1dd-d734-8158-93cc-330000533043,Blink Network,0,1,0,1, ,J1772,http://www.blinkcharging.com/,Free, ,GPS
-13599756.3617,6000377.32750001,1786,1458,Birch Creek Apartments,223489,ELEC, , ,E,Public, , , ,2023/06/21 00:00:00+00,2023/06/21 00:00:00+00,2022/07/14 00:00:00+00,, ,27360 129th Place SE,Kent,98030,WA,US,47.356001,-122.16869,On the management building parking lot||, ,888-998-2546, ,465ba1dd-d734-8158-93cc-330000277186,Blink Network,0,1,0,1, ,J1772,http://www.blinkcharging.com/,Free, ,GPS
-13620795.0775,6044082.968,1787,1459,EUF GARAGE EUF STATION 2,223694,ELEC, ,24 hours daily,E,Public, , , ,2023/08/07 00:00:00+00,2023/08/07 00:00:00+00,2022/07/19 00:00:00+00,, ,300 1st Ave W,Seattle,98119,WA,US,47.621304,-122.357684, , ,888-758-4389, ,USCPIL278981,ChargePoint Network,0,2,0,2, ,J1772,http://www.chargepoint.com/, , ,GPS
-13522300.1487,5932009.8488,1788,1460,Crystal Mountain,223722,ELEC, ,24 hours daily,E,Public, , , ,2023/08/07 00:00:00+00,2023/08/07 00:00:00+00,2022/07/19 00:00:00+00,, ,33914 Crystal Mt. Blvd,Enumclaw,98022,WA,US,46.938306,-121.472889, , ,888-356-8911, ,Post: AUB-10640,FLO,0,8,0,8, ,J1772,https://flo.ca/, , ,GPS
-13628883.1798,5981119.5835,1789,1461,26th and C Street,223796,ELEC, ,24 hours daily,E,Public, , , ,2023/08/07 00:00:00+00,2023/08/07 00:00:00+00,2022/07/20 00:00:00+00,, ,301 E 26th St,Tacoma,98421,WA,US,47.2386767566705,-122.430340659, , ,888-356-8911, ,Post: AUI-10415,FLO,0,1,0,1, ,J1772,https://flo.ca/, , ,GPS
-13639893.5169,5983910.495,1790,1462,601 N Rochester Street,223797,ELEC, ,24 hours daily,E,Public, , , ,2023/08/07 00:00:00+00,2023/08/07 00:00:00+00,2022/07/20 00:00:00+00,, ,601 N Rochester Street,Tacoma,98406,WA,US,47.255696,-122.5292482, , ,888-356-8911, ,Post: AUI-10404,FLO,0,1,0,1, ,J1772,https://flo.ca/, , ,GPS
-13627832.1391,5979609.7385,1791,1463,799 E Harrison Street,223843,ELEC, ,24 hours daily,E,Public, , , ,2023/08/07 00:00:00+00,2023/08/07 00:00:00+00,2022/07/21 00:00:00+00,, ,799 Harrison Street,Tacoma,98404,WA,US,47.2294673,-122.420899, , ,888-356-8911, ,Post: AUI-10410,FLO,0,1,0,1, ,J1772,https://flo.ca/, , ,GPS
-13065586.2229,5980405.282,1792,1464,Rosalia,224168,ELEC, , ,E,Public, , , ,2023/08/07 00:00:00+00,2023/08/07 00:00:00+00,2022/07/16 00:00:00+00,, ,607 S Whitman Ave,Rosalia,99170,WA,US,47.23432,-117.370158, , ,866-816-7584, ,a56a539d-6a16-4663-8dd3-80f9576ff570,EV Connect,0,0,1,1, ,"CHAdeMO, CCS",http://evconnect.com/, , ,GPS
-13602983.959,6103610.17849999,1793,1465,SNOPUD POWERED MUEVE3105 #2,224240,ELEC, ,24 hours daily,E,Public, , , ,2023/08/07 00:00:00+00,2023/08/07 00:00:00+00,2022/07/22 00:00:00+00,, ,2320 California St,Everett,98201,WA,US,47.980493,-122.197684, , ,888-758-4389, ,USCPIL12907941,ChargePoint Network,0,0,1,1, ,"CHAdeMO, CCS",http://www.chargepoint.com/, , ,GPS
-13602979.3949,6103595.8766,1794,1466,SNOPUD POWERED MUEVE3105 #1,224241,ELEC, ,24 hours daily,E,Public, , , ,2023/08/07 00:00:00+00,2023/08/07 00:00:00+00,2022/07/22 00:00:00+00,, ,2320 California St,Everett,98201,WA,US,47.980407,-122.197643, , ,888-758-4389, ,USCPIL12907981,ChargePoint Network,0,0,1,1, ,"CHAdeMO, CCS",http://www.chargepoint.com/, , ,GPS
-13603947.0171,6023097.4354,1795,1467,Topgolf 780 Logan Avenue North,224570,ELEC, ,"Mon 5:00am - 10:59pm; Tue 5:00am - 10:59pm; Wed 5:00am - 10:59pm; Thu 5:00am - 10:59pm; Fri 5:00am - 10:59pm; Sat 5:00am - 10:59pm; Sun 5:00am - 10:59pm",E,Public, ,False, ,2023/08/07 00:00:00+00,2023/08/07 00:00:00+00,2022/07/25 00:00:00+00,, ,780 Logan Avenue North,Renton,98057,WA,US,47.494084378,-122.206335298, , ,888-264-2208, ,99e3a096-de0d-4d99-9085-88434a592fff,Volta,0,3,0,3, ,J1772,https://voltacharging.com/, , ,GPS
-13667806.0777,6124669.3172,1796,1468,ReVision Marine,224633,ELEC, , ,E,Public, , , ,2023/06/21 00:00:00+00,2023/06/21 00:00:00+00,2022/07/29 00:00:00+00,, ,301 10th Street,Port Townsend,98368,WA,US,48.10697,-122.779991, , ,888-998-2546, ,465ba1dd-d734-8158-93cc-330000463531,Blink Network,0,2,0,2, ,J1772,http://www.blinkcharging.com/,Free, ,GPS
-13630212.2612,5971656.6195,1797,1469,S 84th St and S Park Avenue,224665,ELEC, ,24 hours daily,E,Public, , , ,2023/08/07 00:00:00+00,2023/08/07 00:00:00+00,2022/07/30 00:00:00+00,, ,8402 S Park Ave,Tacoma,98444,WA,US,47.18093,-122.44228, , ,888-356-8911, ,Post: AUB-11436,FLO,0,1,0,1, ,J1772,https://flo.ca/, , ,GPS
-13638392.6853,5990975.72519999,1798,1470,5112 N Pearl Street,224666,ELEC, ,24 hours daily,E,Public, , , ,2023/08/07 00:00:00+00,2023/08/07 00:00:00+00,2022/07/30 00:00:00+00,, ,5112 N Pearl,Tacoma,98407,WA,US,47.298756,-122.515766, , ,888-356-8911, ,Post: AUB-11417,FLO,0,1,0,1, ,J1772,https://flo.ca/, , ,GPS
-13657750.1428,6143462.5078,1799,1471,COUPEVILLE COUPEVILLE #2,224702,ELEC, ,24 hours daily,E,Public, , , ,2023/08/07 00:00:00+00,2023/08/07 00:00:00+00,2022/08/02 00:00:00+00,, ,788 NW Alexander St,Coupeville,98239,WA,US,48.219576,-122.689657, , ,888-758-4389, ,USCPIL12879881,ChargePoint Network,0,2,0,2, ,J1772,http://www.chargepoint.com/, , ,GPS
-13617614.9023001,6145634.6138,1800,1472,Covered space,224725,ELEC, , ,E,Public, , , ,2023/06/21 00:00:00+00,2023/06/21 00:00:00+00,2022/06/03 00:00:00+00,, ,26031 72nd Ave. NW,Stanwood,98292,WA,US,48.232575,-122.329116, , ,800-663-5633, ,6284,SemaCharge Network,0,2,0,2, ,J1772,https://semaconnect.com/,FREE, ,GPS
-13631030.3704,5985469.65099999,1801,1473,124 N Tacoma Avenue,225180,ELEC, ,24 hours daily,E,Public, , , ,2023/08/07 00:00:00+00,2023/08/07 00:00:00+00,2022/08/09 00:00:00+00,, ,124 N Tacoma Avenue,Tacoma,98403,WA,US,47.2652015,-122.4496292, , ,888-356-8911, ,Post: AUI-10420,FLO,0,1,0,1, ,J1772,https://flo.ca/, , ,GPS
-13618093.1308,6173491.77920001,1802,1474,NWEJATC,225255,ELEC, , ,E,Public, , , ,2023/06/20 00:00:00+00,2023/06/20 00:00:00+00,2019/04/25 00:00:00+00,, ,306 ANDERSON RD.,MOUNT VERNON,98273,WA,US,48.398994,-122.333412, , ,800-663-5633, ,3006,SemaCharge Network,0,1,0,1, ,J1772,https://semaconnect.com/,FREE, ,GPS
-13598394.1451,6037368.8637,1803,1475,Sunset Corporate Campus,225256,ELEC, , ,T,Public, , , ,2023/06/20 00:00:00+00,2023/06/20 00:00:00+00,2022/08/11 00:00:00+00,2023/06/20 00:00:00+00, ,13810 Southeast Eastgate Way,Bellevue,98005,WA,US,47.580635,-122.156453, , ,800-663-5633, ,3221,SemaCharge Network,0,4,0,4, ,J1772,https://semaconnect.com/,FREE, ,GPS
-13617011.8845999,6041992.1856,1804,1476,First Hill Medical Pavillion,225258,ELEC, , ,T,Public, , , ,2023/06/20 00:00:00+00,2023/06/20 00:00:00+00,2017/06/23 00:00:00+00,2023/02/27 00:00:00+00, ,1124 Columbia Street,Seattle,98104,WA,US,47.608643,-122.323699, , ,800-663-5633, ,4399,SemaCharge Network,0,2,0,2, ,J1772,https://semaconnect.com/,FREE, ,GPS
-13616941.8647,6041650.4029,1805,1477,Lexington,225259,ELEC, , ,T,Public, , , ,2023/06/20 00:00:00+00,2023/06/20 00:00:00+00,2017/12/20 00:00:00+00,2022/09/09 00:00:00+00, ,1050 James Street,Seattle,98104,WA,US,47.606573,-122.32307, , ,800-663-5633, ,3976,SemaCharge Network,0,2,0,2, ,J1772,https://semaconnect.com/,FREE, ,GPS
-13613827.1453,6014409.7491,1806,1478,Sea Tac Office Center,225260,ELEC, , ,E,Public, , , ,2023/06/21 00:00:00+00,2023/06/21 00:00:00+00,2020/03/26 00:00:00+00,, ,18000 International Blvd.,Sea Tac,98188,WA,US,47.441327,-122.29509,"Tenant Rates are provided upon approval from the property management team. Otherwise public rates apply

TENANT ONLY RATES:
0-4 hours  - $1.60
5-8 hours - $1.80
9- 24 hours - $2.50", ,800-663-5633, ,4965,SemaCharge Network,0,4,0,4, ,J1772,https://semaconnect.com/,$1.30-$2.50/Hr Variable Parking Fee, ,GPS
-13629298.3281,5971657.2746,1807,1479,"Walgreens - Tacoma, WA #3581",225263,ELEC, , ,T,Public, , , ,2023/06/20 00:00:00+00,2023/06/20 00:00:00+00,2011/11/23 00:00:00+00,2022/09/09 00:00:00+00, ,8405 Pacific Ave,Tacoma,98444,WA,US,47.180934,-122.43407, , ,800-663-5633, ,277,SemaCharge Network,0,1,0,1, ,J1772,https://semaconnect.com/,$2.00/Hr Parking Fee, ,GPS
-13619150.2207,6042131.5443,1808,1480,PIKE PLACE STALL #895 #894,225490,ELEC, ,24 hours daily,E,Public, , , ,2023/08/07 00:00:00+00,2023/08/07 00:00:00+00,2022/08/13 00:00:00+00,, ,1901 Western Ave,Seattle,98101,WA,US,47.609487,-122.342908, , ,888-758-4389, ,USCPIL12968451,ChargePoint Network,0,2,0,2, ,J1772,http://www.chargepoint.com/, , ,GPS
-13617955.6513,6020123.8894,1809,1481,Fred Meyer WBN Burien #28,225543,ELEC, ,24 hours daily,E,Public, , , ,2023/08/06 00:00:00+00,2023/08/06 00:00:00+00,2022/08/15 00:00:00+00,, ,14300 1st Ave S,Burien,98168,WA,US,47.476033,-122.332177, , ,877-455-3833, ,45292,eVgo Network,0,0,8,8, ,"CHAdeMO, CCS",https://www.evgo.com/, , ,GPS
-13605441.2254001,6095435.8616,1810,1482,Chevrolet of Everett,225704,ELEC,CAR_DEALER,"9am-8pm M-F, 9am-7pm Sat, 10am-6pm Sun",E,Public, ,False,"American Express, Credit, Discover, Debit, MasterCard, Visa",2022/09/14 00:00:00+00,2023/02/14 00:00:00+00,2022/08/15 00:00:00+00,, ,7301 Evergreen Way,Everett,98203,WA,US,47.931316,-122.219758, , ,425-265-8000,P, ,Non-Networked,0,0,2,2, ,"CHAdeMO, CCS", , , ,200-9
-13615244.0198001,6043348.5521,1811,1483,LAWRENCE LOFTS LL COMMERCIAL,225954,ELEC, ,24 hours daily,E,Public, , , ,2023/08/07 00:00:00+00,2023/08/07 00:00:00+00,2022/08/20 00:00:00+00,, ,1818 E Madison St,Seattle,98122,WA,US,47.616857,-122.307818, , ,888-758-4389, ,USCPIL12837541,ChargePoint Network,0,2,0,2, ,J1772,http://www.chargepoint.com/, , ,GPS
-13620120.2588,6042940.66199999,1812,1484,2600 Elliott Garage,226068,ELEC, ,24 hours daily,E,Public, , , ,2023/06/21 00:00:00+00,2023/06/21 00:00:00+00,2022/08/23 00:00:00+00,, ,2600 Elliott Avenue,Seattle,98121,WA,US,47.614387,-122.351622, , ,800-663-5633, ,698,SemaCharge Network,0,2,0,2, ,J1772,https://semaconnect.com/,FREE, ,GPS
-13672633.1135,5950260.0797,1813,1485,WSSDA 225 COLLEGE NE,226079,ELEC, ,24 hours daily,E,Public, , , ,2023/08/07 00:00:00+00,2023/08/07 00:00:00+00,2022/08/23 00:00:00+00,, ,225 College St NE,Lacey,98516,WA,US,47.050128,-122.823353, , ,888-758-4389, ,USCPIL5547461,ChargePoint Network,0,2,0,2, ,J1772,http://www.chargepoint.com/, , ,GPS
-13591865.2569,6050949.07109999,1814,1486,REFLECTIONS RFEFLECTIONS 3,226091,ELEC, ,24 hours daily,E,Public, , , ,2023/08/07 00:00:00+00,2023/08/07 00:00:00+00,2022/08/23 00:00:00+00,, ,6416 E Lake Sammamish Pkwy NE,Redmond,98052,WA,US,47.662861,-122.097803, , ,888-758-4389, ,USCPIL13000231,ChargePoint Network,0,2,0,2, ,J1772,http://www.chargepoint.com/, , ,GPS
-13676458.1625,5949516.0844,1815,1487,Intercity Transit,226205,ELEC, , ,E,Public, , , ,2023/06/20 00:00:00+00,2023/06/20 00:00:00+00,2022/08/24 00:00:00+00,, ,510 Pattison Street SE,Olympia,98507,WA,US,47.045574,-122.857714, , ,888-998-2546, ,465ba1dd-d734-8158-93cc-330000755279,Blink Network,0,6,0,6, ,J1772,http://www.blinkcharging.com/,Free, ,GPS
-13623266.5928999,5713094.8705,1816,1488,PORTCW PORTCWADMIN,226595,ELEC, ,24 hours daily,E,Public, , , ,2023/08/07 00:00:00+00,2023/08/07 00:00:00+00,2022/08/26 00:00:00+00,, ,98 S A St,Washougal,98671,WA,US,45.578726,-122.379886, , ,888-758-4389, ,USCPIL12954211,ChargePoint Network,0,2,0,2, ,J1772,http://www.chargepoint.com/, , ,GPS
-13651891.5094,5719999.57540001,1817,1489,East Campus Building,226619,ELEC, , ,E,Public, , , ,2023/06/21 00:00:00+00,2023/06/21 00:00:00+00,2022/08/27 00:00:00+00,, ,301 Grove Street,Vancouver,98661,WA,US,45.622123,-122.637028, , ,800-663-5633, ,6405,SemaCharge Network,0,2,0,2, ,J1772,https://semaconnect.com/,$1.00/Hr Parking Fee, ,GPS
-13271458.3741,5815774.97380001,1818,1490,ADMIN BUILDING PUBLIC PARKING,226682,ELEC, ,24 hours daily,E,Public, , , ,2023/08/07 00:00:00+00,2023/08/07 00:00:00+00,2022/08/30 00:00:00+00,, ,7220 W Okanogan Pl,Kennewick,99336,WA,US,46.220623,-119.219539, , ,888-758-4389, ,USCPIL10851581,ChargePoint Network,0,2,0,2, ,J1772,http://www.chargepoint.com/, , ,GPS
-13633085.9738,5987027.4463,1819,1491,2350 N 30th St,226712,ELEC, ,24 hours daily,E,Public, , , ,2023/08/07 00:00:00+00,2023/08/07 00:00:00+00,2022/08/30 00:00:00+00,, ,2350 N 30th St,Tacoma,98403,WA,US,47.274697,-122.468095, , ,888-356-8911, ,Post: AUI-10416,FLO,0,1,0,1, ,J1772,https://flo.ca/, , ,GPS
-13620175.028,6043092.4213,1820,1492,Klee Condominiums,226727,ELEC, , ,E,Public, , , ,2023/06/21 00:00:00+00,2023/06/21 00:00:00+00,2020/03/25 00:00:00+00,, ,2717 Western Avenue,Seattle,98121,WA,US,47.615306,-122.352114, , ,800-663-5633, ,4502,SemaCharge Network,0,2,0,2, ,J1772,https://semaconnect.com/,$0.35/kWh Energy Fee, ,GPS
-13619142.985,6042127.41630001,1821,1493,Pike Place Market,226858,ELEC, , ,T,Public, , , ,2023/06/20 00:00:00+00,2023/06/20 00:00:00+00,2015/12/23 00:00:00+00,2022/09/14 00:00:00+00, ,1901 Western Avenue,Seattle,98101,WA,US,47.609462,-122.342843, , ,800-663-5633, ,6420,SemaCharge Network,0,2,0,2, ,J1772,https://semaconnect.com/,FREE, ,GPS
-13616308.4568,6040644.94680001,1822,1494,Mason & Main,227111,ELEC, , ,E,Public, , , ,2023/06/21 00:00:00+00,2023/06/21 00:00:00+00,2022/09/02 00:00:00+00,, ,209 12th Ave South,Seattle,98144,WA,US,47.600483,-122.31738, , ,888-998-2546, ,465ba1dd-d734-8158-93cc-330000757252,Blink Network,0,9,0,9, ,J1772,http://www.blinkcharging.com/,Free, ,GPS
-13651580.3714,6036497.56339999,1823,1495,Olympic College Bremerton,227112,ELEC, , ,E,Public, , , ,2023/06/20 00:00:00+00,2023/06/20 00:00:00+00,2022/09/02 00:00:00+00,, ,1600 Chester Ave,Bremerton,98337,WA,US,47.575355,-122.634233,"Parking Lot G-1; Student, Employee, or ||Visitor Permit Required||", ,888-998-2546, ,465ba1dd-d734-8158-93cc-330000767964,Blink Network,0,8,0,8, ,J1772,http://www.blinkcharging.com/,Free, ,GPS
-13685157.7807,5801451.9457,1824,1496,Cowlitz PUD Main Office,227268,ELEC, , ,E,Public, , , ,2023/06/21 00:00:00+00,2023/06/21 00:00:00+00,2022/08/11 00:00:00+00,, ,961 12th avenue,Longview,98632,WA,US,46.131529,-122.935864,First two parking stalls in main parking lot. Clearly marked., ,800-663-5633, ,6431,SemaCharge Network,0,1,0,1, ,J1772,https://semaconnect.com/,"$0.00-$10.00/Hr Variable Parking Fee, $0.30/kWh Energy Fee", ,GPS
-13557792.2532,6022353.7005,1825,1497,Sno Falls - Credit Union,227417,ELEC, , ,E,Public, , , ,2023/06/20 00:00:00+00,2023/06/20 00:00:00+00,2022/09/09 00:00:00+00,, ,PO Box 2510,North Bend,98045,WA,US,47.48957,-121.79172, , ,888-998-2546, ,465ba1dd-d734-8158-93cc-330000771397,Blink Network,0,3,0,3, ,J1772,http://www.blinkcharging.com/,Free, ,GPS
-13606482.9532,6004795.6335,1826,1498,Multicare Health Systems - Kent,227479,ELEC, , ,E,Public, , , ,2023/06/20 00:00:00+00,2023/06/20 00:00:00+00,2022/09/13 00:00:00+00,, ,222 State Ave N,Kent,98030,WA,US,47.382882,-122.229116, , ,888-998-2546, ,465ba1dd-d734-8158-93cc-330000764509,Blink Network,0,5,0,5, ,J1772,http://www.blinkcharging.com/,Free, ,GPS
-13616981.6057,6041469.4452,1827,1499,Harborview Medical Center,227480,ELEC, , ,E,Public, , , ,2023/06/21 00:00:00+00,2023/06/21 00:00:00+00,2022/09/13 00:00:00+00,, ,908 Jefferson,Seattle,98104,WA,US,47.605477,-122.323427, , ,888-998-2546, ,465ba1dd-d734-8158-93cc-330000207720,Blink Network,0,9,0,9, ,J1772,http://www.blinkcharging.com/,Free, ,GPS
-13069783.5243,6064591.4108,1828,1500,BWP EV CHARGER SPOKANE EV 1,227501,ELEC, ,24 hours daily,E,Public, , , ,2023/08/07 00:00:00+00,2023/08/07 00:00:00+00,2022/09/14 00:00:00+00,, ,9601 N Newport Hwy,Spokane,99218,WA,US,47.745333,-117.407863, , ,888-758-4389, ,USCPIL5384961,ChargePoint Network,0,2,0,2, ,J1772,http://www.chargepoint.com/, , ,GPS
-13652145.5404,6064459.1383,1829,1501,POULSBO STATION 2,227522,ELEC, ,24 hours daily,E,Public, , , ,2023/08/07 00:00:00+00,2023/08/07 00:00:00+00,2022/09/14 00:00:00+00,, ,20150 7th Ave NE,Poulsbo,98370,WA,US,47.744534,-122.63931, , ,888-758-4389, ,USCPIL12932621,ChargePoint Network,0,2,0,2, ,J1772,http://www.chargepoint.com/, , ,GPS
-13652162.5723,6064458.8072,1830,1502,POULSBO STATION 1,227523,ELEC, ,24 hours daily,E,Public, , , ,2023/08/07 00:00:00+00,2023/08/07 00:00:00+00,2022/09/14 00:00:00+00,, ,20150 7th Ave NE,Poulsbo,98370,WA,US,47.744532,-122.639463, , ,888-758-4389, ,USCPIL12932661,ChargePoint Network,0,2,0,2, ,J1772,http://www.chargepoint.com/, , ,GPS
-13536604.0353,6148818.1577,1831,1503,OLD SCHOOL PARK DARRINGTON 1GW,227548,ELEC, ,24 hours daily,E,Public, , , ,2023/08/07 00:00:00+00,2023/08/07 00:00:00+00,2022/09/14 00:00:00+00,, ,Mountain Loop Hwy & Alvord St,Darrington,98241,WA,US,48.251621,-121.601383, , ,888-758-4389, ,USCPIL13065491,ChargePoint Network,0,2,0,2, ,J1772,http://www.chargepoint.com/, , ,GPS
-13433749.2786,5895926.6756,1832,1504,Naches,227563,ELEC, ,24 hours daily,E,Public, , , ,2023/08/07 00:00:00+00,2023/08/07 00:00:00+00,2022/09/14 00:00:00+00,, ,8894 US-12,Naches,98937,WA,US,46.71653,-120.677423, , ,888-356-8911, ,Post: AUB-10544,FLO,0,1,1,2, ,"CHAdeMO, J1772, CCS",https://flo.ca/, , ,GPS
-13622146.6075,5981982.584,1833,1505,BJ's Bingo & Gaming,227576,ELEC, , ,E,Public, , , ,2023/06/21 00:00:00+00,2023/06/21 00:00:00+00,2022/03/25 00:00:00+00,, ,4411 Pacific Hwy East,Fife,98424,WA,US,47.24394,-122.369825,"Both charging stations are located in the main parking lot, closet to Pacific Hwy.", ,800-663-5633, ,6453,SemaCharge Network,0,2,0,2, ,J1772,https://semaconnect.com/,FREE, ,GPS
-13600337.7834,6058308.3107,1834,1506,Lee Johnson Nissan,227631,ELEC, , ,E,Public, , , ,2023/08/07 00:00:00+00,2023/08/07 00:00:00+00,2016/05/01 00:00:00+00,, ,11930 124th Ave NE,Kirkland,98034,WA,US,47.707366,-122.173913, , ,866-816-7584, ,459186c2-cef0-4d88-ab38-de3ada32afe9,EV Connect,0,0,2,2, ,CHAdeMO,http://evconnect.com/, , ,GPS
-13067374.6818,6052460.4232,1835,1507,Riverton Copper Basin,227636,ELEC, , ,E,Public, , , ,2023/08/07 00:00:00+00,2023/08/07 00:00:00+00,2020/04/10 00:00:00+00,, ,1601 E Mission Ave,Spokane,99202,WA,US,47.672004,-117.386224, , ,866-816-7584, ,0f8affc4-1026-4aa2-9d7b-2566364cf6f9,EV Connect,0,2,0,2, ,J1772,http://evconnect.com/, , ,GPS
-13646009.1648,5726350.53480001,1836,1508,AG STATION STATION 2,227779,ELEC, ,24 hours daily,E,Public, , , ,2023/08/07 00:00:00+00,2023/08/07 00:00:00+00,2022/09/17 00:00:00+00,, ,8608 NE 54th St,Vancouver,98662,WA,US,45.66201,-122.584186, , ,888-758-4389, ,USCPIL12892331,ChargePoint Network,0,2,0,2, ,J1772,http://www.chargepoint.com/, , ,GPS
-13646000.2593,5726350.6941,1837,1509,AG STATION STATION 1,227780,ELEC, ,24 hours daily,E,Public, , , ,2023/08/07 00:00:00+00,2023/08/07 00:00:00+00,2022/09/17 00:00:00+00,, ,8778 NE 54th St,Vancouver,98662,WA,US,45.662011,-122.584106, , ,888-758-4389, ,USCPIL12892341,ChargePoint Network,0,2,0,2, ,J1772,http://www.chargepoint.com/, , ,GPS
-13629420.223,5978873.6712,1838,1510,"3629 South D Street, Tacoma",227794,ELEC, ,24 hours daily,E,Public, , , ,2023/08/07 00:00:00+00,2023/08/07 00:00:00+00,2022/09/17 00:00:00+00,, ,3629 South D Street,Tacoma,98418,WA,US,47.224977,-122.435165, , ,888-356-8911, ,Post: AUB-11580,FLO,0,2,0,2, ,J1772,https://flo.ca/, , ,GPS
-13419293.4408,5876013.35949999,1839,1511,Y.V.M.H. NORTH PARKING-2,227906,ELEC, ,24 hours daily,T,Public, , , ,2023/08/07 00:00:00+00,2023/08/07 00:00:00+00,2022/09/21 00:00:00+00,2023/04/12 00:00:00+00, ,2811 Tieton Dr,Yakima,98902,WA,US,46.593746,-120.547564, , ,888-758-4389, ,USCPIL165007,ChargePoint Network,0,2,0,2, ,J1772,http://www.chargepoint.com/, , ,GPS
-13617659.8754,6043976.60849999,1840,1512,REI,227931,ELEC, ,24 hours daily,E,Public, , , ,2023/08/06 00:00:00+00,2023/08/06 00:00:00+00,2018/03/07 00:00:00+00,, ,222 Yale Ave,Seattle,98109,WA,US,47.62066,-122.32952, , ,877-455-3833, ,1,eVgo Network,0,1,2,3, ,"CHAdeMO, J1772, CCS",https://www.evgo.com/, , ,GPS
-13633450.5452,6229676.22999999,1841,1513,Haggen's Bellingham #3449,227981,ELEC, ,24 hours daily,E,Public, , , ,2023/08/06 00:00:00+00,2023/08/06 00:00:00+00,2022/07/01 00:00:00+00,, ,210 36th St,Bellingham,98225,WA,US,48.73299,-122.47137, , ,877-455-3833, ,45112,eVgo Network,0,0,4,4, ,"CHAdeMO, CCS",https://www.evgo.com/, , ,GPS
-13612458.6948,6030464.73439999,1842,1514,King Plaza,227996,ELEC, ,24 hours daily,T,Public, , , ,2023/08/06 00:00:00+00,2023/08/06 00:00:00+00,2022/01/29 00:00:00+00,2023/07/15 00:00:00+00, ,7101 Martin Luther King Jr Way S,Seattle,98118,WA,US,47.538782,-122.282797, , ,877-455-3833, ,41032,eVgo Network,0,0,4,4, ,"CHAdeMO, CCS",https://www.evgo.com/, , ,GPS
-13616813.7359,6042787.0889,1843,1515,Harvard Market,228030,ELEC, ,24 hours daily,T,Public, , , ,2023/08/06 00:00:00+00,2023/08/06 00:00:00+00,2018/03/07 00:00:00+00,2023/04/07 00:00:00+00, ,1406 Harvard Ave,Seattle,98122,WA,US,47.613457,-122.321919, , ,877-455-3833, ,119,eVgo Network,0,0,1,1, ,"CHAdeMO, CCS",https://www.evgo.com/, , ,GPS
-13603754.9578,6023816.72389999,1844,1516,The Landing,228100,ELEC, ,24 hours daily,T,Public, , , ,2023/08/06 00:00:00+00,2023/08/06 00:00:00+00,2018/03/07 00:00:00+00,2023/06/20 00:00:00+00, ,828 N 10th Pl,Renton,98057,WA,US,47.49845,-122.20461, , ,877-455-3833, ,189,eVgo Network,0,0,2,2, ,"CHAdeMO, CCS",https://www.evgo.com/, , ,GPS
-13652695.7927,5957198.92580001,1845,1517,Dupont Center - Ace Hardware,228205,ELEC, ,24 hours daily,E,Public, , , ,2023/08/06 00:00:00+00,2023/08/06 00:00:00+00,2019/08/22 00:00:00+00,, ,1585 McNeil St,DuPont,98327,WA,US,47.092582,-122.644253, , ,877-455-3833, ,2331,eVgo Network,0,2,2,4, ,"CHAdeMO, J1772, CCS",https://www.evgo.com/, , ,GPS
-13611185.6451,6077003.7613,1846,1518,Whole Foods Lynnwood,228358,ELEC, ,24 hours daily,E,Public, , , ,2023/08/06 00:00:00+00,2023/08/06 00:00:00+00,2020/03/05 00:00:00+00,, ,2808 196th St SW,Lynnwood,98036,WA,US,47.820256,-122.271361, , ,877-455-3833, ,25032,eVgo Network,0,0,2,2, ,"CHAdeMO, CCS",https://www.evgo.com/, , ,GPS
-13607261.5218,6038071.0834,1847,1519,Metropolitan Market,228392,ELEC, ,24 hours daily,E,Public, , , ,2023/08/06 00:00:00+00,2023/08/06 00:00:00+00,2018/03/07 00:00:00+00,, ,2755 77th Ave SE,Mercer Island,98040,WA,US,47.58489,-122.23611, , ,877-455-3833, ,484,eVgo Network,0,0,2,2, ,"CHAdeMO, CCS",https://www.evgo.com/, , ,GPS
-13616711.322,6042424.4692,1848,1520,Whole Foods Madison Broadway,228403,ELEC, ,24 hours daily,E,Public, , , ,2023/08/06 00:00:00+00,2023/08/06 00:00:00+00,2021/02/18 00:00:00+00,, ,1001 Broadway,Seattle,98122,WA,US,47.611261,-122.320999, , ,877-455-3833, ,27114,eVgo Network,0,0,4,4, ,"CHAdeMO, CCS",https://www.evgo.com/, , ,GPS
-13618642.281,6043596.8296,1849,1521,Whole Foods Seattle (Westlake),228432,ELEC, ,24 hours daily,E,Public, , , ,2023/08/06 00:00:00+00,2023/08/06 00:00:00+00,2021/04/30 00:00:00+00,, ,2210 Westlake Ave,Seattle,98121,WA,US,47.6183604,-122.3383451, , ,877-455-3833, ,27131,eVgo Network,0,0,9,9, ,"CHAdeMO, CCS",https://www.evgo.com/, , ,GPS
-13633373.7347001,5977308.8971,1850,1522,Tacoma Mall,228521,ELEC, ,24 hours daily,E,Public, , , ,2023/08/06 00:00:00+00,2023/08/06 00:00:00+00,2018/03/07 00:00:00+00,, ,4502 S Steele St,Tacoma,98409,WA,US,47.21543,-122.47068, , ,877-455-3833, ,618,eVgo Network,0,2,3,5, ,"CHAdeMO, J1772, CCS",https://www.evgo.com/, , ,GPS
-13602095.1842,6122280.69110001,1851,1523,Seattle Premium Outlets,228528,ELEC, ,24 hours daily,E,Public, , , ,2023/08/06 00:00:00+00,2023/08/06 00:00:00+00,2018/03/07 00:00:00+00,, ,10600 Quil Ceda Blvd,Quil Ceda Village,98271,WA,US,48.09264,-122.1897, , ,877-455-3833, ,623,eVgo Network,0,3,1,4, ,"CHAdeMO, J1772, CCS",https://www.evgo.com/, , ,GPS
-13611431.5499,6077055.8187,1852,1524,AAA,228546,ELEC, ,24 hours daily,T,Public, , , ,2023/08/06 00:00:00+00,2023/08/06 00:00:00+00,2018/03/07 00:00:00+00,2023/02/22 00:00:00+00, ,3000 196th St SW,Lynnwood,98036,WA,US,47.82057,-122.27357, , ,877-455-3833, ,644,eVgo Network,0,0,1,1, ,"CHAdeMO, CCS",https://www.evgo.com/, , ,GPS
-13176393.978,5961454.9604,1853,1525,Conoco,228564,ELEC, ,24 hours daily,T,Public, , , ,2023/08/06 00:00:00+00,2023/08/06 00:00:00+00,2018/03/07 00:00:00+00,2023/06/22 00:00:00+00, ,1293 S Division St,Ritzville,99169,WA,US,47.118605,-118.365561, , ,877-455-3833, ,668,eVgo Network,0,0,1,1, ,"CHAdeMO, CCS",https://www.evgo.com/, , ,GPS
-13617177.862,6057635.70599999,1854,1526,Northgate Mall,228578,ELEC, ,24 hours daily,E,Public, , , ,2023/08/06 00:00:00+00,2023/08/06 00:00:00+00,2018/03/07 00:00:00+00,, ,401 NE Northgate Way,Seattle,98125,WA,US,47.7033,-122.32519, , ,877-455-3833, ,683,eVgo Network,0,3,1,4, ,"CHAdeMO, J1772, CCS",https://www.evgo.com/, , ,GPS
-13594279.4427,6052355.6135,1855,1527,Redmond Town Center,228587,ELEC, ,24 hours daily,E,Public, , , ,2023/08/06 00:00:00+00,2023/08/06 00:00:00+00,2018/03/07 00:00:00+00,, ,7525 166th Ave NE,Redmond,98052,WA,US,47.67137,-122.11949, , ,877-455-3833, ,697,eVgo Network,0,1,2,3, ,"CHAdeMO, J1772, CCS",https://www.evgo.com/, , ,GPS
-13623019.6862,6047148.1403,1856,1528,Interbay Business Center,228647,ELEC, ,24 hours daily,T,Public, , , ,2023/08/06 00:00:00+00,2023/08/06 00:00:00+00,2022/03/07 00:00:00+00,2023/04/06 00:00:00+00, ,1600 West Armory Way,Seattle,98119,WA,US,47.63986,-122.377668, , ,877-455-3833, ,41921,eVgo Network,0,0,6,6, ,"CHAdeMO, CCS",https://www.evgo.com/, , ,GPS
-13614312.2757,6015879.82570001,1857,1529,SeaTac Cell Phone Parking Lot,228648,ELEC, ,24 hours daily,E,Public, , , ,2023/08/06 00:00:00+00,2023/08/06 00:00:00+00,2019/09/05 00:00:00+00,, ,2623 S 170th St,Seattle,98188,WA,US,47.450258,-122.299448, , ,877-455-3833, ,3015,eVgo Network,0,0,2,2, ,"CHAdeMO, CCS",https://www.evgo.com/, , ,GPS
-13601500.7381,6043648.78480001,1858,1530,Whole Foods Bellevue (BLV),228699,ELEC, ,24 hours daily,E,Public, , , ,2023/08/06 00:00:00+00,2023/08/06 00:00:00+00,2021/05/28 00:00:00+00,, ,888 116th Ave NE,Bellevue,98004,WA,US,47.618675,-122.18436, , ,877-455-3833, ,28073,eVgo Network,0,0,6,6, ,"CHAdeMO, CCS",https://www.evgo.com/, , ,GPS
-13631666.0937,5983110.8094,1859,1531,Safeway Tacoma,228740,ELEC, ,24 hours daily,E,Public, , , ,2023/08/06 00:00:00+00,2023/08/06 00:00:00+00,2022/04/01 00:00:00+00,, ,1112 S M St,Tacoma,98405,WA,US,47.25082,-122.45534, , ,877-455-3833, ,42725,eVgo Network,0,0,6,6, ,"CHAdeMO, CCS",https://www.evgo.com/, , ,GPS
-13616155.9491,6058629.90900001,1860,1532,Northgate QFC,228741,ELEC, ,24 hours daily,E,Public, , , ,2023/08/06 00:00:00+00,2023/08/06 00:00:00+00,2022/06/02 00:00:00+00,, ,11100 Roosevelt Way NE,Seattle,98125,WA,US,47.70931,-122.31601, , ,877-455-3833, ,44778,eVgo Network,0,0,2,2, ,"CHAdeMO, CCS",https://www.evgo.com/, , ,GPS
-13621398.2065,6057323.2422,1861,1533,Carkeek Plaza,228754,ELEC, ,24 hours daily,E,Public, , , ,2023/08/06 00:00:00+00,2023/08/06 00:00:00+00,2022/07/01 00:00:00+00,, ,9999 Holman Rd NW,Seattle,98117,WA,US,47.701411,-122.363102, , ,877-455-3833, ,44808,eVgo Network,0,0,4,4, ,"CHAdeMO, CCS",https://www.evgo.com/, , ,GPS
-13628793.6056,5980500.0432,1862,1534,LeMay-America's Car Museum,228817,ELEC, ,24 hours daily,E,Public, , , ,2023/08/06 00:00:00+00,2023/08/06 00:00:00+00,2018/08/08 00:00:00+00,, ,2702 E D St,Tacoma,98421,WA,US,47.234898,-122.429536, , ,877-455-3833, ,2037,eVgo Network,0,2,2,4, ,"CHAdeMO, J1772, CCS",https://www.evgo.com/, , ,GPS
-13588244.8131,6031657.8359,1863,1535,HILTON GARDEN STATION 1,228942,ELEC, ,24 hours daily,E,Public, , , ,2023/08/07 00:00:00+00,2023/08/07 00:00:00+00,2022/09/23 00:00:00+00,, ,1800 NW Gilman Blvd,Issaquah,98027,WA,US,47.546017,-122.06528, , ,888-758-4389, ,USCPIL12984451,ChargePoint Network,0,2,0,2, ,J1772,http://www.chargepoint.com/, , ,GPS
-13616086.3744,6028583.4811,1864,1536,South Park,228968,ELEC,PARKING_LOT,24 hours daily,P,Public, ,False,"Android Pay, Apple Pay, Credit",2022/11/10 00:00:00+00,2023/02/14 00:00:00+00,2023/02/01 00:00:00+00,2023/02/01 00:00:00+00, ,8461 Dallas Ave S,Seattle,98108,WA,US,47.527372,-122.315385, , ,855-900-7584,P, ,SHELL_RECHARGE,0,0,1,1, ,"CHAdeMO, CCS",https://shellrecharge.com/en-us/solutions,"$0.34 per kWh 7am-7pm M-Sat; $0.21 per kWh at all other times", ,GPS
-13604243.6504,6059290.01730001,1865,1537,King County Housing Authority - Juanita Court,229227,ELEC, , ,E,Public, , , ,2023/06/21 00:00:00+00,2023/06/21 00:00:00+00,2022/09/24 00:00:00+00,, ,9926 NE 126th St,Kirkland,98034,WA,US,47.7133,-122.209, , ,888-998-2546, ,465ba1dd-d734-8158-93cc-330000499473,Blink Network,0,1,0,1, ,J1772,http://www.blinkcharging.com/,Free, ,GPS
-13647780.9258,5723382.6774,1866,1538,"Walgreens - Vancouver, WA #10141",229253,ELEC, , ,E,Public, , , ,2023/06/21 00:00:00+00,2023/06/21 00:00:00+00,2021/06/14 00:00:00+00,, ,2903 NE Andersen Rd,Vancouver,98661,WA,US,45.643374,-122.600102, , ,800-663-5633, ,303,SemaCharge Network,0,1,0,1, ,J1772,https://semaconnect.com/,FREE, ,GPS
-13603209.4922999,6043833.09120001,1867,1539,AMZ SEA106-4,229270,ELEC, ,24 hours daily,E,Public, , , ,2023/08/07 00:00:00+00,2023/08/07 00:00:00+00,2022/09/27 00:00:00+00,, ,10550 NE 10th St,Bellevue,98004,WA,US,47.619791,-122.19971, , ,888-758-4389, ,USCPIL11157631,ChargePoint Network,0,2,0,2, ,J1772,http://www.chargepoint.com/, , ,GPS
-13603214.8356,6043831.93509999,1868,1540,AMZ SEA106-3,229271,ELEC, ,24 hours daily,E,Public, , , ,2023/08/07 00:00:00+00,2023/08/07 00:00:00+00,2022/09/27 00:00:00+00,, ,10550 NE 10th St,Bellevue,98004,WA,US,47.619784,-122.199758, , ,888-758-4389, ,USCPIL11158431,ChargePoint Network,0,2,0,2, ,J1772,http://www.chargepoint.com/, , ,GPS
-13668032.5895,6124862.2839,1869,1541,Safeway 442 W Sims Way,229361,ELEC, ,"Mon 5:00am - 10:59pm; Tue 5:00am - 10:59pm; Wed 5:00am - 10:59pm; Thu 5:00am - 10:59pm; Fri 5:00am - 10:59pm; Sat 5:00am - 10:59pm; Sun 5:00am - 10:59pm",E,Public, ,False, ,2023/08/07 00:00:00+00,2023/08/07 00:00:00+00,2022/03/10 00:00:00+00,, ,442 W Sims Way,Port Townsend,98368,WA,US,48.108127484,-122.78202579, , ,888-264-2208, ,9fdcebf9-0dcb-4345-8dac-66e0a3001408,Volta,0,2,0,2, ,J1772,https://voltacharging.com/, , ,GPS
-13616367.7901,6040787.75079999,1870,1542,Modera First Hill,229396,ELEC, , ,T,Public, , , ,2023/06/20 00:00:00+00,2023/06/20 00:00:00+00,2019/06/05 00:00:00+00,2022/09/28 00:00:00+00, ,125 S Boren Avenue,Seattle,98144,WA,US,47.601348,-122.317913, , ,800-663-5633, ,4552,SemaCharge Network,0,6,0,6, ,J1772,https://semaconnect.com/,FREE, ,GPS
-13622819.2444,6050760.7616,1871,1543,Ballard Blocks,229519,ELEC, ,24 hours daily,T,Public, , , ,2023/08/06 00:00:00+00,2023/08/06 00:00:00+00,2021/04/30 00:00:00+00,2023/06/01 00:00:00+00, ,1451 NW 46th St,Seattle,98107,WA,US,47.6617217,-122.3758674, , ,877-455-3833, ,27126,eVgo Network,0,0,2,2, ,"CHAdeMO, CCS",https://www.evgo.com/, , ,GPS
-13601131.1574,5983030.45130001,1872,1544,"ARE-Seattle No. 12, LLC",230209,ELEC,PARKING_GARAGE,Contact station for hours of availability,E,Public,CREDIT_CARD_ALWAYS,False,"American Express, Android Pay, Apple Pay, Credit, Discover, MasterCard",2022/11/10 00:00:00+00,2023/02/14 00:00:00+00,2022/09/15 00:00:00+00,, ,1165 Elake Ave E,Seattle,98109,WA,US,47.25033,-122.18104, , ,833-692-6787,P, ,AMPUP,0,2,0,2, ,J1772,https://ampup.io/, , ,200-8
-13634972.6166,5979394.9426,1873,1545,Tacoma Power Lot D EV Charging,230420,ELEC,UTILITY,Contact station for hours of availability.,E,Public,CREDIT_CARD_ALWAYS,False,"American Express, Account Balance, Android Pay, Apple Pay, Credit, Discover, MasterCard",2022/10/11 00:00:00+00,2023/07/17 00:00:00+00,2022/09/15 00:00:00+00,, ,3628 S 35th St,Tacoma,98409,WA,US,47.228157,-122.485043, , ,833-692-6787,T, ,AMPUP,0,20,0,20, ,J1772,https://ampup.io/,$0.21 per kWh, ,200-8
-13825667.3476,5973804.11599999,1874,1546,Seabrook EV Chargers,230430,ELEC,MULTI_UNIT_DWELLING,Contact station for hours of availability,E,Public,CREDIT_CARD_ALWAYS,False,"American Express, Android Pay, Apple Pay, Credit, Discover, MasterCard",2022/11/10 00:00:00+00,2023/02/14 00:00:00+00,2022/09/15 00:00:00+00,, ,351 Parkview Ln,Pacific Beach,98571,WA,US,47.1940403897714,-124.198082915, , ,833-692-6787,P, ,AMPUP,0,8,0,8, ,J1772,https://ampup.io/, , ,GPS
-13069694.6913,6058691.61620001,1875,1547,Holy Family Hospital Employee,230827,ELEC, , ,E,Public, , , ,2023/08/07 00:00:00+00,2023/08/07 00:00:00+00,2022/09/30 00:00:00+00,, ,5633 N Lidgerwood St,Spokane,99208,WA,US,47.709683,-117.407065, , ,866-816-7584, ,4f76cf9e-a99e-4945-a946-c413c23af06d,EV Connect,0,2,0,2, ,J1772,http://evconnect.com/, , ,GPS
-13077468.9105999,6097497.1163,1876,1548,Deer Park Chevron,230848,ELEC, , ,E,Public, , , ,2023/08/07 00:00:00+00,2023/08/07 00:00:00+00,2022/09/30 00:00:00+00,, ,1101 S Main,Deer Park,99006,WA,US,47.943721,-117.476902, , ,866-816-7584, ,95de9a51-9089-486c-9498-5e2932cb2819,EV Connect,0,2,0,2, ,J1772,http://evconnect.com/, , ,GPS
-13613834.9377,6014915.2192,1877,1549,Hilton Seattle Airport,230986,ELEC, , ,E,Public, , , ,2023/08/07 00:00:00+00,2023/08/07 00:00:00+00,2022/09/30 00:00:00+00,, ,17620 International Blvd,Seattle,98188,WA,US,47.444398,-122.29516, , ,866-816-7584, ,bd68241d-8622-428c-bccc-6f8b36f144b1,EV Connect,0,2,0,2, ,J1772,http://evconnect.com/, , ,GPS
-13125164.971,6197118.5041,1878,1550,Rumley Insurance,231021,ELEC, , ,E,Public, , , ,2023/08/07 00:00:00+00,2023/08/07 00:00:00+00,2022/09/30 00:00:00+00,, ,519 S. Main St.,Colville,99114,WA,US,48.539715,-117.905363, , ,866-816-7584, ,484abf73-32ab-4e3e-9965-53dbd25e3d93,EV Connect,0,1,0,1, ,J1772,http://evconnect.com/, , ,GPS
-13065352.0067,6049993.10360001,1879,1551,The Hive,231048,ELEC, , ,E,Public, , , ,2023/08/07 00:00:00+00,2023/08/07 00:00:00+00,2022/09/30 00:00:00+00,, ,2904 E. Sprague,Spokane,99202,WA,US,47.657077,-117.368054, , ,866-816-7584, ,02cb97d1-b280-4579-845e-e58316f7c814,EV Connect,0,0,1,1, ,"CHAdeMO, CCS",http://evconnect.com/, , ,GPS
-13066103.8585,6056040.0927,1880,1552,North East Community Center,231054,ELEC, , ,E,Public, , , ,2023/08/07 00:00:00+00,2023/08/07 00:00:00+00,2022/09/30 00:00:00+00,, ,4001 N. Cook St,Spokane,99207,WA,US,47.693653,-117.374808, , ,866-816-7584, ,70bf6b14-9a00-485a-b18d-41b50bf8e9c1,EV Connect,0,0,2,2, ,CCS,http://evconnect.com/, , ,GPS
-13629323.9315999,5976118.66439999,1881,1553,S 54th and Pacific Ave,231826,ELEC, ,24 hours daily,E,Public, , , ,2023/08/07 00:00:00+00,2023/08/07 00:00:00+00,2022/10/05 00:00:00+00,, ,S 54th and Pacific Ave,Tacoma,98408,WA,US,47.208167,-122.4343, , ,888-356-8911, ,Post: AUI-10419,FLO,0,1,0,1, ,J1772,https://flo.ca/, , ,GPS
-13603389.9412,6042517.7647,1882,1554,ONE88 SPACE 303 & 304,232947,ELEC, ,24 hours daily,E,Public, , , ,2023/08/07 00:00:00+00,2023/08/07 00:00:00+00,2022/10/06 00:00:00+00,, ,188 Bellevue Way NE,Bellevue,98004,WA,US,47.611826,-122.201331, , ,888-758-4389, ,USCPIL5455021,ChargePoint Network,0,2,0,2, ,J1772,http://www.chargepoint.com/, , ,GPS
-13603335.172,6102353.6963,1883,1555,HOPEWORKS HOPEWORKS 2,233241,ELEC, ,24 hours daily,E,Public, , , ,2023/08/07 00:00:00+00,2023/08/07 00:00:00+00,2022/10/11 00:00:00+00,, ,3331 Broadway,Everett,98201,WA,US,47.972937,-122.200839, , ,888-758-4389, ,USCPIL12928491,ChargePoint Network,0,2,0,2, ,J1772,http://www.chargepoint.com/, , ,GPS
-13689761.2869,5890009.1342,1884,1556,Chehalis Commerce District,233514,ELEC, ,24 hours daily,E,Public, , , ,2023/08/06 00:00:00+00,2023/08/06 00:00:00+00,2022/10/14 00:00:00+00,, ,1701 NW Louisiana Ave,Chehalis,98532,WA,US,46.680072,-122.977218, , ,877-455-3833, ,2261,eVgo Network,0,0,6,6, ,"CHAdeMO, CCS",https://www.evgo.com/, , ,GPS
-13614019.1714,5958726.39729999,1885,1557,"Kohl's Puyallup, WA",234438,ELEC, ,"Mon 7:00am - 9:00pm; Tue 7:00am - 9:00pm; Wed 7:00am - 9:00pm; Thu 7:00am - 9:00pm; Fri 7:00am - 9:00pm; Sat 7:00am - 9:00pm; Sun 7:00am - 9:00pm",E,Public, ,False, ,2023/08/07 00:00:00+00,2023/08/07 00:00:00+00,2022/09/30 00:00:00+00,, ,16918 Meridian Avenue East,Puyallup,98375,WA,US,47.101923,-122.296815, , ,888-264-2208, ,99ba0df9-0184-4e97-a771-bd019d3fba84,Volta,0,2,0,2, ,J1772,https://voltacharging.com/, , ,GPS
-13602375.7093,6043554.4861,1886,1558,ALLEY 111 CP1,234983,ELEC, ,24 hours daily,E,Public, , , ,2023/08/07 00:00:00+00,2023/08/07 00:00:00+00,2022/10/22 00:00:00+00,, ,11011 NE 9th St,Bellevue,98004,WA,US,47.618104,-122.19222, , ,888-758-4389, ,USCPIL13046601,ChargePoint Network,0,1,0,1, ,J1772,http://www.chargepoint.com/, , ,GPS
-13602375.8206,6043547.0546,1887,1559,ALLEY 111 CP2,234984,ELEC, ,24 hours daily,E,Public, , , ,2023/08/07 00:00:00+00,2023/08/07 00:00:00+00,2022/10/22 00:00:00+00,, ,11011 NE 9th St,Bellevue,98004,WA,US,47.618059,-122.192221, , ,888-758-4389, ,USCPIL13046621,ChargePoint Network,0,1,0,1, ,J1772,http://www.chargepoint.com/, , ,GPS
-13602376.1546,6043539.29280001,1888,1560,ALLEY 111 CP3,234985,ELEC, ,24 hours daily,E,Public, , , ,2023/08/07 00:00:00+00,2023/08/07 00:00:00+00,2022/10/22 00:00:00+00,, ,11011 NE 9th St,Bellevue,98004,WA,US,47.618012,-122.192224, , ,888-758-4389, ,USCPIL13046641,ChargePoint Network,0,1,0,1, ,J1772,http://www.chargepoint.com/, , ,GPS
-13602376.0433,6043530.2098,1889,1561,ALLEY 111 CP4,234986,ELEC, ,24 hours daily,E,Public, , , ,2023/08/07 00:00:00+00,2023/08/07 00:00:00+00,2022/10/22 00:00:00+00,, ,11011 NE 9th St,Bellevue,98004,WA,US,47.617957,-122.192223, , ,888-758-4389, ,USCPIL13046651,ChargePoint Network,0,1,0,1, ,J1772,http://www.chargepoint.com/, , ,GPS
-13602376.0433,6043521.4571,1890,1562,ALLEY 111 CP5,234987,ELEC, ,24 hours daily,E,Public, , , ,2023/08/07 00:00:00+00,2023/08/07 00:00:00+00,2022/10/22 00:00:00+00,, ,11011 NE 9th St,Bellevue,98004,WA,US,47.617904,-122.192223, , ,888-758-4389, ,USCPIL13046661,ChargePoint Network,0,1,0,1, ,J1772,http://www.chargepoint.com/, , ,GPS
-13602375.8206,6043514.521,1891,1563,ALLEY 111 CP6,234988,ELEC, ,24 hours daily,E,Public, , , ,2023/08/07 00:00:00+00,2023/08/07 00:00:00+00,2022/10/22 00:00:00+00,, ,11011 NE 9th St,Bellevue,98004,WA,US,47.617862,-122.192221, , ,888-758-4389, ,USCPIL13046671,ChargePoint Network,0,1,0,1, ,J1772,http://www.chargepoint.com/, , ,GPS
-13602376.0433,6043507.7501,1892,1564,ALLEY 111 CP7,234989,ELEC, ,24 hours daily,E,Public, , , ,2023/08/07 00:00:00+00,2023/08/07 00:00:00+00,2022/10/22 00:00:00+00,, ,11011 NE 9th St,Bellevue,98004,WA,US,47.617821,-122.192223, , ,888-758-4389, ,USCPIL13046691,ChargePoint Network,0,1,0,1, ,J1772,http://www.chargepoint.com/, , ,GPS
-13602376.1546,6043499.4929,1893,1565,ALLEY 111 CP8,234990,ELEC, ,24 hours daily,E,Public, , , ,2023/08/07 00:00:00+00,2023/08/07 00:00:00+00,2022/10/22 00:00:00+00,, ,11011 NE 9th St,Bellevue,98004,WA,US,47.617771,-122.192224, , ,888-758-4389, ,USCPIL13046711,ChargePoint Network,0,1,0,1, ,J1772,http://www.chargepoint.com/, , ,GPS
-13618807.3567,6043219.5775,1894,1566,AMZ SEA41-7,235318,ELEC, ,24 hours daily,E,Public, , , ,2023/08/07 00:00:00+00,2023/08/07 00:00:00+00,2022/10/28 00:00:00+00,, ,2121 7th Ave,Seattle,98121,WA,US,47.616076,-122.339828, , ,888-758-4389, ,USCPIL13104611,ChargePoint Network,0,2,0,2, ,J1772,http://www.chargepoint.com/, , ,GPS
-13618808.2473,6043218.42149999,1895,1567,AMZ SEA41-10,235319,ELEC, ,24 hours daily,E,Public, , , ,2023/08/07 00:00:00+00,2023/08/07 00:00:00+00,2022/10/28 00:00:00+00,, ,2121 7th Ave,Seattle,98121,WA,US,47.616069,-122.339836, , ,888-758-4389, ,USCPIL13105901,ChargePoint Network,0,2,0,2, ,J1772,http://www.chargepoint.com/, , ,GPS
-13618808.2473,6043220.4032,1896,1568,AMZ SEA41-9,235320,ELEC, ,24 hours daily,E,Public, , , ,2023/08/07 00:00:00+00,2023/08/07 00:00:00+00,2022/10/28 00:00:00+00,, ,2121 7th Ave,Seattle,98121,WA,US,47.616081,-122.339836, , ,888-758-4389, ,USCPIL13105981,ChargePoint Network,0,2,0,2, ,J1772,http://www.chargepoint.com/, , ,GPS
-13618803.9058,6043217.26549999,1897,1569,AMZ SEA41-21,235321,ELEC, ,24 hours daily,E,Public, , , ,2023/08/07 00:00:00+00,2023/08/07 00:00:00+00,2022/10/28 00:00:00+00,, ,2121 7th Ave,Seattle,98121,WA,US,47.616062,-122.339797, , ,888-758-4389, ,USCPIL13106131,ChargePoint Network,0,2,0,2, ,J1772,http://www.chargepoint.com/, , ,GPS
-13618802.6813,6043218.42149999,1898,1570,AMZ SEA41-22,235322,ELEC, ,24 hours daily,E,Public, , , ,2023/08/07 00:00:00+00,2023/08/07 00:00:00+00,2022/10/28 00:00:00+00,, ,2121 7th Ave,Seattle,98121,WA,US,47.616069,-122.339786, , ,888-758-4389, ,USCPIL13106221,ChargePoint Network,0,2,0,2, ,J1772,http://www.chargepoint.com/, , ,GPS
-13618806.2435,6043218.42149999,1899,1571,AMZ SEA41-23,235323,ELEC, ,24 hours daily,E,Public, , , ,2023/08/07 00:00:00+00,2023/08/07 00:00:00+00,2022/10/28 00:00:00+00,, ,2121 7th Ave,Seattle,98121,WA,US,47.616069,-122.339818, , ,888-758-4389, ,USCPIL13106481,ChargePoint Network,0,2,0,2, ,J1772,http://www.chargepoint.com/, , ,GPS
-13618806.2435,6043211.32050001,1900,1572,AMZ SEA41-17,235324,ELEC, ,24 hours daily,E,Public, , , ,2023/08/07 00:00:00+00,2023/08/07 00:00:00+00,2022/10/28 00:00:00+00,, ,2121 7th Ave,Seattle,98121,WA,US,47.616026,-122.339818, , ,888-758-4389, ,USCPIL13106541,ChargePoint Network,0,2,0,2, ,J1772,http://www.chargepoint.com/, , ,GPS
-13618813.3679,6043218.42149999,1901,1573,AMZ SEA41-16,235325,ELEC, ,24 hours daily,E,Public, , , ,2023/08/07 00:00:00+00,2023/08/07 00:00:00+00,2022/10/28 00:00:00+00,, ,2121 7th Ave,Seattle,98121,WA,US,47.616069,-122.339882, , ,888-758-4389, ,USCPIL13106591,ChargePoint Network,0,2,0,2, ,J1772,http://www.chargepoint.com/, , ,GPS
-13618809.2491,6043217.26549999,1902,1574,AMZ SEA41-24,235326,ELEC, ,24 hours daily,E,Public, , , ,2023/08/07 00:00:00+00,2023/08/07 00:00:00+00,2022/10/28 00:00:00+00,, ,2121 7th Ave,Seattle,98121,WA,US,47.616062,-122.339845, , ,888-758-4389, ,USCPIL13106661,ChargePoint Network,0,2,0,2, ,J1772,http://www.chargepoint.com/, , ,GPS
-13618807.468,6043216.10959999,1903,1575,AMZ SEA41-19,235327,ELEC, ,24 hours daily,E,Public, , , ,2023/08/07 00:00:00+00,2023/08/07 00:00:00+00,2022/10/28 00:00:00+00,, ,2121 7th Ave,Seattle,98121,WA,US,47.616055,-122.339829, , ,888-758-4389, ,USCPIL13106781,ChargePoint Network,0,2,0,2, ,J1772,http://www.chargepoint.com/, , ,GPS
-13618809.8057,6043216.10959999,1904,1576,AMZ SEA41-20,235328,ELEC, ,24 hours daily,E,Public, , , ,2023/08/07 00:00:00+00,2023/08/07 00:00:00+00,2022/10/28 00:00:00+00,, ,2121 7th Ave,Seattle,98121,WA,US,47.616055,-122.33985, , ,888-758-4389, ,USCPIL13106821,ChargePoint Network,0,2,0,2, ,J1772,http://www.chargepoint.com/, , ,GPS
-13618810.251,6043218.7518,1905,1577,AMZ SEA41-12,235329,ELEC, ,24 hours daily,E,Public, , , ,2023/08/07 00:00:00+00,2023/08/07 00:00:00+00,2022/10/28 00:00:00+00,, ,2121 7th Ave,Seattle,98121,WA,US,47.616071,-122.339854, , ,888-758-4389, ,USCPIL13107081,ChargePoint Network,0,2,0,2, ,J1772,http://www.chargepoint.com/, , ,GPS
-13618809.8057,6043220.7335,1906,1578,AMZ SEA41-11,235330,ELEC, ,24 hours daily,E,Public, , , ,2023/08/07 00:00:00+00,2023/08/07 00:00:00+00,2022/10/28 00:00:00+00,, ,2121 7th Ave,Seattle,98121,WA,US,47.616083,-122.33985, , ,888-758-4389, ,USCPIL13107181,ChargePoint Network,0,2,0,2, ,J1772,http://www.chargepoint.com/, , ,GPS
-13618806.5775,6043220.56830001,1907,1579,AMZ SEA41-14,235331,ELEC, ,24 hours daily,E,Public, , , ,2023/08/07 00:00:00+00,2023/08/07 00:00:00+00,2022/10/28 00:00:00+00,, ,2121 7th Ave,Seattle,98121,WA,US,47.616082,-122.339821, , ,888-758-4389, ,USCPIL13107251,ChargePoint Network,0,2,0,2, ,J1772,http://www.chargepoint.com/, , ,GPS
-13618799.1191,6043219.5775,1908,1580,AMZ SEA41-15,235332,ELEC, ,24 hours daily,E,Public, , , ,2023/08/07 00:00:00+00,2023/08/07 00:00:00+00,2022/10/28 00:00:00+00,, ,2121 7th Ave,Seattle,98121,WA,US,47.616076,-122.339754, , ,888-758-4389, ,USCPIL13107321,ChargePoint Network,0,2,0,2, ,J1772,http://www.chargepoint.com/, , ,GPS
-13618698.8202001,6043249.798,1909,1581,AMZ SEA42-17,235333,ELEC, ,24 hours daily,E,Public, , , ,2023/08/07 00:00:00+00,2023/08/07 00:00:00+00,2022/10/28 00:00:00+00,, ,2100 7th Ave,Seattle,98119,WA,US,47.616259,-122.338853, , ,888-758-4389, ,USCPIL13109351,ChargePoint Network,0,2,0,2, ,J1772,http://www.chargepoint.com/, , ,GPS
-13618699.9334,6043250.7888,1910,1582,AMZ SEA42-15,235334,ELEC, ,24 hours daily,E,Public, , , ,2023/08/07 00:00:00+00,2023/08/07 00:00:00+00,2022/10/28 00:00:00+00,, ,2100 7th Ave,Seattle,98119,WA,US,47.616265,-122.338863, , ,888-758-4389, ,USCPIL13109381,ChargePoint Network,0,2,0,2, ,J1772,http://www.chargepoint.com/, , ,GPS
-13618700.9353,6043252.7705,1911,1583,AMZ SEA42-16,235335,ELEC, ,24 hours daily,E,Public, , , ,2023/08/07 00:00:00+00,2023/08/07 00:00:00+00,2022/10/28 00:00:00+00,, ,2100 7th Ave,Seattle,98119,WA,US,47.616277,-122.338872, , ,888-758-4389, ,USCPIL13109421,ChargePoint Network,0,2,0,2, ,J1772,http://www.chargepoint.com/, , ,GPS
-13618698.2636,6043252.6054,1912,1584,AMZ SEA42-13,235337,ELEC, ,24 hours daily,E,Public, , , ,2023/08/07 00:00:00+00,2023/08/07 00:00:00+00,2022/10/28 00:00:00+00,, ,2100 7th Ave,Seattle,98119,WA,US,47.616276,-122.338848, , ,888-758-4389, ,USCPIL13109541,ChargePoint Network,0,2,0,2, ,J1772,http://www.chargepoint.com/, , ,GPS
-13618700.49,6043251.7797,1913,1585,AMZ SEA42-12,235338,ELEC, ,24 hours daily,E,Public, , , ,2023/08/07 00:00:00+00,2023/08/07 00:00:00+00,2022/10/28 00:00:00+00,, ,2100 7th Ave,Seattle,98119,WA,US,47.616271,-122.338868, , ,888-758-4389, ,USCPIL13109551,ChargePoint Network,0,2,0,2, ,J1772,http://www.chargepoint.com/, , ,GPS
-13618699.7107,6043253.26589999,1914,1586,AMZ SEA42-14,235339,ELEC, ,24 hours daily,E,Public, , , ,2023/08/07 00:00:00+00,2023/08/07 00:00:00+00,2022/10/28 00:00:00+00,, ,2100 7th Ave,Seattle,98119,WA,US,47.61628,-122.338861, , ,888-758-4389, ,USCPIL13109601,ChargePoint Network,0,2,0,2, ,J1772,http://www.chargepoint.com/, , ,GPS
-13618809.1378,6043219.5775,1915,1587,AMZ SEA41-8,235340,ELEC, ,24 hours daily,E,Public, , , ,2023/08/07 00:00:00+00,2023/08/07 00:00:00+00,2022/10/28 00:00:00+00,, ,2121 7th Ave,Seattle,98121,WA,US,47.616076,-122.339844, , ,888-758-4389, ,USCPIL13110251,ChargePoint Network,0,2,0,2, ,J1772,http://www.chargepoint.com/, , ,GPS
-13618806.9114,6043218.58669999,1916,1588,AMZ SEA41-13,235342,ELEC, ,24 hours daily,E,Public, , , ,2023/08/07 00:00:00+00,2023/08/07 00:00:00+00,2022/10/28 00:00:00+00,, ,2121 7th Ave,Seattle,98121,WA,US,47.61607,-122.339824, , ,888-758-4389, ,USCPIL13115401,ChargePoint Network,0,2,0,2, ,J1772,http://www.chargepoint.com/, , ,GPS
-13618628.9116,6043092.58640001,1917,1589,AMZ SEA40-7,235345,ELEC, ,24 hours daily,E,Public, , , ,2023/08/07 00:00:00+00,2023/08/07 00:00:00+00,2022/10/28 00:00:00+00,, ,2021 7th Ave,Seattle,98121,WA,US,47.615307,-122.338225, , ,888-758-4389, ,USCPIL13122441,ChargePoint Network,0,2,0,2, ,J1772,http://www.chargepoint.com/, , ,GPS
-13618629.9134,6043093.7424,1918,1590,AMZ SEA40-9,235346,ELEC, ,24 hours daily,E,Public, , , ,2023/08/07 00:00:00+00,2023/08/07 00:00:00+00,2022/10/28 00:00:00+00,, ,2021 7th Ave,Seattle,98121,WA,US,47.615314,-122.338234, , ,888-758-4389, ,USCPIL13122531,ChargePoint Network,0,2,0,2, ,J1772,http://www.chargepoint.com/, , ,GPS
-13618631.2493,6043094.7332,1919,1591,AMZ SEA40-13,235347,ELEC, ,24 hours daily,E,Public, , , ,2023/08/07 00:00:00+00,2023/08/07 00:00:00+00,2022/10/28 00:00:00+00,, ,2021 7th Ave,Seattle,98121,WA,US,47.61532,-122.338246, , ,888-758-4389, ,USCPIL13122711,ChargePoint Network,0,2,0,2, ,J1772,http://www.chargepoint.com/, , ,GPS
-13618627.7984,6043092.25619999,1920,1592,AMZ SEA40-11,235348,ELEC, ,24 hours daily,E,Public, , , ,2023/08/07 00:00:00+00,2023/08/07 00:00:00+00,2022/10/28 00:00:00+00,, ,2021 7th Ave,Seattle,98121,WA,US,47.615305,-122.338215, , ,888-758-4389, ,USCPIL13123011,ChargePoint Network,0,2,0,2, ,J1772,http://www.chargepoint.com/, , ,GPS
-13618630.804,6043091.9259,1921,1593,AMZ SEA40-10,235349,ELEC, ,24 hours daily,E,Public, , , ,2023/08/07 00:00:00+00,2023/08/07 00:00:00+00,2022/10/28 00:00:00+00,, ,2021 7th Ave,Seattle,98121,WA,US,47.615303,-122.338242, , ,888-758-4389, ,USCPIL13123021,ChargePoint Network,0,2,0,2, ,J1772,http://www.chargepoint.com/, , ,GPS
-13618631.1379,6043093.247,1922,1594,AMZ SEA40-8,235350,ELEC, ,24 hours daily,E,Public, , , ,2023/08/07 00:00:00+00,2023/08/07 00:00:00+00,2022/10/28 00:00:00+00,, ,2021 7th Ave,Seattle,98121,WA,US,47.615311,-122.338245, , ,888-758-4389, ,USCPIL13124541,ChargePoint Network,0,2,0,2, ,J1772,http://www.chargepoint.com/, , ,GPS
-13618628.4663,6043090.93509999,1923,1595,AMZ SEA40-12,235351,ELEC, ,24 hours daily,E,Public, , , ,2023/08/07 00:00:00+00,2023/08/07 00:00:00+00,2022/10/28 00:00:00+00,, ,2021 7th Ave,Seattle,98121,WA,US,47.615297,-122.338221, , ,888-758-4389, ,USCPIL13124561,ChargePoint Network,0,2,0,2, ,J1772,http://www.chargepoint.com/, , ,GPS
-13618914.0008,6043316.3496,1924,1596,AMZ SEA44-5,235352,ELEC, ,24 hours daily,E,Public, , , ,2023/08/07 00:00:00+00,2023/08/07 00:00:00+00,2022/10/28 00:00:00+00,, ,2205 7th Ave,Seattle,98121,WA,US,47.616662,-122.340786, , ,888-758-4389, ,USCPIL13124821,ChargePoint Network,0,2,0,2, ,J1772,http://www.chargepoint.com/, , ,GPS
-13618914.8913,6043314.8633,1925,1597,AMZ SEA44-7,235353,ELEC, ,24 hours daily,E,Public, , , ,2023/08/07 00:00:00+00,2023/08/07 00:00:00+00,2022/10/28 00:00:00+00,, ,2205 7th Ave,Seattle,98121,WA,US,47.616653,-122.340794, , ,888-758-4389, ,USCPIL13124851,ChargePoint Network,0,2,0,2, ,J1772,http://www.chargepoint.com/, , ,GPS
-13618916.0045,6043316.51470001,1926,1598,AMZ SEA44-6,235354,ELEC, ,24 hours daily,E,Public, , , ,2023/08/07 00:00:00+00,2023/08/07 00:00:00+00,2022/10/28 00:00:00+00,, ,2205 7th Ave,Seattle,98121,WA,US,47.616663,-122.340804, , ,888-758-4389, ,USCPIL13124861,ChargePoint Network,0,2,0,2, ,J1772,http://www.chargepoint.com/, , ,GPS
-13618914.8913,6043316.51470001,1927,1599,AMZ SEA44-9,235356,ELEC, ,24 hours daily,E,Public, , , ,2023/08/07 00:00:00+00,2023/08/07 00:00:00+00,2022/10/28 00:00:00+00,, ,2205 7th Ave,Seattle,98121,WA,US,47.616663,-122.340794, , ,888-758-4389, ,USCPIL13124891,ChargePoint Network,0,2,0,2, ,J1772,http://www.chargepoint.com/, , ,GPS
-13619364.3994,6070043.4982,1928,1600,EDMONDSNISSAN CAMPBELL NORTH,235425,ELEC, ,24 hours daily,E,Public, , , ,2023/08/07 00:00:00+00,2023/08/07 00:00:00+00,2022/10/29 00:00:00+00,, ,"24325 Highway 99 Edmonds, WA. 98026",Edmonds,98026,WA,US,47.778256,-122.344832, , ,888-758-4389, ,USCPIL1888891,ChargePoint Network,0,0,1,1, ,"CHAdeMO, CCS",http://www.chargepoint.com/, , ,GPS
